adverse_event,report_count
OFF LABEL USE,95823
DRUG INEFFECTIVE,80340
FATIGUE,54799
DEATH,53533
PRODUCT DOSE OMISSION ISSUE,51317
NAUSEA,49579
DIARRHOEA,46716
HEADACHE,38258
PRURITUS,36395
DYSPNOEA,36170
PAIN,34125
RASH,33219
ARTHRALGIA,32225
VOMITING,31717
DIZZINESS,30247
CONDITION AGGRAVATED,29655
INJECTION SITE PAIN,28903
INCORRECT DOSE ADMINISTERED,28824
PRODUCT USE IN UNAPPROVED INDICATION,28693
INAPPROPRIATE SCHEDULE OF PRODUCT ADMINISTRATION,27460
PNEUMONIA,24695
MALAISE,24479
ASTHENIA,24015
PYREXIA,22029
COUGH,21527
FALL,21218
ILLNESS,18766
WEIGHT DECREASED,18568
CONSTIPATION,17593
DECREASED APPETITE,16994
WEIGHT INCREASED,16329
WRONG TECHNIQUE IN PRODUCT USAGE PROCESS,16102
NO ADVERSE EVENT,16084
PAIN IN EXTREMITY,16041
DERMATITIS ATOPIC,15841
ABDOMINAL PAIN,15799
PRODUCT USE ISSUE,15670
NASOPHARYNGITIS,15400
COVID-19,15352
ANXIETY,15273
DRUG DOSE OMISSION BY DEVICE,15095
INSOMNIA,14590
ABDOMINAL PAIN UPPER,14226
HYPERTENSION,13954
BACK PAIN,13868
HOSPITALISATION,13291
ASTHMA,13218
URTICARIA,13020
ERYTHEMA,12981
URINARY TRACT INFECTION,12814
TOXICITY TO VARIOUS AGENTS,12401
SOMNOLENCE,12315
ACCIDENTAL EXPOSURE TO PRODUCT,12295
PERIPHERAL SWELLING,12147
INFECTION,11820
ABDOMINAL DISCOMFORT,11805
HYPERSENSITIVITY,11797
HYPOTENSION,11753
THERAPY INTERRUPTED,11651
INFLUENZA,11456
PRODUCT STORAGE ERROR,11233
FEELING ABNORMAL,11214
ACUTE KIDNEY INJURY,11183
ALOPECIA,11075
GENERAL PHYSICAL HEALTH DETERIORATION,10837
ANAEMIA,10815
GAIT DISTURBANCE,10665
MUSCLE SPASMS,10585
DEPRESSION,10482
DRY SKIN,10403
MYALGIA,10198
SEIZURE,10117
DRUG HYPERSENSITIVITY,10055
NEUTROPENIA,10012
BLOOD PRESSURE INCREASED,9957
CHEST PAIN,9925
ECZEMA,9792
GASTROINTESTINAL DISORDER,9431
VISUAL IMPAIRMENT,9403
MATERNAL EXPOSURE DURING PREGNANCY,9393
DEVICE ISSUE,9233
JOINT SWELLING,9201
CONFUSIONAL STATE,9197
HOT FLUSH,9101
VISION BLURRED,9079
BLOOD GLUCOSE INCREASED,9032
OVERDOSE,8796
HYPOAESTHESIA,8784
ADVERSE DRUG REACTION,8657
INTENTIONAL PRODUCT USE ISSUE,8625
TREMOR,8574
DISEASE PROGRESSION,8527
MALIGNANT NEOPLASM PROGRESSION,8521
MYELOSUPPRESSION,8395
MEMORY IMPAIRMENT,8288
RHEUMATOID ARTHRITIS,8164
HAEMORRHAGE,8089
DEVICE DELIVERY SYSTEM ISSUE,8065
PARAESTHESIA,8036
INJECTION SITE ERYTHEMA,7860
EXPOSURE VIA SKIN CONTACT,7823
NEUROPATHY PERIPHERAL,7819
SINUSITIS,7745
THROMBOCYTOPENIA,7610
CEREBROVASCULAR ACCIDENT,7578
ABDOMINAL DISTENSION,7499
TREATMENT FAILURE,7487
DEHYDRATION,7484
MIGRAINE,7390
DRUG INTOLERANCE,7375
LOSS OF CONSCIOUSNESS,7356
PSORIASIS,7342
THERAPEUTIC PRODUCT EFFECT INCOMPLETE,7340
CHEST DISCOMFORT,7166
SEPSIS,7063
DEVICE MALFUNCTION,7051
DEVICE LEAKAGE,7006
DYSPEPSIA,7005
MUSCULAR WEAKNESS,6993
CROHN^S DISEASE,6947
HYPERHIDROSIS,6876
PALPITATIONS,6837
WHITE BLOOD CELL COUNT DECREASED,6821
CHILLS,6803
PRODUCT DOSE OMISSION IN ERROR,6755
OROPHARYNGEAL PAIN,6709
INFUSION RELATED REACTION,6695
INJECTION SITE BRUISING,6570
CONTUSION,6554
SWELLING,6540
COLITIS ULCERATIVE,6416
PLATELET COUNT DECREASED,6411
HEART RATE INCREASED,6378
INJECTION SITE SWELLING,6249
EXTRA DOSE ADMINISTERED,6182
EXPOSURE DURING PREGNANCY,6179
SKIN EXFOLIATION,6167
DYSPHAGIA,6136
WRONG TECHNIQUE IN DEVICE USAGE PROCESS,6134
INJECTION SITE HAEMORRHAGE,6115
DISCOMFORT,6036
WHEEZING,6011
DRUG INEFFECTIVE FOR UNAPPROVED INDICATION,5985
RENAL IMPAIRMENT,5980
THERAPEUTIC RESPONSE SHORTENED,5946
SURGERY,5945
STRESS,5842
DEVICE BREAKAGE,5837
HALLUCINATION,5777
ATRIAL FIBRILLATION,5756
GASTROOESOPHAGEAL REFLUX DISEASE,5747
SLEEP DISORDER,5740
DRY EYE,5729
ADVERSE EVENT,5690
INTENTIONAL PRODUCT MISUSE,5688
INTENTIONAL DOSE OMISSION,5647
TACHYCARDIA,5644
LOSS OF PERSONAL INDEPENDENCE IN DAILY ACTIVITIES,5635
HEPATIC ENZYME INCREASED,5625
MUSCULOSKELETAL STIFFNESS,5578
EYE IRRITATION,5551
DRY MOUTH,5536
FOETAL EXPOSURE DURING PREGNANCY,5534
INTENTIONAL OVERDOSE,5483
ARTHRITIS,5449
HAEMOGLOBIN DECREASED,5442
EYE PAIN,5438
SYNCOPE,5415
RENAL FAILURE,5332
OEDEMA PERIPHERAL,5280
RHINORRHOEA,5227
DEVICE DIFFICULT TO USE,5186
SUICIDAL IDEATION,5161
DRUG ABUSE,5142
TREATMENT NONCOMPLIANCE,5132
THERAPY NON-RESPONDER,5081
NASAL CONGESTION,5058
SYSTEMIC LUPUS ERYTHEMATOSUS,5012
CATARACT,5009
HAEMATOCHEZIA,4995
FEBRILE NEUTROPENIA,4983
CARDIAC FAILURE,4956
UNDERDOSE,4946
MOBILITY DECREASED,4932
MYOCARDIAL INFARCTION,4928
DRUG INTERACTION,4875
RASH ERYTHEMATOUS,4829
BRAIN FOG,4825
OXYGEN SATURATION DECREASED,4715
LOWER RESPIRATORY TRACT INFECTION,4702
PSORIATIC ARTHROPATHY,4697
ANAPHYLACTIC REACTION,4676
INJECTION SITE REACTION,4657
BALANCE DISORDER,4622
CARDIAC DISORDER,4565
INFLAMMATION,4547
BRONCHITIS,4524
THERAPEUTIC RESPONSE DECREASED,4515
THERAPEUTIC PRODUCT EFFECT DECREASED,4504
NEOPLASM MALIGNANT,4502
FLUSHING,4445
CARDIAC ARREST,4445
RESPIRATORY FAILURE,4429
INJECTION SITE PRURITUS,4419
BLISTER,4394
PRODUCT PRESCRIBING ISSUE,4380
EPISTAXIS,4337
THROMBOSIS,4324
OCULAR HYPERAEMIA,4297
INCORRECT DOSE ADMINISTERED BY DEVICE,4280
PRODUCTIVE COUGH,4260
PRODUCT QUALITY ISSUE,4250
PULMONARY EMBOLISM,4247
DRUG EFFECTIVE FOR UNAPPROVED INDICATION,4211
RASH PRURITIC,4199
STOMATITIS,4190
DEVICE DEFECTIVE,4142
BLOOD PRESSURE DECREASED,4070
SWELLING FACE,4057
DIABETES MELLITUS,4056
DRUG-INDUCED LIVER INJURY,4006
DYSPHONIA,3995
INFLUENZA LIKE ILLNESS,3963
FLATULENCE,3911
ILL-DEFINED DISORDER,3905
DEPRESSED MOOD,3902
OEDEMA,3896
GAIT INABILITY,3885
PRODUCT AVAILABILITY ISSUE,3827
PANCYTOPENIA,3819
LUNG DISORDER,3789
SKIN BURNING SENSATION,3754
CYTOKINE RELEASE SYNDROME,3736
NEPHROLITHIASIS,3714
BURNING SENSATION,3707
ARTHROPATHY,3696
SUICIDE ATTEMPT,3655
NECK PAIN,3627
COLITIS,3626
INTERSTITIAL LUNG DISEASE,3616
EYE PRURITUS,3604
NEEDLE ISSUE,3600
SLEEP DISORDER DUE TO A GENERAL MEDICAL CONDITION,3600
UPPER RESPIRATORY TRACT INFECTION,3558
DEVICE MECHANICAL ISSUE,3556
HERPES ZOSTER,3543
ACCIDENTAL OVERDOSE,3525
INSURANCE ISSUE,3516
FEELING HOT,3498
BONE PAIN,3469
AGITATION,3451
VERTIGO,3427
SEPTIC SHOCK,3414
PLEURAL EFFUSION,3412
BLOOD CREATININE INCREASED,3395
DRUG DEPENDENCE,3393
BLOOD CHOLESTEROL INCREASED,3391
FREQUENT BOWEL MOVEMENTS,3373
LIVER INJURY,3365
CHRONIC OBSTRUCTIVE PULMONARY DISEASE,3340
INTESTINAL OBSTRUCTION,3340
HYPOACUSIS,3339
ALANINE AMINOTRANSFERASE INCREASED,3319
MEDICATION ERROR,3319
LEUKOPENIA,3317
NEUTROPHIL COUNT DECREASED,3314
OSTEOARTHRITIS,3289
DRUG EFFECT LESS THAN EXPECTED,3280
COMPLETED SUICIDE,3233
ACCIDENTAL UNDERDOSE,3191
THROAT IRRITATION,3189
EMOTIONAL DISTRESS,3187
PRODUCT ADHESION ISSUE,3185
COGNITIVE DISORDER,3172
THERAPY CESSATION,3167
LETHARGY,3116
HYPOKALAEMIA,3109
LIVER DISORDER,3103
PRODUCT SUBSTITUTION ISSUE,3093
THERAPY PARTIAL RESPONDER,3092
HYPONATRAEMIA,3089
BLINDNESS,3084
TINNITUS,3067
DISEASE RECURRENCE,3067
AMNESIA,3053
VIRAL INFECTION,3048
MULTIPLE ORGAN DYSFUNCTION SYNDROME,3046
C-REACTIVE PROTEIN INCREASED,3005
PANCREATITIS,3002
INJURY,2962
ACNE,2935
INJECTION SITE MASS,2926
UNEVALUABLE EVENT,2925
TASTE DISORDER,2924
ROAD TRAFFIC ACCIDENT,2890
REBOUND EFFECT,2889
PRODUCT COMPLAINT,2874
IRRITABILITY,2873
SEDATION,2856
ASPARTATE AMINOTRANSFERASE INCREASED,2854
GASTROINTESTINAL HAEMORRHAGE,2851
DYSGEUSIA,2850
WOUND,2845
ANGIOEDEMA,2838
RENAL DISORDER,2815
DYSPNOEA EXERTIONAL,2808
FLUID RETENTION,2789
CELLULITIS,2783
HEPATIC FUNCTION ABNORMAL,2761
NIGHT SWEATS,2752
RASH MACULAR,2737
COMA,2734
PRODUCT DISPENSING ERROR,2729
SPEECH DISORDER,2722
MENTAL DISORDER,2718
SKIN DISCOLOURATION,2676
MULTIPLE SCLEROSIS,2674
CONTRAINDICATED PRODUCT ADMINISTERED,2655
POLLAKIURIA,2649
IMPAIRED HEALING,2646
HEPATIC CYTOLYSIS,2624
LACRIMATION INCREASED,2622
EYE SWELLING,2621
PULMONARY OEDEMA,2612
DELIRIUM,2605
RECTAL HAEMORRHAGE,2598
INJECTION SITE RASH,2590
DEVICE USE ERROR,2582
HYPOXIA,2580
EAR INFECTION,2576
RESPIRATORY TRACT INFECTION,2561
TYPE 2 DIABETES MELLITUS,2530
OSTEOPOROSIS,2509
BRADYCARDIA,2505
PRODUCT PREPARATION ERROR,2497
HYPOGLYCAEMIA,2495
PRODUCT PRESCRIBING ERROR,2494
RECALLED PRODUCT ADMINISTERED,2491
LACTIC ACIDOSIS,2478
IMPAIRED GASTRIC EMPTYING,2473
DEVICE USE ISSUE,2472
PRODUCT USE COMPLAINT,2456
DISTURBANCE IN ATTENTION,2448
CHRONIC KIDNEY DISEASE,2447
DEMENTIA,2438
ELECTROCARDIOGRAM QT PROLONGED,2433
DEEP VEIN THROMBOSIS,2429
HYPOTHYROIDISM,2397
EPILEPSY,2391
MULTIPLE SCLEROSIS RELAPSE,2384
AGGRESSION,2374
PLASMA CELL MYELOMA,2372
SKIN DISORDER,2360
BLOOD GLUCOSE DECREASED,2352
LIMB INJURY,2336
LIVER FUNCTION TEST INCREASED,2332
RHABDOMYOLYSIS,2323
ARRHYTHMIA,2318
PERICARDITIS,2309
SKIN FISSURES,2309
EYE DISORDER,2306
DRUG REACTION WITH EOSINOPHILIA AND SYSTEMIC SYMPTOMS,2305
PRODUCT DISTRIBUTION ISSUE,2294
PNEUMONITIS,2292
URINARY RETENTION,2273
HYPERKALAEMIA,2266
FUNGAL INFECTION,2253
FEEDING DISORDER,2248
DEVICE DISLOCATION,2241
IRRITABLE BOWEL SYNDROME,2228
CIRCUMSTANCE OR INFORMATION CAPABLE OF LEADING TO MEDICATION ERROR,2228
LYMPHADENOPATHY,2227
METABOLIC ACIDOSIS,2218
THERAPEUTIC RESPONSE UNEXPECTED,2216
WITHDRAWAL SYNDROME,2207
HEAD INJURY,2198
HIP FRACTURE,2193
PRODUCT ADMINISTERED AT INAPPROPRIATE SITE,2186
FIBROMYALGIA,2181
DISSOCIATION,2168
PANIC ATTACK,2127
DYSURIA,2121
INJECTION SITE URTICARIA,2116
PRODUCT ADMINISTRATION ERROR,2116
HEART RATE DECREASED,2111
DRUG RESISTANCE,2111
COMPLICATION OF DEVICE REMOVAL,2108
DYSKINESIA,2104
KNEE ARTHROPLASTY,2077
DERMATITIS,2074
NERVOUSNESS,2071
CHOLELITHIASIS,2058
PROCEDURAL PAIN,2056
DEPRESSED LEVEL OF CONSCIOUSNESS,2048
BREAST CANCER,2035
ABORTION SPONTANEOUS,2027
CARDIAC FAILURE CONGESTIVE,2018
IMPAIRED QUALITY OF LIFE,2016
EXPIRED PRODUCT ADMINISTERED,2013
GLOSSODYNIA,2005
DYSARTHRIA,2004
HYPERGLYCAEMIA,2002
ANAPHYLACTIC SHOCK,1990
LIMB DISCOMFORT,1981
RESPIRATORY DISORDER,1974
RESTLESSNESS,1963
ERUCTATION,1955
DIVERTICULITIS,1945
DEAFNESS,1945
LIP SWELLING,1942
SKIN IRRITATION,1941
INTERCEPTED PRODUCT PREPARATION ERROR,1932
INCORRECT ROUTE OF PRODUCT ADMINISTRATION,1930
DEVICE INFORMATION OUTPUT ISSUE,1917
SYNOVITIS,1915
GLYCOSYLATED HAEMOGLOBIN INCREASED,1914
CEREBRAL HAEMORRHAGE,1906
EMOTIONAL DISORDER,1899
INCORRECT PRODUCT ADMINISTRATION DURATION,1890
WHITE BLOOD CELL COUNT INCREASED,1886
MUCOSAL INFLAMMATION,1884
STAPHYLOCOCCAL INFECTION,1856
SKIN LESION,1856
DEVICE EXPULSION,1852
VAGINAL HAEMORRHAGE,1843
PEMPHIGUS,1842
DEVICE DEPLOYMENT ISSUE,1830
DRUG USE DISORDER,1827
INCREASED APPETITE,1819
CLOSTRIDIUM DIFFICILE INFECTION,1817
SYRINGE ISSUE,1813
ERECTILE DYSFUNCTION,1809
HYPERSOMNIA,1806
DEVICE OCCLUSION,1805
SEASONAL ALLERGY,1792
MENINGIOMA,1782
HEAVY MENSTRUAL BLEEDING,1781
MOVEMENT DISORDER,1781
NEURALGIA,1777
INFUSION SITE PAIN,1774
BLOOD POTASSIUM DECREASED,1773
INJURY ASSOCIATED WITH DEVICE,1760
ALTERED STATE OF CONSCIOUSNESS,1759
DISORIENTATION,1757
LOWER LIMB FRACTURE,1748
HUNGER,1748
PRODUCT PHYSICAL ISSUE,1745
CYSTITIS,1740
LABORATORY TEST ABNORMAL,1734
HEPATITIS,1734
CONJUNCTIVITIS,1729
HYPOPHAGIA,1724
PSYCHOTIC DISORDER,1722
FOLLICULITIS,1719
MUSCULOSKELETAL PAIN,1719
BLOOD PRESSURE ABNORMAL,1717
PNEUMONIA ASPIRATION,1715
RED BLOOD CELL COUNT DECREASED,1712
PERICARDIAL EFFUSION,1711
ORAL HERPES,1703
ASCITES,1700
POOR QUALITY PRODUCT ADMINISTERED,1688
NIGHTMARE,1686
PULMONARY FIBROSIS,1684
SNEEZING,1682
JOINT STIFFNESS,1678
HEPATIC FAILURE,1670
HELICOBACTER INFECTION,1659
IMMUNODEFICIENCY,1657
POOR QUALITY SLEEP,1656
DIPLOPIA,1656
MOOD ALTERED,1655
RASH MACULO-PAPULAR,1653
THROAT TIGHTNESS,1648
HAND DEFORMITY,1641
"HALLUCINATION, VISUAL",1638
ANKYLOSING SPONDYLITIS,1636
FOREIGN BODY IN REPRODUCTIVE TRACT,1636
LOCALISED INFECTION,1635
MENTAL STATUS CHANGES,1635
FEELING COLD,1633
HEPATOTOXICITY,1628
PRODUCT PACKAGING QUANTITY ISSUE,1624
URINARY INCONTINENCE,1617
CARDIO-RESPIRATORY ARREST,1612
THERAPEUTIC RESPONSE CHANGED,1610
HAEMATURIA,1607
SWOLLEN TONGUE,1607
MOUTH ULCERATION,1607
TRANSIENT ISCHAEMIC ATTACK,1599
REBOUND ATOPIC DERMATITIS,1597
PHOTOPHOBIA,1596
CANDIDA INFECTION,1596
METASTASES TO BONE,1594
JOINT INJURY,1592
PANCREATITIS ACUTE,1590
SKIN ULCER,1590
BLOOD PRESSURE SYSTOLIC INCREASED,1588
PARKINSON^S DISEASE,1581
PRESYNCOPE,1581
GASTROENTERITIS VIRAL,1572
RESPIRATORY DISTRESS,1572
UNRESPONSIVE TO STIMULI,1568
SPINAL FRACTURE,1568
LUNG NEOPLASM MALIGNANT,1560
SHOCK,1560
HEPATIC CIRRHOSIS,1560
SKIN HAEMORRHAGE,1550
HEREDITARY ANGIOEDEMA,1547
PRODUCT COMMUNICATION ISSUE,1540
FULL BLOOD COUNT DECREASED,1538
BACTERIAL INFECTION,1537
APHASIA,1535
DEVICE PHYSICAL PROPERTY ISSUE,1532
DUODENAL ULCER PERFORATION,1528
HERNIA,1523
DYSSTASIA,1520
PRESCRIBED OVERDOSE,1520
SKIN CANCER,1515
WOUND INFECTION,1514
NEUROTOXICITY,1508
GASTRITIS,1507
MOOD SWINGS,1506
DEVICE ADHESION ISSUE,1505
SPINAL OPERATION,1504
AUTISM SPECTRUM DISORDER,1503
PRESCRIBED UNDERDOSE,1502
HAEMOPTYSIS,1494
GENERALISED TONIC-CLONIC SEIZURE,1482
SCIATICA,1477
AGEUSIA,1476
METASTASES TO LIVER,1468
DIABETIC KETOACIDOSIS,1467
ACUTE RESPIRATORY FAILURE,1466
JOINT RANGE OF MOTION DECREASED,1464
AGRANULOCYTOSIS,1464
INJECTION SITE DISCHARGE,1461
SINUS DISORDER,1455
BURSITIS,1454
PROTEINURIA,1454
CYTOPENIA,1447
NEOPLASM PROGRESSION,1437
MIDDLE INSOMNIA,1437
ABDOMINAL PAIN LOWER,1435
PALMAR-PLANTAR ERYTHRODYSAESTHESIA SYNDROME,1432
PALLOR,1430
OBESITY,1428
CRYING,1422
ENCEPHALOPATHY,1419
KIDNEY INFECTION,1415
HEAD DISCOMFORT,1415
ANGER,1412
MENTAL IMPAIRMENT,1408
HYPOCALCAEMIA,1407
HIDRADENITIS,1405
INABILITY TO AFFORD MEDICATION,1399
PREMATURE BABY,1395
MUSCLE INJURY,1393
MYOCARDITIS,1391
RETCHING,1389
BONE DENSITY DECREASED,1388
RIB FRACTURE,1386
REBOUND ECZEMA,1385
ADRENAL INSUFFICIENCY,1376
INFUSION SITE ERYTHEMA,1366
PAIN IN JAW,1365
OCULAR DISCOMFORT,1363
HIP ARTHROPLASTY,1358
EAR PAIN,1353
SEROTONIN SYNDROME,1350
FEMUR FRACTURE,1347
BLOOD BILIRUBIN INCREASED,1346
UVEITIS,1345
AUTOIMMUNE DISORDER,1343
PROSTATE CANCER,1336
CHOKING,1330
IMMUNE EFFECTOR CELL-ASSOCIATED NEUROTOXICITY SYNDROME,1326
BLOOD CREATINE PHOSPHOKINASE INCREASED,1324
POOR VENOUS ACCESS,1324
BLOOD PRESSURE FLUCTUATION,1324
DRUG ERUPTION,1323
ANTI-CYCLIC CITRULLINATED PEPTIDE ANTIBODY POSITIVE,1323
CARDIOGENIC SHOCK,1319
CHOLESTASIS,1309
PAIN OF SKIN,1307
DRUG WITHDRAWAL SYNDROME,1306
LIP DRY,1301
HAEMORRHOIDS,1300
ANGINA PECTORIS,1299
RESPIRATORY TRACT CONGESTION,1298
ACUTE HEPATIC FAILURE,1287
CEREBRAL INFARCTION,1286
EOSINOPHILIA,1286
CYTOMEGALOVIRUS INFECTION,1282
SECRETION DISCHARGE,1280
HAEMATEMESIS,1265
TRANSAMINASES INCREASED,1265
GLOMERULAR FILTRATION RATE DECREASED,1264
EATING DISORDER,1262
ACUTE MYOCARDIAL INFARCTION,1258
ABNORMAL BEHAVIOUR,1256
HAEMOPHAGOCYTIC LYMPHOHISTIOCYTOSIS,1255
LEUKOCYTOSIS,1247
METASTASES TO CENTRAL NERVOUS SYSTEM,1246
TUBULOINTERSTITIAL NEPHRITIS,1245
NASAL POLYPS,1240
NEURODERMATITIS,1239
SCRATCH,1236
DISABILITY,1235
NERVOUS SYSTEM DISORDER,1228
GLAUCOMA,1224
FAECES DISCOLOURED,1221
RESPIRATORY SYNCYTIAL VIRUS INFECTION,1215
FULL BLOOD COUNT ABNORMAL,1215
INTERMENSTRUAL BLEEDING,1213
PHARYNGEAL SWELLING,1212
HEPATIC STEATOSIS,1209
MUSCULOSKELETAL DISCOMFORT,1209
FOOT FRACTURE,1206
GOUT,1203
MYASTHENIA GRAVIS,1202
INTENTIONAL SELF-INJURY,1200
ABSCESS,1199
OSTEONECROSIS,1199
LIQUID PRODUCT PHYSICAL ISSUE,1193
MUSCLE TWITCHING,1193
TOOTHACHE,1190
INJECTION SITE DISCOMFORT,1185
PULMONARY MASS,1185
BLOOD IRON DECREASED,1178
PRODUCT TEMPERATURE EXCURSION ISSUE,1177
JAUNDICE,1175
REPRODUCTIVE COMPLICATION ASSOCIATED WITH DEVICE,1172
BLOOD SODIUM DECREASED,1171
THERAPY CHANGE,1170
HAEMATOMA,1166
ORAL CANDIDIASIS,1156
STEVENS-JOHNSON SYNDROME,1153
FRACTURE,1153
SKIN LACERATION,1153
RHEUMATIC FEVER,1149
GRIP STRENGTH DECREASED,1149
INTERVERTEBRAL DISC PROTRUSION,1148
POST PROCEDURAL COMPLICATION,1147
ORAL PAIN,1145
FOOD ALLERGY,1143
POISONING DELIBERATE,1142
THIRST,1136
BLOOD TEST ABNORMAL,1134
PNEUMOTHORAX,1124
DERMATITIS ALLERGIC,1123
SKIN SWELLING,1123
CHROMATURIA,1117
HYPOMAGNESAEMIA,1117
APHONIA,1117
HYPERCHOLESTEROLAEMIA,1113
BASAL CELL CARCINOMA,1111
DELUSION,1109
TOOTH DISORDER,1106
HAEMARTHROSIS,1105
DRUG DIVERSION,1100
DECREASED IMMUNE RESPONSIVENESS,1098
PULMONARY HYPERTENSION,1097
GASTROENTERITIS,1095
TOXIC EPIDERMAL NECROLYSIS,1093
BLOOD ALKALINE PHOSPHATASE INCREASED,1092
OROPHARYNGEAL DISCOMFORT,1087
WEIGHT FLUCTUATION,1086
TOOTH LOSS,1084
BODY TEMPERATURE INCREASED,1082
RASH PAPULAR,1078
BLOOD GLUCOSE ABNORMAL,1076
MUSCLE ATROPHY,1074
DIABETES MELLITUS INADEQUATE CONTROL,1073
HAEMATOTOXICITY,1067
THYROID DISORDER,1067
PERITONITIS,1062
SEXUAL DYSFUNCTION,1062
DEFAECATION URGENCY,1061
LYMPHOCYTE COUNT DECREASED,1058
LIVE BIRTH,1057
INFUSION SITE SWELLING,1055
DERMATITIS CONTACT,1054
PRODUCT DELIVERY MECHANISM ISSUE,1053
ACUTE RESPIRATORY DISTRESS SYNDROME,1046
UPPER LIMB FRACTURE,1045
ANAL INCONTINENCE,1045
HYPERTHYROIDISM,1044
SKIN REACTION,1043
BACK INJURY,1043
VENTRICULAR TACHYCARDIA,1042
MELAENA,1041
EMBEDDED DEVICE,1038
KNEE OPERATION,1036
PELVIC PAIN,1035
PRODUCT ADMINISTRATION INTERRUPTED,1032
FAECES SOFT,1031
ABNORMAL DREAMS,1029
"SLEEP DISORDER DUE TO GENERAL MEDICAL CONDITION, INSOMNIA TYPE",1025
ULCER,1024
GASTRIC ULCER,1023
NOCTURIA,1017
EYE DISCHARGE,1014
SCAR,1012
IMPAIRED WORK ABILITY,1011
COLD SWEAT,1011
BLOOD URINE PRESENT,1011
EYE INFECTION,1008
SLEEP APNOEA SYNDROME,1007
BACK DISORDER,1006
ACUTE MYELOID LEUKAEMIA,1006
METASTASES TO LUNG,1000
RESTLESS LEGS SYNDROME,997
"HALLUCINATION, AUDITORY",997
SUBSTANCE USE DISORDER,997
MACULAR DEGENERATION,994
NEPHROPATHY TOXIC,994
BACTERAEMIA,988
ANKLE FRACTURE,984
MUSCULOSKELETAL CHEST PAIN,984
PHOTOSENSITIVITY REACTION,982
EOSINOPHILIC OESOPHAGITIS,981
TACHYPNOEA,976
OBSTRUCTIVE AIRWAYS DISORDER,976
SKIN INFECTION,976
SINUS CONGESTION,975
FISTULA,969
ILEUS,969
NAIL DISORDER,958
HEART RATE IRREGULAR,958
EJECTION FRACTION DECREASED,957
PARAESTHESIA ORAL,956
LYMPHOPENIA,956
PERIORBITAL SWELLING,954
TOOTH INFECTION,952
HYPERTRANSAMINASAEMIA,951
EYE INFLAMMATION,951
LARYNGITIS,945
THERAPEUTIC REACTION TIME DECREASED,944
PHARYNGITIS STREPTOCOCCAL,943
PNEUMONIA BACTERIAL,939
INJECTION SITE DISCOLOURATION,938
COLON CANCER,936
BLOOD POTASSIUM INCREASED,936
APATHY,933
GAMMA-GLUTAMYLTRANSFERASE INCREASED,932
C-REACTIVE PROTEIN ABNORMAL,930
MUSCULOSKELETAL DISORDER,929
ISCHAEMIC STROKE,928
APPLICATION SITE PAIN,923
MULTIPLE ALLERGIES,919
DIZZINESS POSTURAL,918
MALNUTRITION,917
BLINDNESS UNILATERAL,917
CARPAL TUNNEL SYNDROME,915
APPLICATION SITE PRURITUS,910
SCHIZOPHRENIA,909
BLOOD TRIGLYCERIDES INCREASED,905
SMALL INTESTINAL OBSTRUCTION,904
SWELLING OF EYELID,904
PROSTATIC SPECIFIC ANTIGEN INCREASED,902
RESPIRATORY ARREST,901
BRAIN OEDEMA,900
PRODUCT TASTE ABNORMAL,899
PRODUCT ODOUR ABNORMAL,899
ORTHOSTATIC HYPOTENSION,898
NODULE,897
ANOSMIA,897
BLEPHAROSPASM,896
PNEUMOCYSTIS JIROVECII PNEUMONIA,896
IMMUNE SYSTEM DISORDER,895
THROMBOTIC MICROANGIOPATHY,894
PARANOIA,893
DRUG LEVEL DECREASED,893
LIVER FUNCTION TEST ABNORMAL,891
HYPERVOLAEMIA,890
CARDIOTOXICITY,890
POLYNEUROPATHY,889
GASTROINTESTINAL PAIN,888
PREMATURE DELIVERY,887
ACCIDENT,887
MYDRIASIS,884
PERIPHERAL VENOUS DISEASE,883
PANCREATIC CARCINOMA,882
ELECTROLYTE IMBALANCE,881
DEVICE FAILURE,874
SYMPTOM RECURRENCE,874
CYANOSIS,871
GENERALISED OEDEMA,870
SINUS TACHYCARDIA,868
SENSITIVE SKIN,868
HYPOGAMMAGLOBULINAEMIA,867
RHEUMATOID FACTOR POSITIVE,867
FEAR OF INJECTION,866
CYTOMEGALOVIRUS INFECTION REACTIVATION,865
NEOPLASM,865
PRODUCT SUPPLY ISSUE,864
COVID-19 PNEUMONIA,863
FEELING JITTERY,857
INJECTION SITE INJURY,857
INJECTION SITE WARMTH,857
QUALITY OF LIFE DECREASED,855
LYMPHOMA,853
APHTHOUS ULCER,850
INITIAL INSOMNIA,848
FACET JOINT SYNDROME,848
OSTEONECROSIS OF JAW,846
VITREOUS FLOATERS,841
COAGULOPATHY,839
COELIAC DISEASE,839
DIFFUSE LARGE B-CELL LYMPHOMA,838
MALIGNANT MELANOMA,837
GASTROINTESTINAL INFECTION,837
FACE OEDEMA,836
MYOSITIS,835
OSTEOMYELITIS,833
ADVERSE REACTION,833
LIGAMENT SPRAIN,832
CHOLECYSTITIS,831
HYPOAESTHESIA ORAL,829
MICTURITION URGENCY,827
COMPLICATION ASSOCIATED WITH DEVICE,825
HAEMATOCRIT DECREASED,825
PREGNANCY,824
FEAR,824
CARDIOMYOPATHY,823
GINGIVAL BLEEDING,820
DEVICE RELATED INFECTION,819
HOSPICE CARE,819
JOINT DISLOCATION,818
CYST,816
PRODUCT CONTAINER ISSUE,815
PARKINSONISM,813
OSTEOPENIA,813
DRUG LEVEL INCREASED,810
RED BLOOD CELL SEDIMENTATION RATE INCREASED,810
MENSTRUATION IRREGULAR,808
HEMIPARESIS,807
CARDIOVASCULAR DISORDER,806
MUSCLE TIGHTNESS,803
PSEUDOMONAS INFECTION,802
AMENORRHOEA,802
PERIPHERAL COLDNESS,802
STATUS EPILEPTICUS,801
IMMUNOSUPPRESSION,800
CORONARY ARTERY DISEASE,799
GALLBLADDER DISORDER,799
APPLICATION SITE ERYTHEMA,798
INJECTION SITE IRRITATION,797
SCAB,796
VISUAL ACUITY REDUCED,794
POSTERIOR REVERSIBLE ENCEPHALOPATHY SYNDROME,794
DEVICE DEPOSIT ISSUE,794
BREAST CANCER STAGE III,792
DECREASED ACTIVITY,791
TEMPERATURE INTOLERANCE,791
MYELODYSPLASTIC SYNDROME,789
INAPPROPRIATE ANTIDIURETIC HORMONE SECRETION,789
TROPONIN INCREASED,788
ASPIRATION,787
SPINAL PAIN,786
HYPERCALCAEMIA,785
FOOT DEFORMITY,782
PATHOGEN RESISTANCE,781
INTESTINAL PERFORATION,777
MASS,777
PRODUCT DISPENSING ISSUE,777
SPUTUM DISCOLOURED,776
PARALYSIS,769
PULMONARY CONGESTION,769
PRODUCT LEAKAGE,768
VASCULITIS,766
TUMOUR LYSIS SYNDROME,763
BRONCHIECTASIS,761
TENDONITIS,760
UPPER GASTROINTESTINAL HAEMORRHAGE,760
PHARYNGITIS,759
DYSMENORRHOEA,759
WRIST FRACTURE,758
IMMUNE THROMBOCYTOPENIA,758
PULMONARY THROMBOSIS,758
BRONCHOPULMONARY ASPERGILLOSIS,757
PRESCRIPTION DRUG USED WITHOUT A PRESCRIPTION,757
PULMONARY TOXICITY,757
APPENDICITIS,756
ROTATOR CUFF SYNDROME,753
CHOLECYSTECTOMY,753
PEMPHIGOID,752
LUPUS-LIKE SYNDROME,752
THINKING ABNORMAL,751
TUBERCULOSIS,750
VASCULAR DEVICE INFECTION,750
BONE LOSS,748
MATERNAL EXPOSURE DURING BREAST FEEDING,747
MANIA,747
BREAST CANCER METASTATIC,745
PLATELET COUNT INCREASED,745
LOSS OF THERAPEUTIC RESPONSE,743
FRUSTRATION TOLERANCE DECREASED,743
HYPOKINESIA,743
HYPERBILIRUBINAEMIA,743
ON AND OFF PHENOMENON,741
CIRCUMSTANCE OR INFORMATION CAPABLE OF LEADING TO DEVICE USE ERROR,740
BEHAVIOUR DISORDER,736
MUCOUS STOOLS,736
MYOCLONUS,733
WRONG PRODUCT ADMINISTERED,732
ORAL DISCOMFORT,732
POST PROCEDURAL INFECTION,731
POOR QUALITY DEVICE USED,730
IMMUNE-MEDIATED ENTEROCOLITIS,730
EYELID PTOSIS,728
ESCHERICHIA INFECTION,727
SWOLLEN JOINT COUNT INCREASED,727
BREAST CANCER FEMALE,727
EAR DISCOMFORT,724
BONE DISORDER,723
IMPAIRED DRIVING ABILITY,722
COMPRESSION FRACTURE,719
BLOOD UREA INCREASED,719
CIRCULATORY COLLAPSE,718
UPPER-AIRWAY COUGH SYNDROME,717
PRODUCT ADMINISTERED TO PATIENT OF INAPPROPRIATE AGE,716
AKATHISIA,715
BOWEL MOVEMENT IRREGULARITY,713
RENAL PAIN,712
MATERNAL EXPOSURE BEFORE PREGNANCY,711
DYSTONIA,710
BRONCHOSPASM,707
NEUROLEPTIC MALIGNANT SYNDROME,703
HIATUS HERNIA,700
LIBIDO DECREASED,700
ANAL FISSURE,700
DENTAL CARIES,700
SARS-COV-2 TEST POSITIVE,699
GASTROINTESTINAL INFLAMMATION,696
GYNAECOMASTIA,696
PRODUCT PACKAGING ISSUE,695
HYSTERECTOMY,693
OESOPHAGITIS,693
DEMENTIA ALZHEIMER^S TYPE,692
EXOSTOSIS,691
ASPERGILLUS INFECTION,691
HYPOTHERMIA,690
TOOTH FRACTURE,690
BRAIN NEOPLASM,689
INFUSION SITE PRURITUS,689
BEDRIDDEN,688
PSYCHOMOTOR HYPERACTIVITY,685
IRON DEFICIENCY ANAEMIA,683
METASTASES TO LYMPH NODES,682
RHINITIS,681
CLOSTRIDIUM DIFFICILE COLITIS,681
PRODUCT LABEL CONFUSION,680
LOSS OF LIBIDO,680
MIOSIS,679
MOTOR DYSFUNCTION,677
DISSEMINATED INTRAVASCULAR COAGULATION,677
MUSCLE RIGIDITY,675
EYE HAEMORRHAGE,667
CARDIAC OPERATION,666
RETINAL DETACHMENT,666
DIALYSIS,665
FACIAL PARALYSIS,662
DEVICE POWER SOURCE ISSUE,662
SUBDURAL HAEMATOMA,658
EXTRAPYRAMIDAL DISORDER,656
TOOTH EXTRACTION,656
ABNORMAL UTERINE BLEEDING,654
RESPIRATORY RATE INCREASED,653
NERVE COMPRESSION,652
VITAMIN D DEFICIENCY,651
MULTIPLE FRACTURES,650
SALIVARY HYPERSECRETION,649
ABNORMAL FAECES,649
BLOOD CALCIUM DECREASED,649
FACIAL PAIN,644
SKIN TOXICITY,642
BODY TEMPERATURE DECREASED,642
CHOLANGITIS,640
PULMONARY ARTERIAL HYPERTENSION,640
INTRAOCULAR PRESSURE INCREASED,638
BRAIN INJURY,638
SPLENOMEGALY,636
LOW DENSITY LIPOPROTEIN INCREASED,634
PRODUCT PHYSICAL CONSISTENCY ISSUE,631
TRANSPLANT REJECTION,631
NERVE INJURY,631
INTERNAL HAEMORRHAGE,629
BLOOD LACTATE DEHYDROGENASE INCREASED,628
SENSORY DISTURBANCE,625
ONYCHOMADESIS,624
PRODUCT RESIDUE PRESENT,623
FOOD POISONING,622
PYELONEPHRITIS,622
DRY THROAT,621
ANHEDONIA,619
DIARRHOEA HAEMORRHAGIC,618
BONE MARROW FAILURE,617
BLOOD MAGNESIUM DECREASED,617
TENDON RUPTURE,617
FOOD CRAVING,617
EOSINOPHIL COUNT INCREASED,615
PRODUCT PREPARATION ISSUE,613
ATTENTION DEFICIT HYPERACTIVITY DISORDER,610
TOXIC SKIN ERUPTION,610
SQUAMOUS CELL CARCINOMA,606
INJECTION SITE INDURATION,604
PAPULE,604
SENSITIVITY TO WEATHER CHANGE,604
HAEMATOLOGICAL INFECTION,603
WALKING AID USER,602
RENAL TUBULAR NECROSIS,602
AUTOIMMUNE HEPATITIS,602
OPTIC ISCHAEMIC NEUROPATHY,601
FLANK PAIN,601
COORDINATION ABNORMAL,601
SKIN WEEPING,601
HYPOALBUMINAEMIA,599
UNINTENDED PREGNANCY,599
ENTERITIS,596
ATAXIA,596
INCONTINENCE,595
EUGLYCAEMIC DIABETIC KETOACIDOSIS,594
APPLICATION SITE IRRITATION,593
SLUGGISHNESS,593
RESPIRATION ABNORMAL,591
TENDERNESS,591
LEUKAEMIA,590
RENAL INJURY,587
RHINOVIRUS INFECTION,587
ENTEROCOLITIS,585
UROSEPSIS,583
ENCEPHALITIS,583
ELECTRIC SHOCK SENSATION,583
SHOCK HAEMORRHAGIC,582
WEIGHT LOSS POOR,582
PRODUCT LABEL ISSUE,581
INFLAMMATORY BOWEL DISEASE,578
EXPOSURE TO CHEMICAL POLLUTION,577
INFUSION SITE REACTION,577
DEEP VEIN THROMBOSIS POSTOPERATIVE,576
PRODUCT COLOUR ISSUE,576
DEVICE OPERATIONAL ISSUE,576
CEREBRAL DISORDER,576
HIP SURGERY,574
HYPOPHOSPHATAEMIA,573
CONCUSSION,573
STRESS CARDIOMYOPATHY,572
INJECTION SITE VESICLES,572
SUPRAVENTRICULAR TACHYCARDIA,571
COMPLICATION OF DEVICE INSERTION,569
HYPERTENSIVE CRISIS,567
INFUSION SITE HAEMORRHAGE,567
BRADYKINESIA,566
SPINAL DISORDER,564
PETECHIAE,564
VENTRICULAR FIBRILLATION,564
AFFECTIVE DISORDER,563
POSTOPERATIVE WOUND INFECTION,563
INJECTION SITE NODULE,562
HAEMODYNAMIC INSTABILITY,560
HAEMOGLOBIN INCREASED,560
LYMPHOEDEMA,559
BLOOD PRESSURE DIASTOLIC DECREASED,559
TARDIVE DYSKINESIA,558
BLOOD CALCIUM INCREASED,555
NEUTROPHIL COUNT INCREASED,554
CUTANEOUS VASCULITIS,554
THERAPEUTIC PRODUCT EFFECT DELAYED,554
SKIN MASS,553
CARDIAC FAILURE ACUTE,552
MITRAL VALVE INCOMPETENCE,552
METASTASIS,550
PERIPHERAL SENSORY NEUROPATHY,550
HICCUPS,548
MYOPATHY,547
EYE OPERATION,547
PELVIC FRACTURE,546
POST PROCEDURAL HAEMORRHAGE,545
SQUAMOUS CELL CARCINOMA OF SKIN,544
NOROVIRUS INFECTION,544
EPSTEIN-BARR VIRUS INFECTION,543
ARTHROPOD BITE,543
END STAGE RENAL DISEASE,541
CORONARY ARTERY OCCLUSION,539
INCORRECT DRUG ADMINISTRATION RATE,539
DEPENDENCE,538
MUSCLE SPASTICITY,538
MUSCLE STRAIN,537
HAND FRACTURE,535
HAEMOGLOBIN ABNORMAL,535
ERYTHEMA MULTIFORME,533
TOOTH ABSCESS,533
SHOULDER OPERATION,533
POISONING,532
HYPERLIPIDAEMIA,531
APPETITE DISORDER,531
SPINAL STENOSIS,531
RESPIRATORY DEPRESSION,530
HORDEOLUM,528
HYPOTONIA,527
BLOOD THYROID STIMULATING HORMONE INCREASED,527
POST TRANSPLANT LYMPHOPROLIFERATIVE DISORDER,526
PROGRESSIVE MULTIFOCAL LEUKOENCEPHALOPATHY,525
LOW BIRTH WEIGHT BABY,524
ASPHYXIA,524
SENSATION OF FOREIGN BODY,523
COLORECTAL CANCER METASTATIC,521
DEVICE MATERIAL ISSUE,520
ONYCHOMYCOSIS,520
GINGIVAL PAIN,520
HEPATOCELLULAR CARCINOMA,520
HYDRONEPHROSIS,519
INFUSION SITE DISCHARGE,519
CHEMOTHERAPY,519
HYPERPYREXIA,517
VITAMIN D DECREASED,516
MENSTRUAL DISORDER,513
DRUG SPECIFIC ANTIBODY PRESENT,512
POLYARTHRITIS,512
CARDIAC DYSFUNCTION,511
BLADDER DISORDER,511
INFUSION SITE EXTRAVASATION,510
SINUS BRADYCARDIA,509
EMPHYSEMA,509
SUBARACHNOID HAEMORRHAGE,509
DROOLING,508
LIMB OPERATION,508
BLOOD GLUCOSE FLUCTUATION,507
ATELECTASIS,506
TRICUSPID VALVE INCOMPETENCE,506
TRANSFUSION,506
VAGINAL DISCHARGE,506
DISLOCATION OF VERTEBRA,505
HEPATIC ENCEPHALOPATHY,505
EXPIRED DEVICE USED,504
LARGE INTESTINE POLYP,503
OPTIC NEURITIS,503
BLADDER CANCER,503
FOREIGN BODY SENSATION IN EYES,503
FINGER DEFORMITY,502
SECOND PRIMARY MALIGNANCY,502
FAECALOMA,501
PERITONITIS BACTERIAL,501
DRUG SCREEN POSITIVE,500
BREAST PAIN,500
ACUTE GENERALISED EXANTHEMATOUS PUSTULOSIS,499
GASTROINTESTINAL TOXICITY,498
GROIN PAIN,498
TYPE 1 DIABETES MELLITUS,495
OBSTRUCTION,494
ANAL ABSCESS,494
ELECTROCARDIOGRAM QRS COMPLEX PROLONGED,493
CYTOMEGALOVIRUS VIRAEMIA,492
NEUTROPHILIA,492
INTERCEPTED PRODUCT STORAGE ERROR,492
PULMONARY ALVEOLAR HAEMORRHAGE,490
FOETAL GROWTH RESTRICTION,490
HAEMOLYTIC ANAEMIA,490
PREGNANCY WITH IMPLANT CONTRACEPTIVE,489
CHRONIC LYMPHOCYTIC LEUKAEMIA,489
VENTRICULAR EXTRASYSTOLES,488
HAEMOLYSIS,488
SENSORY LOSS,487
GENITAL HAEMORRHAGE,487
SPINAL OSTEOARTHRITIS,487
DERMATITIS BULLOUS,486
INTESTINAL RESECTION,486
IMMUNE-MEDIATED MYOSITIS,484
FOREIGN BODY IN THROAT,481
PAROSMIA,481
ARTERIOSCLEROSIS,480
SHOULDER FRACTURE,478
HAEMORRHAGE INTRACRANIAL,478
MENINGITIS,477
POLYURIA,476
GLUCOSE TOLERANCE IMPAIRED,476
GENERAL PHYSICAL CONDITION ABNORMAL,476
SKIN PLAQUE,475
KLEBSIELLA INFECTION,474
MULTIPLE-DRUG RESISTANCE,474
HERPES SIMPLEX,473
INFLAMMATORY MARKER INCREASED,473
HEART RATE ABNORMAL,472
BREATH SOUNDS ABNORMAL,471
INJECTION SITE HYPERSENSITIVITY,471
BLINDNESS TRANSIENT,470
COLITIS ISCHAEMIC,469
SUSPECTED SUICIDE,468
ONYCHOCLASIS,468
OVARIAN CYST,468
UTERINE LEIOMYOMA,467
ACIDOSIS,465
COLECTOMY,464
NEPHROTIC SYNDROME,464
SKIN ABRASION,464
ATRIOVENTRICULAR BLOCK,464
PATIENT DISSATISFACTION WITH TREATMENT,464
HEPATOCELLULAR INJURY,463
EXPOSURE TO TOXIC AGENT,463
HEPATITIS CHOLESTATIC,462
BIPOLAR DISORDER,462
APPLICATION SITE RASH,462
INTERNATIONAL NORMALISED RATIO INCREASED,460
PROCTALGIA,459
EUPHORIC MOOD,459
AMYLOID RELATED IMAGING ABNORMALITY-OEDEMA/EFFUSION,459
DRUG DELIVERY SYSTEM MALFUNCTION,458
POST-TRAUMATIC STRESS DISORDER,458
STREPTOCOCCAL INFECTION,458
BLOOD LACTIC ACID INCREASED,457
ADJUSTMENT DISORDER WITH DEPRESSED MOOD,456
CENTRAL NERVOUS SYSTEM LESION,456
BLOOD ALBUMIN DECREASED,455
INFUSION SITE BRUISING,455
ACCIDENTAL EXPOSURE TO PRODUCT BY CHILD,455
HEMIPLEGIA,453
BLOOD DISORDER,453
HEPATIC CANCER,452
LARGE INTESTINE PERFORATION,451
PANCREATIC DISORDER,451
ORGANISING PNEUMONIA,451
DEVICE INFUSION ISSUE,450
ORAL DISORDER,448
AFFECT LABILITY,448
SKIN HYPERPIGMENTATION,447
COLITIS MICROSCOPIC,446
EXPOSURE VIA BREAST MILK,443
IRON DEFICIENCY,443
PLATELET COUNT ABNORMAL,443
MAJOR DEPRESSION,443
UNINTENTIONAL MEDICAL DEVICE REMOVAL,443
NEAR DEATH EXPERIENCE,442
PIGMENTATION DISORDER,442
ERYTHEMA OF EYELID,442
CAESAREAN SECTION,441
ODYNOPHAGIA,440
CATARACT OPERATION,440
POLYP,440
MOUTH HAEMORRHAGE,439
MIXED LIVER INJURY,439
SKIN ATROPHY,439
DISTRIBUTIVE SHOCK,437
ENTEROCOCCAL INFECTION,437
RETINAL HAEMORRHAGE,437
LIPASE INCREASED,435
CORONAVIRUS INFECTION,433
GASTRIC HAEMORRHAGE,433
SUSPECTED COUNTERFEIT PRODUCT,433
DUODENAL ULCER,432
IMMUNE-MEDIATED LUNG DISEASE,431
VENOOCCLUSIVE LIVER DISEASE,431
PHYSICAL DECONDITIONING,430
DIVERTICULUM INTESTINAL,429
NEUROLOGICAL SYMPTOM,429
SOCIAL PROBLEM,429
CATATONIA,428
PRODUCT INEFFECTIVE,427
RASH VESICULAR,427
GASTROINTESTINAL SOUNDS ABNORMAL,427
EXERCISE TOLERANCE DECREASED,426
BREAST MASS,425
ANURIA,425
HEPATOMEGALY,424
PURPURA,424
SICKLE CELL ANAEMIA WITH CRISIS,424
LEFT VENTRICULAR DYSFUNCTION,422
SUBSTANCE ABUSE,422
INCREASED TENDENCY TO BRUISE,421
NON-SMALL CELL LUNG CANCER,421
GRAFT VERSUS HOST DISEASE,421
ATRIOVENTRICULAR BLOCK COMPLETE,421
MENSTRUATION DELAYED,420
THERAPEUTIC PRODUCT EFFECT VARIABLE,418
BK VIRUS INFECTION,418
BONE EROSION,418
THYROID CANCER,417
ABNORMAL LOSS OF WEIGHT,417
DERMATITIS EXFOLIATIVE GENERALISED,417
DECUBITUS ULCER,417
RENAL CYST,416
BLOOD PRESSURE DIASTOLIC INCREASED,416
FOOT OPERATION,416
HYPERTHERMIA,416
IDIOPATHIC URTICARIA,416
ASTHENOPIA,415
RENAL CANCER,413
LUNG OPACITY,413
PNEUMONIA FUNGAL,413
WHITE BLOOD CELL COUNT ABNORMAL,412
HEPATITIS ACUTE,411
GASTROINTESTINAL MOTILITY DISORDER,411
ANAL FISTULA,410
CHRONIC SINUSITIS,409
FEBRILE BONE MARROW APLASIA,409
CARDIAC FLUTTER,409
MOUTH SWELLING,408
URINE OUTPUT DECREASED,407
VULVOVAGINAL BURNING SENSATION,406
MACULAR OEDEMA,406
DRUG LEVEL BELOW THERAPEUTIC,406
EAR PRURITUS,406
PRODUCT SIZE ISSUE,405
RENAL FUNCTION TEST ABNORMAL,405
FAECAL CALPROTECTIN INCREASED,404
PSYCHIATRIC SYMPTOM,404
MENISCUS INJURY,404
SJOGREN^S SYNDROME,403
ACCIDENTAL POISONING,402
HAIR COLOUR CHANGES,402
RESPIRATORY SYMPTOM,401
ULCER HAEMORRHAGE,401
KETOACIDOSIS,400
PYODERMA GANGRENOSUM,400
FURUNCLE,400
ABORTION INDUCED,400
BODY HEIGHT DECREASED,400
ARTERIOSCLEROSIS CORONARY ARTERY,399
INTERVERTEBRAL DISC DEGENERATION,398
PRODUCT CONTAMINATION,397
GUILLAIN-BARRE SYNDROME,397
RAYNAUD^S PHENOMENON,396
NASAL DRYNESS,396
PANIC REACTION,395
EOSINOPHIL COUNT DECREASED,395
FOETAL DEATH,395
OVARIAN CANCER,394
FAECES HARD,393
JOINT EFFUSION,392
HYPERTRIGLYCERIDAEMIA,392
SKIN WARM,392
BLOOD URIC ACID INCREASED,392
DERMATITIS ACNEIFORM,392
PRODUCT SOLUBILITY ABNORMAL,392
GASTRIC CANCER,391
APLASTIC ANAEMIA,391
BLOOD IMMUNOGLOBULIN G DECREASED,391
TORSADE DE POINTES,391
TOXIC ENCEPHALOPATHY,390
IMMUNE-MEDIATED HEPATIC DISORDER,389
EMBOLISM,388
CARDIOMEGALY,388
INJECTION SITE INFLAMMATION,387
DYSCHEZIA,387
LUPUS VULGARIS,387
CARDIAC MURMUR,386
IMMUNE-MEDIATED MYOCARDITIS,385
PARTIAL SEIZURES,385
MATERNAL EXPOSURE TIMING UNSPECIFIED,385
DEAFNESS UNILATERAL,384
ARTERIAL OCCLUSIVE DISEASE,384
VIROLOGIC FAILURE,383
ARTERIOSPASM CORONARY,383
MENINGITIS ASEPTIC,382
NASAL DISCOMFORT,382
RETINITIS,382
EYE MOVEMENT DISORDER,381
ENDOPHTHALMITIS,381
THERMAL BURN,380
NEPHROPATHY,379
POLYMYALGIA RHEUMATICA,379
CARDIAC FAILURE CHRONIC,378
AMYLOID RELATED IMAGING ABNORMALITY-MICROHAEMORRHAGES AND HAEMOSIDERIN DEPOSITS,378
PARONYCHIA,377
TONSILLITIS,376
FORCED EXPIRATORY VOLUME DECREASED,375
ENDOCARDITIS,375
HAIR GROWTH ABNORMAL,375
STENT PLACEMENT,374
CONGENITAL ANOMALY,373
STAPHYLOCOCCAL BACTERAEMIA,373
SERUM FERRITIN INCREASED,373
PROCEDURAL HAEMORRHAGE,371
IMMUNE-MEDIATED HEPATITIS,371
PARANASAL SINUS DISCOMFORT,371
THROAT CLEARING,371
ORAL MUCOSAL BLISTERING,370
FEELING OF BODY TEMPERATURE CHANGE,370
DRUG TOLERANCE DECREASED,370
NORMAL NEWBORN,370
RHINITIS ALLERGIC,369
INTERCEPTED PRODUCT DISPENSING ERROR,369
VAGINAL INFECTION,368
TENDON DISORDER,367
ARTHRITIS INFECTIVE,367
INCORRECT DOSAGE ADMINISTERED,366
ATRIAL FLUTTER,366
DRUG LEVEL ABOVE THERAPEUTIC,366
EYELID MARGIN CRUSTING,366
MALABSORPTION,366
ELECTROCARDIOGRAM ABNORMAL,366
ABDOMINAL ABSCESS,366
HYPERKERATOSIS,365
HORMONE LEVEL ABNORMAL,364
HAEMORRHAGIC STROKE,363
DYSLIPIDAEMIA,363
EYELID OEDEMA,363
THYROID MASS,362
INGUINAL HERNIA,362
INTESTINAL ISCHAEMIA,361
SPONDYLITIS,361
PRODUCT PACKAGING DIFFICULT TO OPEN,361
AUTOIMMUNE HAEMOLYTIC ANAEMIA,360
OVERWEIGHT,359
PUSTULE,359
FEMORAL NECK FRACTURE,358
IMMUNE RECONSTITUTION INFLAMMATORY SYNDROME,358
BLEPHARITIS,357
CHOKING SENSATION,357
MUSCLE DISORDER,356
GRAVES^ DISEASE,356
INTRACRANIAL PRESSURE INCREASED,355
DEAFNESS NEUROSENSORY,355
METABOLIC DISORDER,354
FREEZING PHENOMENON,354
GENERAL SYMPTOM,354
HERPES VIRUS INFECTION,353
HYPERAESTHESIA,353
MULTIPLE USE OF SINGLE-USE PRODUCT,352
PROTEIN URINE PRESENT,352
VIRAL LOAD INCREASED,352
TREATMENT DELAYED,351
SARCOIDOSIS,351
IDIOPATHIC PULMONARY FIBROSIS,350
HEPATIC ENZYME ABNORMAL,350
TENDON PAIN,349
DISCOURAGEMENT,349
TONGUE DISCOMFORT,348
OLIGURIA,346
EYELID PAIN,346
URINARY TRACT DISORDER,345
RALES,345
X-RAY ABNORMAL,344
ABSCESS LIMB,344
BELL^S PALSY,344
SCREAMING,344
ACUTE GRAFT VERSUS HOST DISEASE,341
SUDDEN DEATH,341
COUNTERFEIT PRODUCT ADMINISTERED,341
MYOCARDIAL ISCHAEMIA,340
DRUG TITRATION ERROR,340
FEELING DRUNK,339
INTESTINAL HAEMORRHAGE,339
TUMOUR MARKER INCREASED,338
CHOLECYSTITIS ACUTE,338
HAIR TEXTURE ABNORMAL,338
HYPERAMMONAEMIA,338
SLEEP DEFICIT,337
EOSINOPHILIC GRANULOMATOSIS WITH POLYANGIITIS,337
EMERGENCY CARE,337
PREGNANCY WITH CONTRACEPTIVE DEVICE,337
CHRONIC GRAFT VERSUS HOST DISEASE,337
URINE ODOUR ABNORMAL,337
HYPOVOLAEMIA,337
WRONG PATIENT RECEIVED PRODUCT,336
LUMBAR VERTEBRAL FRACTURE,336
AZOTAEMIA,335
RECURRENT CANCER,335
APNOEA,335
PRODUCT FORMULATION ISSUE,334
INTENTIONAL UNDERDOSE,333
PULSELESS ELECTRICAL ACTIVITY,332
ACUTE CORONARY SYNDROME,332
INTESTINAL STENOSIS,332
DEPRESSIVE SYMPTOM,331
PRODUCT CONTAMINATION PHYSICAL,331
ROSACEA,330
SPINAL FUSION SURGERY,330
DYSGRAPHIA,329
GALLBLADDER OPERATION,329
ECCHYMOSIS,329
OESOPHAGEAL CANDIDIASIS,328
AORTIC ANEURYSM,328
VULVOVAGINAL PAIN,327
AUTOIMMUNE THYROIDITIS,327
VULVOVAGINAL PRURITUS,327
HYPERNATRAEMIA,326
HEPATITIS B,326
VISUAL FIELD DEFECT,326
BLOOD PRESSURE SYSTOLIC DECREASED,325
LARYNGEAL OEDEMA,325
PHOTOPSIA,325
FLUID INTAKE REDUCED,325
MUSCLE FATIGUE,325
VARICOSE VEIN,325
ATYPICAL PNEUMONIA,325
HYPOVOLAEMIC SHOCK,324
DILATED CARDIOMYOPATHY,323
DRUG TOLERANCE,323
SCOLIOSIS,323
PARADOXICAL DRUG REACTION,322
CYSTITIS HAEMORRHAGIC,322
REFUSAL OF TREATMENT BY PATIENT,321
SOPOR,321
NONSPECIFIC REACTION,321
OBSTRUCTIVE SLEEP APNOEA SYNDROME,321
PETIT MAL EPILEPSY,320
SUNBURN,320
EXTRASYSTOLES,320
PRODUCT TAMPERING,319
CONCOMITANT DISEASE AGGRAVATED,319
URINE ABNORMALITY,319
MUSCLE HAEMORRHAGE,318
ACUTE LYMPHOCYTIC LEUKAEMIA RECURRENT,318
FEELING OF DESPAIR,318
OXYGEN SATURATION ABNORMAL,317
TERMINAL STATE,317
RED CELL DISTRIBUTION WIDTH INCREASED,315
ACUTE PULMONARY OEDEMA,315
TYPE I HYPERSENSITIVITY,315
ACUTE GRAFT VERSUS HOST DISEASE IN SKIN,314
UMBILICAL HERNIA,314
TENSION HEADACHE,314
TRISMUS,314
PERONEAL NERVE PALSY,314
PORPHYRIA ACUTE,314
CROSS SENSITIVITY REACTION,314
ABDOMINAL HERNIA,314
MESOTHELIOMA,312
DIFFUSE LARGE B-CELL LYMPHOMA RECURRENT,312
HYDROCEPHALUS,312
METASTASES TO SPINE,311
NEUTROPENIC SEPSIS,311
PANCREATIC FAILURE,311
IRIDOCYCLITIS,311
VITAMIN B12 DEFICIENCY,310
ADENOVIRUS INFECTION,309
PLASMA CELL MYELOMA RECURRENT,309
INJECTION SITE EXTRAVASATION,309
NEUROMYELITIS OPTICA SPECTRUM DISORDER,308
GESTATIONAL DIABETES,307
BLOOD CHOLESTEROL ABNORMAL,307
ERYSIPELAS,307
PULMONARY HAEMORRHAGE,306
SKIN NECROSIS,305
METASTATIC NEOPLASM,305
IMMUNE-MEDIATED ADVERSE REACTION,304
SHOULDER ARTHROPLASTY,304
HYPERURICAEMIA,303
SELF-INJURIOUS IDEATION,303
TRIGGER FINGER,302
ILEOSTOMY,301
FOOD INTOLERANCE,301
PERSONALITY CHANGE,301
HYPERPHAGIA,301
RHINALGIA,300
ANEURYSM,300
BRADYPHRENIA,300
ENDOMETRIOSIS,299
"HALLUCINATIONS, MIXED",299
CHOLESTATIC LIVER INJURY,298
REHABILITATION THERAPY,298
HEPATIC FIBROSIS,298
HEPATIC LESION,297
TIBIA FRACTURE,297
ERYTHEMA NODOSUM,296
EYELIDS PRURITUS,296
THYROIDITIS,296
HYPOPNOEA,296
WHEELCHAIR USER,296
CYTOMEGALOVIRUS COLITIS,296
PROCTITIS,296
LOCAL ANAESTHETIC SYSTEMIC TOXICITY,295
SLEEP TERROR,295
LYME DISEASE,295
BRUXISM,295
FOURNIER^S GANGRENE,295
ANGIOPATHY,293
SUSPECTED PRODUCT QUALITY ISSUE,293
POLYMENORRHOEA,292
CRANIOFACIAL FRACTURE,291
DRUG DELIVERY SYSTEM ISSUE,290
HEPATITIS C,290
PATHOLOGICAL FRACTURE,289
MEDICAL PROCEDURE,289
GASTRIC INFECTION,289
MENINGIOMA BENIGN,288
SUBCUTANEOUS ABSCESS,288
ILEUS PARALYTIC,288
BLOOD LOSS ANAEMIA,288
REVERSIBLE CEREBRAL VASOCONSTRICTION SYNDROME,286
EOSINOPHILIC PNEUMONIA,285
ABDOMINAL TENDERNESS,284
RESPIRATORY TRACT INFECTION VIRAL,283
PERIORBITAL OEDEMA,283
DEFORMITY,283
OBSESSIVE-COMPULSIVE DISORDER,283
VOMITING PROJECTILE,282
GINGIVITIS,282
FUNGAL SKIN INFECTION,282
HYPERVENTILATION,282
PRODUCT USE IN UNAPPROVED THERAPEUTIC ENVIRONMENT,281
PNEUMONIA VIRAL,281
BRASH SYNDROME,281
NASAL OBSTRUCTION,281
VITILIGO,281
STEROID DIABETES,280
MAST CELL ACTIVATION SYNDROME,280
DYSPAREUNIA,279
BLOOD TESTOSTERONE DECREASED,278
GRANULOCYTE COUNT DECREASED,277
PANCREATITIS NECROTISING,277
LYMPHOCYTE COUNT INCREASED,276
RENAL TRANSPLANT,276
PULMONARY PAIN,275
NECROTISING FASCIITIS,275
BILIARY COLIC,275
VITAMIN B12 DECREASED,274
SKIN DISCOMFORT,274
LIGAMENT RUPTURE,274
CUSHING^S SYNDROME,274
CHRONIC MYELOID LEUKAEMIA,274
WRONG DOSE,274
SKIN EROSION,273
PRE-ECLAMPSIA,273
ENERGY INCREASED,273
INJECTION SITE INDENTATION,273
SYSTEMIC CANDIDA,273
FACE INJURY,273
BREAST CANCER STAGE II,272
SYNOVIAL CYST,272
AMYLASE INCREASED,272
EYE INJURY,272
INFUSION SITE INFECTION,270
BLOOD CREATININE ABNORMAL,270
BLOOD PHOSPHORUS DECREASED,270
INJECTION SITE PAPULE,270
POLYOMAVIRUS-ASSOCIATED NEPHROPATHY,269
ANTI-NEUTROPHIL CYTOPLASMIC ANTIBODY POSITIVE VASCULITIS,269
GASTROINTESTINAL PERFORATION,269
NECROSIS,269
VENTRICULAR DYSFUNCTION,269
HYPERPROLACTINAEMIA,268
ABDOMINAL MASS,268
KAPOSI^S SARCOMA,268
CUSHINGOID,268
PROCEDURAL COMPLICATION,267
IMMOBILE,267
CARDIAC TAMPONADE,267
PRODUCT CONTAINER SEAL ISSUE,267
DEMYELINATION,267
MELANOCYTIC NAEVUS,266
LIVER ABSCESS,266
ENDOCRINE OPHTHALMOPATHY,266
BACTERIAL SEPSIS,266
YELLOW SKIN,266
CARDIAC PACEMAKER INSERTION,265
SELF-DESTRUCTIVE BEHAVIOUR,265
SOMNAMBULISM,264
HYPERLACTACIDAEMIA,264
CYSTIC FIBROSIS,264
CATHETER SITE INFECTION,263
RIGHT VENTRICULAR FAILURE,263
PERITONEAL CLOUDY EFFLUENT,263
MUCORMYCOSIS,263
FORMICATION,262
PAPILLOEDEMA,261
PERIPHERAL ARTERIAL OCCLUSIVE DISEASE,260
INCOHERENT,260
NEUROPSYCHOLOGICAL SYMPTOMS,260
CHAPPED LIPS,260
RESPIRATORY ACIDOSIS,259
HUMERUS FRACTURE,259
CONTRAST MEDIA ALLERGY,259
METHAEMOGLOBINAEMIA,259
DEVICE CONNECTION ISSUE,259
MONOCYTE COUNT INCREASED,259
SUBSTANCE-INDUCED PSYCHOTIC DISORDER,258
TRIGEMINAL NEURALGIA,258
GANGRENE,258
SINUS HEADACHE,258
EAR DISORDER,258
BLOOD CREATINE INCREASED,256
LOCALISED OEDEMA,256
HEPATITIS B REACTIVATION,256
IMMUNE-MEDIATED DERMATITIS,256
SEDATION COMPLICATION,256
CATHETER SITE PAIN,256
BENIGN PROSTATIC HYPERPLASIA,256
DENTAL OPERATION,255
RASH PUSTULAR,255
MYCOBACTERIUM AVIUM COMPLEX INFECTION,255
PRODUCT KNOWLEDGE DEFICIT,255
METASTASES TO PERITONEUM,255
SELF-MEDICATION,254
MEAN CELL VOLUME INCREASED,254
DECREASED INTEREST,253
GINGIVAL SWELLING,253
DISEASE COMPLICATION,253
THROMBOCYTOSIS,253
CYCLIC VOMITING SYNDROME,252
TERMINAL INSOMNIA,252
CONJUNCTIVAL HYPERAEMIA,252
ENURESIS,252
BILIARY OBSTRUCTION,251
OCCUPATIONAL EXPOSURE TO PRODUCT,251
PLEURISY,251
LUPUS NEPHRITIS,250
ESCHERICHIA BACTERAEMIA,250
CHOLANGITIS SCLEROSING,250
TEMPERATURE REGULATION DISORDER,250
BLOOD PRESSURE DIASTOLIC ABNORMAL,250
ALLERGIC REACTION TO EXCIPIENT,250
CACHEXIA,250
BLOOD PRESSURE SYSTOLIC ABNORMAL,250
INFUSION SITE INDURATION,249
MUSCLE RUPTURE,249
NECK SURGERY,249
HYPERACUSIS,249
POLYCYTHAEMIA,248
TESTICULAR PAIN,248
SKIN PAPILLOMA,248
METASTASES TO MENINGES,248
BRADYPNOEA,248
LARGE INTESTINE INFECTION,247
BREAST CANCER RECURRENT,247
VULVOVAGINAL DISCOMFORT,246
IMMUNE-MEDIATED HYPOTHYROIDISM,246
LACK OF INJECTION SITE ROTATION,246
NEPHRITIS,246
CHEILITIS,246
HEPATIC PAIN,246
CERVICAL VERTEBRAL FRACTURE,246
BONE CANCER,246
MADAROSIS,245
HYPERTONIC BLADDER,245
TENSION,245
PLASMA CELL MYELOMA REFRACTORY,245
THORACIC VERTEBRAL FRACTURE,245
CARDIAC VENTRICULAR THROMBOSIS,245
TOOTH EROSION,244
OXYGEN THERAPY,243
NYSTAGMUS,243
EYELID IRRITATION,243
AUTONOMIC NERVOUS SYSTEM IMBALANCE,243
SUBSTANCE USE,243
DIASTOLIC DYSFUNCTION,243
IMMUNE-MEDIATED ADRENAL INSUFFICIENCY,242
DYSPHEMIA,242
IMMUNOSUPPRESSANT DRUG LEVEL INCREASED,241
ARTHRITIS BACTERIAL,241
INADEQUATE ANALGESIA,241
BUNDLE BRANCH BLOCK RIGHT,241
PROTEIN TOTAL DECREASED,241
AXIAL SPONDYLOARTHRITIS,240
EPSTEIN-BARR VIRUS INFECTION REACTIVATION,240
MONOPLEGIA,239
POSTMENOPAUSAL HAEMORRHAGE,239
APLASIA PURE RED CELL,239
PUSTULAR PSORIASIS,239
KERATITIS,239
PHLEBITIS,239
RENAL CELL CARCINOMA,238
GRAFT VERSUS HOST DISEASE IN GASTROINTESTINAL TRACT,237
BRONCHIOLITIS,237
KIDNEY TRANSPLANT REJECTION,237
ESCHERICHIA URINARY TRACT INFECTION,237
INJECTION SITE SCAR,237
APPENDICECTOMY,237
LOWER GASTROINTESTINAL HAEMORRHAGE,236
VASOPLEGIA SYNDROME,236
PURULENT DISCHARGE,236
BLOOD PHOSPHORUS INCREASED,236
CRANIOCEREBRAL INJURY,236
DEPERSONALISATION/DEREALISATION DISORDER,235
BRAIN OPERATION,235
POLYDIPSIA,235
HISTOPLASMOSIS DISSEMINATED,235
UTERINE PERFORATION,234
INTERCEPTED PRODUCT ADMINISTRATION ERROR,234
PULMONARY FUNCTION TEST DECREASED,234
PERIPHERAL ISCHAEMIA,234
ORAL INFECTION,233
JAUNDICE CHOLESTATIC,233
ATRIAL SEPTAL DEFECT,233
DEVICE DISPENSING ERROR,233
LYMPHOPROLIFERATIVE DISORDER,233
EYE CONTUSION,233
LUNG INFILTRATION,232
TEARFULNESS,232
PRODUCT LOT NUMBER ISSUE,232
CHRONIC GASTRITIS,232
CARDIAC VALVE DISEASE,232
INCORRECT DISPOSAL OF PRODUCT,232
LABELLED DRUG-DRUG INTERACTION ISSUE,231
PNEUMATOSIS INTESTINALIS,231
DYSPHORIA,231
INFERTILITY FEMALE,231
CORONARY ARTERIAL STENT INSERTION,231
POSTURAL ORTHOSTATIC TACHYCARDIA SYNDROME,231
PORTAL HYPERTENSION,230
VENOUS THROMBOSIS,230
FAILURE TO THRIVE,230
ANAPHYLACTOID REACTION,230
TONGUE DISORDER,230
REGURGITATION,229
HEPATIC CYST,229
MYASTHENIA GRAVIS CRISIS,229
VARICELLA ZOSTER VIRUS INFECTION,229
SMALL FOR DATES BABY,229
ASTHMATIC CRISIS,229
PHYSICAL DISABILITY,228
STAPHYLOCOCCAL SEPSIS,228
GRANULOMA,228
WOUND COMPLICATION,228
HYPERPHOSPHATAEMIA,228
CLAVICLE FRACTURE,227
WEIGHT GAIN POOR,227
PROSTATOMEGALY,227
ANAL HAEMORRHAGE,227
INFUSION SITE MASS,227
HEPARIN-INDUCED THROMBOCYTOPENIA,226
POST-ACUTE COVID-19 SYNDROME,226
PREGNANCY ON ORAL CONTRACEPTIVE,226
PORTAL VEIN THROMBOSIS,226
TIC,225
SKIN ODOUR ABNORMAL,225
OCULAR ICTERUS,225
ACUTE MYELOID LEUKAEMIA RECURRENT,225
COMMUNICATION DISORDER,225
INTRACRANIAL ANEURYSM,225
STRESS FRACTURE,224
BICYTOPENIA,224
VEIN DISORDER,224
FINE MOTOR SKILL DYSFUNCTION,224
DISORGANISED SPEECH,224
HAEMORRHOIDAL HAEMORRHAGE,223
GLOMERULONEPHRITIS,223
ANIMAL BITE,223
NEUTROPENIC COLITIS,223
SKELETAL INJURY,223
ACTIVITIES OF DAILY LIVING DECREASED,223
NEOPLASM RECURRENCE,223
DEVICE SAFETY FEATURE ISSUE,222
HOMICIDE,222
TRAUMATIC HAEMORRHAGE,222
BLOOD THYROID STIMULATING HORMONE DECREASED,221
DENGUE FEVER,221
PROSTATIC DISORDER,221
PRODUCT DEPOSIT,221
BREAST TENDERNESS,221
PRURITUS GENITAL,220
MYELOFIBROSIS,220
INFUSION SITE RASH,220
LEFT VENTRICULAR HYPERTROPHY,220
UTERINE HAEMORRHAGE,219
IMMUNOGLOBULINS DECREASED,219
B-LYMPHOCYTE COUNT DECREASED,219
SPINAL CORD COMPRESSION,219
EMBOLISM VENOUS,218
UTERINE CANCER,218
LIVER TRANSPLANT,218
CENTRAL SEROUS CHORIORETINOPATHY,217
CHRONIC INFLAMMATORY DEMYELINATING POLYRADICULONEUROPATHY,217
PSYCHOTIC SYMPTOM,217
INCORRECT DOSE ADMINISTERED BY PRODUCT,217
STENOSIS,217
PULMONARY TUBERCULOSIS,217
ADRENOCORTICAL INSUFFICIENCY ACUTE,216
BLOOD POTASSIUM ABNORMAL,216
FUNCTIONAL GASTROINTESTINAL DISORDER,216
LARGE INTESTINAL ULCER,216
PERFORMANCE STATUS DECREASED,215
LARGE INTESTINAL STENOSIS,215
SKIN TIGHTNESS,214
CUTANEOUS T-CELL LYMPHOMA,214
C-REACTIVE PROTEIN,214
HEART FAILURE WITH REDUCED EJECTION FRACTION,214
MYOCARDIAL INJURY,213
LICHENOID KERATOSIS,213
CANCER PAIN,213
FIBRIN D DIMER INCREASED,213
RETINAL ARTERY OCCLUSION,213
TYPE IV HYPERSENSITIVITY REACTION,212
BODY TEMPERATURE ABNORMAL,212
NEOVASCULAR AGE-RELATED MACULAR DEGENERATION,212
NAIL DISCOLOURATION,212
WEIGHT ABNORMAL,212
DERMATOMYOSITIS,212
JOINT NOISE,212
PROTEIN TOTAL INCREASED,211
PARVOVIRUS B19 INFECTION,211
ABNORMAL WEIGHT GAIN,211
LUNG ADENOCARCINOMA,211
BLOOD HIV RNA INCREASED,211
AMMONIA INCREASED,211
BLOOD CREATININE DECREASED,210
RADICULOPATHY,210
ENDOTRACHEAL INTUBATION,210
DYSAESTHESIA,210
RED BLOOD CELL COUNT INCREASED,209
BILE DUCT STONE,209
INTENSIVE CARE,209
BLOOD PROLACTIN INCREASED,209
MEDICAL DEVICE IMPLANTATION,209
OESOPHAGEAL DISORDER,209
SKIN INJURY,208
DYSPNOEA AT REST,208
VENTRICULAR ARRHYTHMIA,208
GASTRIC PERFORATION,208
ANORECTAL DISCOMFORT,208
HERNIA REPAIR,208
CORONARY ARTERY STENOSIS,208
RASH MORBILLIFORM,208
PRODUCT AFTER TASTE,207
APPENDICITIS PERFORATED,206
NOCARDIOSIS,206
TOOTH INJURY,206
PANIC DISORDER,206
NON-HODGKIN^S LYMPHOMA,206
SERONEGATIVE ARTHRITIS,206
SINUS OPERATION,206
SINUS PAIN,205
OESOPHAGEAL CARCINOMA,205
POLYOMAVIRUS VIRAEMIA,205
PROSTATE CANCER METASTATIC,205
VARICES OESOPHAGEAL,205
BLADDER PAIN,204
LIMB MASS,204
OTITIS MEDIA,204
NEGATIVE THOUGHTS,204
OLIGOHYDRAMNIOS,204
LARGE INTESTINAL OBSTRUCTION,204
RETINAL VEIN OCCLUSION,203
RADIOTHERAPY,203
PULSE ABSENT,203
MENTAL FATIGUE,202
ABDOMINAL INFECTION,202
ACTIVATED PARTIAL THROMBOPLASTIN TIME PROLONGED,202
ULCERATIVE KERATITIS,202
SYSTEMIC INFLAMMATORY RESPONSE SYNDROME,201
BRAIN ABSCESS,201
SNORING,201
HYPOMANIA,201
FEMALE GENITAL TRACT FISTULA,201
FOREIGN BODY IN UROGENITAL TRACT,201
EXTRAVASATION,201
POOR PERIPHERAL CIRCULATION,201
CONDUCTION DISORDER,200
KOUNIS SYNDROME,200
CAPILLARY LEAK SYNDROME,200
CHOLECYSTITIS INFECTIVE,200
IGA NEPHROPATHY,200
PERIORBITAL PAIN,200
NORMOCYTIC ANAEMIA,200
MASTICATION DISORDER,199
CYSTOID MACULAR OEDEMA,199
EPIGASTRIC DISCOMFORT,199
INFUSION SITE NODULE,198
HAEMATOCRIT INCREASED,198
CEREBRAL ISCHAEMIA,198
CENTRAL VENOUS CATHETERISATION,197
NECK MASS,197
TOE AMPUTATION,197
AORTIC VALVE INCOMPETENCE,197
SECONDARY ADRENOCORTICAL INSUFFICIENCY,197
ORAL SURGERY,197
LYMPHADENITIS,197
ENCEPHALITIS AUTOIMMUNE,197
PNEUMONIA CYTOMEGALOVIRAL,197
SUPERFICIAL VEIN THROMBOSIS,196
HODGKIN^S DISEASE,196
OESOPHAGEAL STENOSIS,196
BONE LESION,196
PANCREATIC CYST,196
CORONARY ARTERY BYPASS,195
RETINAL TEAR,195
LIP OEDEMA,195
BONE MARROW DISORDER,195
PANNICULITIS,195
SKIN WOUND,195
INFUSION SITE WARMTH,194
OPHTHALMIC HERPES ZOSTER,194
DIABETIC RETINOPATHY,194
GINGIVAL HYPERTROPHY,194
RECTAL CANCER,194
INVASIVE DUCTAL BREAST CARCINOMA,194
ISCHAEMIA,194
INTERVERTEBRAL DISC DISORDER,193
COLORECTAL CANCER,193
PNEUMONIA PSEUDOMONAL,192
INJECTION SITE INFECTION,192
FOOD AVERSION,192
ACUTE FEBRILE NEUTROPHILIC DERMATOSIS,192
MENOPAUSAL SYMPTOMS,192
SUSPECTED COVID-19,191
DISSEMINATED TUBERCULOSIS,191
SMALL CELL LUNG CANCER,191
URINARY TRACT INFECTION BACTERIAL,190
DISCHARGE,190
RETINOPATHY,190
OESOPHAGEAL ULCER,190
CATHETERISATION CARDIAC,190
DIABETIC NEUROPATHY,190
HAEMANGIOMA,190
COLONOSCOPY,190
VOLVULUS,190
NEURODEVELOPMENTAL DISORDER,190
ULTRAFILTRATION FAILURE,189
INFECTION SUSCEPTIBILITY INCREASED,189
GROWTH RETARDATION,189
SPUTUM INCREASED,189
INFARCTION,189
LICHEN PLANUS,189
WHITE BLOOD CELL DISORDER,188
CHRONIC SPONTANEOUS URTICARIA,188
PERSECUTORY DELUSION,188
VULVOVAGINAL MYCOTIC INFECTION,188
ALANINE AMINOTRANSFERASE ABNORMAL,188
AORTIC STENOSIS,188
GASTROINTESTINAL TUBE INSERTION,188
NEUTROPHIL COUNT ABNORMAL,187
LATENT TUBERCULOSIS,187
HEPATIC NEOPLASM,187
PHARYNGEAL PARAESTHESIA,187
LABELLED DRUG-DRUG INTERACTION MEDICATION ERROR,187
WOUND HAEMORRHAGE,187
INJECTION SITE PARAESTHESIA,187
GOITRE,187
CATHETER SITE ERYTHEMA,186
HYPERAESTHESIA TEETH,186
LIPOMA,186
VIRAL UPPER RESPIRATORY TRACT INFECTION,186
INTRUSIVE THOUGHTS,186
ECTOPIC PREGNANCY,186
GASTRITIS EROSIVE,186
HENOCH-SCHONLEIN PURPURA,186
STRABISMUS,185
HYPERCAPNIA,185
MYOCARDIAL NECROSIS MARKER INCREASED,185
ANORGASMIA,185
SLOW SPEECH,184
ABNORMAL SENSATION IN EYE,184
LEUKOENCEPHALOPATHY,184
POSTURE ABNORMAL,184
WOUND SECRETION,184
AORTIC ARTERIOSCLEROSIS,184
DRUG DOSE TITRATION NOT PERFORMED,184
BLOOD IMMUNOGLOBULIN E INCREASED,184
GRAFT VERSUS HOST DISEASE IN SKIN,184
MICTURITION DISORDER,184
DIFFUSE LARGE B-CELL LYMPHOMA REFRACTORY,183
JUVENILE IDIOPATHIC ARTHRITIS,183
CERVIX CARCINOMA,183
HEART VALVE INCOMPETENCE,183
SUPRAVENTRICULAR EXTRASYSTOLES,182
PLANTAR FASCIITIS,182
FOLLICULAR LYMPHOMA,182
INJECTION SITE COLDNESS,182
REACTION TO EXCIPIENT,182
MENOPAUSE,181
CAROTID ARTERY OCCLUSION,181
ANXIETY DISORDER,181
MUSCLE CONTRACTIONS INVOLUNTARY,181
INTERCEPTED PRODUCT PRESCRIBING ERROR,181
BOTULISM,181
OESOPHAGEAL PAIN,181
N-TERMINAL PROHORMONE BRAIN NATRIURETIC PEPTIDE INCREASED,180
STOMA CREATION,180
CONJUNCTIVAL HAEMORRHAGE,180
LOOSE TOOTH,180
GASTROINTESTINAL WALL THICKENING,180
DUODENITIS,180
STEROID DEPENDENCE,179
FIBULA FRACTURE,179
WOUND DEHISCENCE,179
VENTRICULAR SEPTAL DEFECT,179
GASTROINTESTINAL OBSTRUCTION,179
GASTRIC POLYPS,179
PARAPLEGIA,179
HYPERTONIA,178
OSTEOPOROTIC FRACTURE,178
BRAIN NATRIURETIC PEPTIDE INCREASED,178
INFECTIVE PULMONARY EXACERBATION OF CYSTIC FIBROSIS,178
TENDON INJURY,177
VITRITIS,177
SPONTANEOUS HAEMORRHAGE,177
VEIN RUPTURE,176
RETINAL THICKENING,176
VIRAL MUTATION IDENTIFIED,176
BACTERIAL VAGINOSIS,176
OVARIAN CANCER RECURRENT,176
CORTISOL DECREASED,176
INJECTION RELATED REACTION,176
OVERLAP SYNDROME,175
IRITIS,175
FIBROSIS,175
VITREOUS HAEMORRHAGE,175
VULVOVAGINAL DRYNESS,175
MEAN CELL HAEMOGLOBIN INCREASED,175
ILEAL STENOSIS,175
DEREALISATION,175
EAR CONGESTION,174
EMOTIONAL POVERTY,174
RUBBER SENSITIVITY,174
ALLODYNIA,174
PLEURITIC PAIN,174
IMPULSIVE BEHAVIOUR,174
LIPIDS INCREASED,174
TRIPLE NEGATIVE BREAST CANCER,174
SUBACUTE CUTANEOUS LUPUS ERYTHEMATOSUS,174
ALCOHOL POISONING,174
TUMOUR HAEMORRHAGE,174
APPLICATION SITE SWELLING,174
STOMA SITE DISCHARGE,173
OPHTHALMIC MIGRAINE,173
SKIN HYPERTROPHY,173
EAR SWELLING,173
EXOPHTHALMOS,173
B-CELL LYMPHOMA,173
METABOLIC ENCEPHALOPATHY,173
CYTOMEGALOVIRUS CHORIORETINITIS,173
TONGUE ULCERATION,173
LUNG CONSOLIDATION,172
RENAL TUBULAR ACIDOSIS,172
ABDOMINAL RIGIDITY,172
SUSPECTED PRODUCT CONTAMINATION,172
MENOMETRORRHAGIA,172
VENTRICULAR HYPOKINESIA,172
INFREQUENT BOWEL MOVEMENTS,172
AORTIC DISSECTION,172
BUNDLE BRANCH BLOCK LEFT,171
FIXED ERUPTION,171
STRIDOR,171
LISTLESS,171
VULVOVAGINAL CANDIDIASIS,171
ANTI-CYCLIC CITRULLINATED PEPTIDE ANTIBODY,171
ECONOMIC PROBLEM,170
PNEUMONIA INFLUENZAL,170
INJECTION SITE ABSCESS,170
INTESTINAL OPERATION,170
RETINAL OEDEMA,170
PATELLA FRACTURE,170
GRANULOCYTOPENIA,170
HAND DERMATITIS,170
INFUSION SITE IRRITATION,170
AREFLEXIA,169
CATHETER SITE HAEMORRHAGE,169
FLAT AFFECT,169
OPTIC NEUROPATHY,169
HAEMOTHORAX,169
ABSCESS INTESTINAL,169
FULMINANT TYPE 1 DIABETES MELLITUS,169
JC VIRUS INFECTION,169
CRYPTOCOCCOSIS,168
SERUM FERRITIN DECREASED,168
EYELID SKIN DRYNESS,168
MIGRAINE WITH AURA,168
INFUSION SITE DISCOMFORT,168
BLOOD PARATHYROID HORMONE INCREASED,168
APPLICATION SITE VESICLES,168
OXYGEN CONSUMPTION INCREASED,167
SALMONELLOSIS,167
OCULAR TOXICITY,167
PRODUCT PACKAGE ASSOCIATED INJURY,167
JAW DISORDER,167
CEREBRAL ATROPHY,167
CONTRAINDICATED PRODUCT PRESCRIBED,167
PSYCHOMOTOR RETARDATION,166
PRODUCT COUNTERFEIT,166
NONINFECTIVE GINGIVITIS,166
CARDIAC ABLATION,166
OCULAR HYPERTENSION,166
INTENTIONAL DEVICE USE ISSUE,166
RESPIRATORY RATE DECREASED,166
PRODUCT WITH QUALITY ISSUE ADMINISTERED,166
SMALL INTESTINAL PERFORATION,166
PARANASAL SINUS HYPERSECRETION,166
ORAL PRURITUS,166
CARDIOPULMONARY FAILURE,166
PRODUCT RECONSTITUTION QUALITY ISSUE,166
ANKLE OPERATION,165
INJECTION SITE HAEMATOMA,165
EXFOLIATIVE RASH,165
GINGIVAL DISORDER,165
DEPRESSION SUICIDAL,165
SKIN WRINKLING,165
DEVICE PLACEMENT ISSUE,165
GLOSSITIS,165
BLOOD SODIUM INCREASED,165
TONGUE OEDEMA,165
ATYPICAL MYCOBACTERIAL INFECTION,165
CHEST INJURY,165
NORMOCHROMIC NORMOCYTIC ANAEMIA,164
DUST ALLERGY,164
PERSONALITY DISORDER,164
ASPARTATE AMINOTRANSFERASE ABNORMAL,164
INTRA-ABDOMINAL FLUID COLLECTION,164
SOCIAL AVOIDANT BEHAVIOUR,163
OSTEITIS,163
MACULE,163
LINEAR IGA DISEASE,163
BEZOAR,163
ESCHERICHIA SEPSIS,163
HYPERKINESIA,162
GLOMERULAR FILTRATION RATE ABNORMAL,162
LUNG ABSCESS,162
VARICELLA,162
IMPULSE-CONTROL DISORDER,162
RETINAL DISORDER,162
GASTRIC ULCER HAEMORRHAGE,162
HYPOPROTEINAEMIA,162
ATRIOVENTRICULAR BLOCK SECOND DEGREE,162
PALLIATIVE CARE,162
MULTIPLE ACYL-COENZYME A DEHYDROGENASE DEFICIENCY,161
HANGOVER,161
ACUTE GRAFT VERSUS HOST DISEASE IN INTESTINE,161
NASAL SEPTUM DEVIATION,161
SEIZURE LIKE PHENOMENA,161
CLOSTRIDIUM TEST POSITIVE,161
PERIPHERAL VASCULAR DISORDER,161
GENE MUTATION,159
INVESTIGATION ABNORMAL,159
LUNG TRANSPLANT,159
MATERNAL EXPOSURE DURING DELIVERY,159
ORGAN FAILURE,159
EPSTEIN-BARR VIRUS ASSOCIATED LYMPHOPROLIFERATIVE DISORDER,159
POLYCYSTIC OVARIAN SYNDROME,159
PSYCHIATRIC DECOMPENSATION,158
TRANSITIONAL CELL CARCINOMA,158
ESSENTIAL HYPERTENSION,158
NON-CARDIOGENIC PULMONARY OEDEMA,158
THERAPEUTIC RESPONSE DELAYED,158
PNEUMOMEDIASTINUM,158
LARGE INTESTINAL HAEMORRHAGE,158
HYPERSENSITIVITY PNEUMONITIS,158
SPINAL COLUMN INJURY,158
LUNG NEOPLASM,158
STILLBIRTH,158
TOTAL LUNG CAPACITY DECREASED,158
HYPOVENTILATION,158
THROMBOPHLEBITIS,158
PROTHROMBIN TIME PROLONGED,157
CARCINOEMBRYONIC ANTIGEN INCREASED,157
MARASMUS,157
OCCUPATIONAL EXPOSURE TO TOXIC AGENT,157
ABDOMINAL OPERATION,157
ELECTROCARDIOGRAM ST SEGMENT ELEVATION,157
STUPOR,157
CENTRAL NERVOUS SYSTEM LYMPHOMA,157
RECTAL TENESMUS,157
MASTECTOMY,157
PANCREATITIS CHRONIC,156
SCLERITIS,156
LYMPHOCYTOSIS,156
ATRIOVENTRICULAR BLOCK FIRST DEGREE,156
POST PROCEDURAL DISCOMFORT,156
RESPIRATORY SYNCYTIAL VIRUS BRONCHIOLITIS,156
STOMA COMPLICATION,156
ANGINA UNSTABLE,156
THROMBOTIC THROMBOCYTOPENIC PURPURA,155
TEMPOROMANDIBULAR PAIN AND DYSFUNCTION SYNDROME,155
BRAIN HERNIATION,155
ACQUIRED GENE MUTATION,155
MYCOPLASMA INFECTION,155
STENOTROPHOMONAS INFECTION,155
INCREASED DOSE ADMINISTERED,155
GASTROINTESTINAL CARCINOMA,155
PSYCHOMOTOR SKILLS IMPAIRED,155
MACULOPATHY,155
INTERVERTEBRAL DISCITIS,154
ORAL FUNGAL INFECTION,154
HIGH DENSITY LIPOPROTEIN DECREASED,154
SYSTEMIC SCLERODERMA,154
TRANSPLANT,154
PRIAPISM,154
HYPOPITUITARISM,154
STRONGYLOIDIASIS,153
MYOCLONIC EPILEPSY,153
SALPINGECTOMY,153
NASAL DISCHARGE DISCOLOURATION,153
DANDRUFF,153
B-CELL TYPE ACUTE LEUKAEMIA,153
INSTILLATION SITE IRRITATION,153
BLOOD BLISTER,153
BREATH ODOUR,153
ANGLE CLOSURE GLAUCOMA,153
DRUG WITHDRAWAL SYNDROME NEONATAL,153
CORNEAL OEDEMA,153
TACHYPHRENIA,153
HEPATIC MASS,153
LABYRINTHITIS,153
LOGORRHOEA,153
PULSE ABNORMAL,152
LONG QT SYNDROME,152
GASTROSTOMY,152
NASAL OEDEMA,152
HEART FAILURE WITH PRESERVED EJECTION FRACTION,152
LACTOSE INTOLERANCE,152
COLOSTOMY,151
PEPTIC ULCER,151
PROSTATITIS,151
LOWER RESPIRATORY TRACT CONGESTION,151
HIV INFECTION,151
INCREASED UPPER AIRWAY SECRETION,151
CHRONIC FATIGUE SYNDROME,151
HEPATITIS E,151
GASTROINTESTINAL MICROORGANISM OVERGROWTH,151
TRANSPLANT DYSFUNCTION,151
NECK INJURY,150
LIP PAIN,150
DYSBIOSIS,150
THERAPEUTIC PROCEDURE,150
DEVELOPMENTAL DELAY,150
DEVICE RELATED SEPSIS,150
CLUMSINESS,150
SUBCUTANEOUS DRUG ABSORPTION IMPAIRED,150
IDIOPATHIC INTRACRANIAL HYPERTENSION,149
THYROTOXIC CRISIS,149
CERVICAL DYSPLASIA,149
TONIC CONVULSION,149
MEAN CELL HAEMOGLOBIN CONCENTRATION DECREASED,149
GIANT CELL ARTERITIS,148
AMYOTROPHIC LATERAL SCLEROSIS,148
RENAL NEOPLASM,147
GALACTORRHOEA,147
PERIARTHRITIS,147
BODY MASS INDEX INCREASED,147
CONJUNCTIVITIS ALLERGIC,147
HYPOTHALAMO-PITUITARY DISORDER,147
WEIGHT BEARING DIFFICULTY,147
ALLERGY TO ANIMAL,146
DEMENTIA WITH LEWY BODIES,146
TONGUE COATED,146
CEREBROSPINAL FLUID LEAKAGE,146
HYPERCHLORHYDRIA,146
GASTROINTESTINAL NECROSIS,146
OESOPHAGEAL VARICES HAEMORRHAGE,146
OCULOGYRIC CRISIS,146
MILIARIA,146
AUDITORY DISORDER,146
UTERINE POLYP,146
HEPATOSPLENOMEGALY,146
ORTHOPNOEA,145
ANAEMIA MACROCYTIC,145
ENDOMETRIAL CANCER,145
ENDODONTIC PROCEDURE,145
EYE ALLERGY,145
STEM CELL TRANSPLANT,145
OVARIAN HYPERSTIMULATION SYNDROME,145
SCLERODERMA,145
ALOPECIA AREATA,145
HYPOPHYSITIS,145
NASAL DISORDER,145
ACTINIC KERATOSIS,145
LEG AMPUTATION,145
RECALLED PRODUCT,145
PSEUDOMONAL SEPSIS,145
ONYCHOLYSIS,145
GENITAL ULCERATION,145
ACUTE PSYCHOSIS,144
HYPOXIC-ISCHAEMIC ENCEPHALOPATHY,144
ANTINUCLEAR ANTIBODY POSITIVE,144
LIVING IN RESIDENTIAL INSTITUTION,144
BLOOD TESTOSTERONE INCREASED,144
SERUM SICKNESS,144
UNDERWEIGHT,144
ABDOMINAL ADHESIONS,144
TRANSPLANT FAILURE,144
MENINGITIS CRYPTOCOCCAL,144
HAEMORRHAGE SUBCUTANEOUS,143
BLADDER SPASM,143
TRICHORRHEXIS,143
GASTROINTESTINAL SCARRING,143
BRONCHOPULMONARY ASPERGILLOSIS ALLERGIC,143
SEIZURE CLUSTER,143
APPLICATION SITE EXFOLIATION,143
BLOOD CHLORIDE INCREASED,143
ADRENAL DISORDER,143
SPINAL CORD INJURY,143
DRUG ADMINISTERED IN WRONG DEVICE,143
INSULIN RESISTANCE,143
INFECTIOUS MONONUCLEOSIS,142
AKINESIA,142
LIVEDO RETICULARIS,142
CEREBRAL VENOUS SINUS THROMBOSIS,142
PLATELET DISORDER,142
ELECTROENCEPHALOGRAM ABNORMAL,142
PERIODONTITIS,142
INFUSION SITE INFLAMMATION,142
CONTRAST MEDIA REACTION,142
ANTICHOLINERGIC SYNDROME,142
SUICIDAL BEHAVIOUR,142
READING DISORDER,142
TONGUE BITING,142
FUNGAEMIA,141
PRE-EXISTING CONDITION IMPROVED,141
METASTATIC MALIGNANT MELANOMA,141
LYMPHADENOPATHY MEDIASTINAL,141
LYMPH NODE PAIN,141
STOMA SITE HAEMORRHAGE,141
INCREASED BRONCHIAL SECRETION,141
COMPARTMENT SYNDROME,141
APPLICATION SITE BURN,141
NECROTISING MYOSITIS,141
ATRIAL TACHYCARDIA,141
MYELITIS,140
VITREOUS DETACHMENT,140
GLYCOSYLATED HAEMOGLOBIN DECREASED,140
PNEUMONIA KLEBSIELLA,140
RADIATION PNEUMONITIS,139
MIDDLE EAR EFFUSION,139
PNEUMOCYSTIS JIROVECII INFECTION,139
CLONUS,139
INFECTION REACTIVATION,139
YAWNING,139
ACCIDENT AT WORK,139
HUMAN HERPESVIRUS 6 INFECTION,139
CATARRH,139
RESPIRATORY ALKALOSIS,139
RHEUMATOID NODULE,139
ACUTE LYMPHOCYTIC LEUKAEMIA,139
PROSTATIC OPERATION,139
INJECTION SITE HYPOAESTHESIA,139
FEAR OF DEATH,139
GASTROINTESTINAL INJURY,138
CEREBRAL HAEMATOMA,138
EYELID DISORDER,138
CEREBRAL THROMBOSIS,138
CONGENITAL APLASIA,138
FAECES PALE,138
LIP BLISTER,138
HAEMORRHAGE URINARY TRACT,138
ATYPICAL FEMUR FRACTURE,137
EASTERN COOPERATIVE ONCOLOGY GROUP PERFORMANCE STATUS WORSENED,137
SUFFOCATION FEELING,137
UNMASKING OF PREVIOUSLY UNIDENTIFIED DISEASE,137
BRAIN NEOPLASM MALIGNANT,137
ADJUSTMENT DISORDER,137
JOINT LOCK,137
BRAIN DEATH,137
CHOLANGIOCARCINOMA,137
NEURITIS,137
BILIRUBIN CONJUGATED INCREASED,137
VIRAEMIA,137
ARTHROPOD STING,137
GESTATIONAL HYPERTENSION,137
BODY HEIGHT INCREASED,137
HYPOMENORRHOEA,136
GLYCOSYLATED HAEMOGLOBIN ABNORMAL,136
INGROWING NAIL,136
PHARMACEUTICAL NOMADISM,136
SEBORRHOEIC DERMATITIS,136
LUMBAR SPINAL STENOSIS,136
EMBOLIC STROKE,136
FOOD REFUSAL,136
VENOOCCLUSIVE DISEASE,136
BURNS SECOND DEGREE,135
URINE FLOW DECREASED,135
TUMOUR PSEUDOPROGRESSION,135
MAGNETIC RESONANCE IMAGING ABNORMAL,135
URINE ANALYSIS ABNORMAL,135
SECONDARY IMMUNODEFICIENCY,135
KERATOPATHY,135
FACIAL DISCOMFORT,135
FACIAL PARESIS,135
DIABETES INSIPIDUS,135
MYOPERICARDITIS,135
MYCOTIC ALLERGY,134
OBSTRUCTIVE PANCREATITIS,134
URINE PROTEIN/CREATININE RATIO INCREASED,134
SINUS NODE DYSFUNCTION,134
HEPATITIS FULMINANT,134
CREPITATIONS,134
LEFT VENTRICULAR FAILURE,134
INFECTIOUS PLEURAL EFFUSION,134
SOFT TISSUE INFECTION,133
CORRECTIVE LENS USER,133
CARTILAGE INJURY,133
HYPERREFLEXIA,133
TRAUMATIC LUNG INJURY,133
PULMONARY VALVE INCOMPETENCE,133
HAEMORRHAGIC DIATHESIS,133
HAEMATOMA MUSCLE,133
DERMATITIS PSORIASIFORM,133
NIPPLE PAIN,133
INFUSION SITE URTICARIA,133
TERMINAL ILEITIS,133
BONE MARROW TRANSPLANT,132
ADENOCARCINOMA OF COLON,132
CARDIAC DISCOMFORT,132
COMA SCALE ABNORMAL,132
PATIENT-DEVICE INCOMPATIBILITY,131
SMALL INTESTINAL RESECTION,131
DERMAL CYST,131
TYMPANIC MEMBRANE PERFORATION,131
VULVOVAGINAL SWELLING,131
ACNE CYSTIC,131
CAROTID ARTERY STENOSIS,131
BARRETT^S OESOPHAGUS,131
VIRAL HAEMORRHAGIC CYSTITIS,131
COCCYDYNIA,131
RENAL TUBULAR DISORDER,131
CALCINOSIS,131
TOOTH DISCOLOURATION,131
TONSILLAR HYPERTROPHY,131
NEUROLOGICAL DECOMPENSATION,131
PREMATURE LABOUR,130
MYOPIA,130
INFUSION SITE ABSCESS,130
SUSPECTED SUICIDE ATTEMPT,130
DEVICE ALARM ISSUE,130
HEPATITIS TOXIC,130
PULMONARY NOCARDIOSIS,130
PRODUCT CLEANING INADEQUATE,130
BLOOD PRESSURE INADEQUATELY CONTROLLED,130
ROTATOR CUFF REPAIR,130
PARAINFLUENZAE VIRUS INFECTION,130
PROCALCITONIN INCREASED,130
THYROID HORMONES INCREASED,129
POTENTIATING DRUG INTERACTION,129
PAPILLARY THYROID CANCER,129
SUBRETINAL FLUID,129
SACROILIITIS,129
POUCHITIS,129
PNEUMONIA STAPHYLOCOCCAL,129
EYELID RASH,129
DRUG MONITORING PROCEDURE NOT PERFORMED,128
QUADRIPARESIS,128
LAZINESS,128
MUCOSAL DRYNESS,128
ILEAL ULCER,128
CREATININE RENAL CLEARANCE DECREASED,128
INTELLECTUAL DISABILITY,128
PNEUMOPERITONEUM,128
RENAL MASS,128
IMPETIGO,128
GINGIVAL RECESSION,128
EMPYEMA,127
BACTERIAL TEST POSITIVE,127
TUNNEL VISION,127
NEONATAL RESPIRATORY DISTRESS SYNDROME,127
SKIN HYPOPIGMENTATION,127
DIFFERENTIATION SYNDROME,127
RENAL TUBULAR INJURY,127
CORNEAL DISORDER,127
MEGACOLON,127
SPINAL COMPRESSION FRACTURE,127
QUADRIPLEGIA,127
OTOTOXICITY,127
VASCULAR GRAFT,127
HYPOGLYCAEMIC COMA,127
AMYLOID RELATED IMAGING ABNORMALITIES,126
HYPERTROPHIC CARDIOMYOPATHY,126
THROAT CANCER,126
DEVICE MAINTENANCE ISSUE,126
SEROUS RETINAL DETACHMENT,126
STRESS AT WORK,126
BLOOD ELECTROLYTES DECREASED,126
INJECTION SITE OEDEMA,126
SYSTEMIC MYCOSIS,126
HYPERSEXUALITY,126
T-CELL LYMPHOMA,126
ALLERGY TO CHEMICALS,126
URINARY BLADDER HAEMORRHAGE,125
MEDICAL DEVICE REMOVAL,125
PERIORAL DERMATITIS,125
VANISHING BILE DUCT SYNDROME,125
ANALGESIC DRUG LEVEL INCREASED,125
MOTION SICKNESS,125
LUNG CANCER METASTATIC,125
HEPATIC NECROSIS,125
FAT TISSUE INCREASED,125
SKIN STRIAE,125
PHARYNGEAL DISORDER,125
VASODILATATION,125
OSTEOLYSIS,125
MEAN CELL HAEMOGLOBIN DECREASED,124
HYPOSMIA,124
TACHYARRHYTHMIA,124
HISTOPLASMOSIS,124
MULTIPLE DRUG THERAPY,124
APRAXIA,124
ENTEROBACTER INFECTION,124
MUCOSAL DISORDER,124
PULMONARY VASCULITIS,124
THYROIDECTOMY,124
PHAEOHYPHOMYCOSIS,124
ALCOHOLISM,123
FOCAL SEGMENTAL GLOMERULOSCLEROSIS,123
CAROTID ARTERY THROMBOSIS,123
SKULL FRACTURE,123
COMPLICATIONS OF TRANSPLANTED KIDNEY,123
RICHTER^S SYNDROME,123
INFUSION SITE DISCOLOURATION,123
GASTROINTESTINAL ULCER,123
ANTIPHOSPHOLIPID SYNDROME,123
BRONCHITIS CHRONIC,123
PHYSICAL PRODUCT LABEL ISSUE,122
DIABETIC FOOT,122
BREAST DISORDER,122
DIFFERENTIAL WHITE BLOOD CELL COUNT ABNORMAL,122
HAND-FOOT-AND-MOUTH DISEASE,122
PHYSICAL ASSAULT,122
INTENTIONAL DEVICE MISUSE,122
MASTITIS,121
APPLICATION SITE REACTION,121
EAR HAEMORRHAGE,121
EPITHELIOID MESOTHELIOMA,121
BLOOD IMMUNOGLOBULIN M DECREASED,121
IMMUNISATION REACTION,121
BLOOD CALCIUM ABNORMAL,121
CELL DEATH,121
RETINAL DEGENERATION,121
STARING,121
TONGUE DISCOLOURATION,121
PHILADELPHIA CHROMOSOME POSITIVE,121
HYPERGLYCAEMIC HYPEROSMOLAR NONKETOTIC SYNDROME,121
GENITAL HYPOAESTHESIA,120
PERIPHERAL SENSORIMOTOR NEUROPATHY,120
BONE DENSITY ABNORMAL,120
ISCHAEMIC HEPATITIS,120
SJS-TEN OVERLAP,120
PULMONARY MUCORMYCOSIS,120
PAPILLOMA VIRAL INFECTION,120
SPLENIC INFARCTION,120
BREAST SWELLING,120
ECZEMA EYELIDS,120
BODY TEMPERATURE FLUCTUATION,120
PERTUSSIS,119
SKIN INDURATION,119
HYPERPARATHYROIDISM,119
AMYLOIDOSIS,119
CYTOMEGALOVIRUS TEST POSITIVE,119
PUPILLARY REFLEX IMPAIRED,119
ABORTION,119
MYELOPATHY,119
BEHCET^S SYNDROME,119
PERIPHERAL ARTERY OCCLUSION,119
GASTROINTESTINAL BACTERIAL INFECTION,118
RECTAL DISCHARGE,118
URINE OUTPUT INCREASED,118
ADMINISTRATION SITE PAIN,118
ENDOCRINE DISORDER,118
INJECTION SITE CELLULITIS,118
GENERALISED PUSTULAR PSORIASIS,118
VASCULAR PSEUDOANEURYSM,117
WISDOM TEETH REMOVAL,117
UPPER RESPIRATORY TRACT CONGESTION,117
THYROID FUNCTION TEST ABNORMAL,117
DYSENTERY,117
GLIOBLASTOMA,117
SKIN TEXTURE ABNORMAL,117
BLOOD CHOLESTEROL DECREASED,117
MULTI-ORGAN DISORDER,117
CARBON DIOXIDE DECREASED,117
HYPERAEMIA,116
PNEUMONIA LEGIONELLA,116
APPLICATION SITE DRYNESS,116
PERITONEAL DIALYSIS COMPLICATION,116
METABOLIC SURGERY,116
BLOOD ALKALINE PHOSPHATASE ABNORMAL,116
OTORRHOEA,116
METAMORPHOPSIA,116
AMAUROSIS FUGAX,116
URINARY TRACT OBSTRUCTION,116
TORTICOLLIS,116
CONNECTIVE TISSUE DISORDER,116
CEREBRAL TOXOPLASMOSIS,116
POSTPARTUM HAEMORRHAGE,116
LIVER TRANSPLANT REJECTION,116
BREAKTHROUGH HAEMOLYSIS,116
MITE ALLERGY,116
LYMPHOCYTE COUNT ABNORMAL,116
GASTROINTESTINAL VIRAL INFECTION,116
ANORECTAL DISORDER,116
APPLICATION SITE DISCOLOURATION,115
BLOOD CHLORIDE DECREASED,115
SUDDEN HEARING LOSS,115
THERAPEUTIC PRODUCT INEFFECTIVE,115
JOINT INSTABILITY,115
OFF LABEL USE OF DEVICE,115
AURA,115
OESOPHAGEAL FOOD IMPACTION,115
NEOPLASM SKIN,115
INTESTINAL PSEUDO-OBSTRUCTION,115
STILL^S DISEASE,114
ADRENOCORTICOTROPIC HORMONE DEFICIENCY,114
METASTASES TO PLEURA,114
MYCOBACTERIUM TUBERCULOSIS COMPLEX TEST POSITIVE,114
NASAL INFLAMMATION,114
DISCOLOURED VOMIT,114
GLUTEN SENSITIVITY,113
STEATORRHOEA,113
AORTIC VALVE STENOSIS,113
IMMUNE-MEDIATED ENCEPHALITIS,113
BLOOD IRON INCREASED,113
RHEUMATIC DISORDER,113
CHRONIC GRAFT VERSUS HOST DISEASE IN SKIN,113
UTERINE DISORDER,113
GAMBLING DISORDER,113
ANTIPSYCHOTIC DRUG LEVEL INCREASED,113
SINUSITIS BACTERIAL,112
GAZE PALSY,112
ADDISON^S DISEASE,112
INAPPROPRIATE SCHEDULE OF PRODUCT DISCONTINUATION,112
EYE OEDEMA,112
GASTROINTESTINAL HYPOMOTILITY,112
GASTROINTESTINAL STROMAL TUMOUR,112
NEUROGENIC BLADDER,112
METASTASES TO SKIN,112
JUGULAR VEIN THROMBOSIS,112
PELVIC INFLAMMATORY DISEASE,112
HAEMOPERITONEUM,112
DENTAL IMPLANTATION,111
INTERCEPTED MEDICATION ERROR,111
SCHIZOAFFECTIVE DISORDER,111
SEBORRHOEA,111
MYELITIS TRANSVERSE,111
MICROCYTIC ANAEMIA,111
WHITE BLOOD CELLS URINE POSITIVE,111
OBSTRUCTION GASTRIC,111
STREPTOCOCCAL BACTERAEMIA,111
MOUTH INJURY,111
GASTROINTESTINAL STOMA OUTPUT INCREASED,111
PANCREATIC CARCINOMA METASTATIC,111
INTESTINAL ULCER,111
NASAL PRURITUS,111
DEAFNESS BILATERAL,110
NEPHRECTOMY,110
PRECANCEROUS CONDITION,110
ORAL MUCOSAL ERUPTION,110
LOW DENSITY LIPOPROTEIN DECREASED,110
PYELONEPHRITIS ACUTE,110
RETINAL TOXICITY,110
CARBON DIOXIDE INCREASED,110
HEPATIC INFECTION,110
ARRHYTHMIC STORM,110
TROPONIN I INCREASED,110
GASTRIC BYPASS,109
FULL BLOOD COUNT INCREASED,109
GRANULOMATOSIS WITH POLYANGIITIS,109
RECTAL ABSCESS,109
THYROID HORMONES DECREASED,109
HYPERAMMONAEMIC ENCEPHALOPATHY,109
PERIPHERAL VEIN THROMBOSIS,109
ILLUSION,109
REDUCED FACIAL EXPRESSION,109
PULMONARY FUNCTION TEST ABNORMAL,109
VOCAL CORD DISORDER,109
JOINT ARTHROPLASTY,108
HERPES OPHTHALMIC,108
DEVICE RELATED THROMBOSIS,108
HYPOGEUSIA,108
PRODUCT DESIGN ISSUE,108
VOCAL CORD PARALYSIS,108
CYSTITIS NONINFECTIVE,108
COLON OPERATION,108
FOAMING AT MOUTH,107
PNEUMONIA PNEUMOCOCCAL,107
VERTIGO POSITIONAL,107
APPLICATION SITE HYPERSENSITIVITY,107
EPSTEIN-BARR VIRAEMIA,107
ENTEROCOCCAL BACTERAEMIA,107
EXTREMITY NECROSIS,107
METABOLIC ALKALOSIS,107
DUCTUS ARTERIOSUS STENOSIS FOETAL,107
INTESTINAL DILATATION,107
METAPNEUMOVIRUS INFECTION,107
SACRAL PAIN,107
OPHTHALMOPLEGIA,107
INTRA-ABDOMINAL HAEMORRHAGE,107
NEONATAL RESPIRATORY DISTRESS,107
MANTLE CELL LYMPHOMA,107
METABOLIC DYSFUNCTION-ASSOCIATED STEATOHEPATITIS,106
NEUROENDOCRINE TUMOUR,106
CLUSTER HEADACHE,106
PNEUMONIA NECROTISING,106
NECROTISING OESOPHAGITIS,106
ANTINEUTROPHIL CYTOPLASMIC ANTIBODY POSITIVE,106
MALIGNANT PLEURAL EFFUSION,106
RETINAL VASCULITIS,106
AUTOIMMUNE MYOSITIS,106
ENTEROVIRUS INFECTION,106
STOMA SITE ERYTHEMA,106
STREPTOCOCCAL SEPSIS,106
VASCULAR OCCLUSION,106
INFUSION RELATED HYPERSENSITIVITY REACTION,106
VACCINATION FAILURE,106
BLADDER NEOPLASM,106
ASTIGMATISM,106
XEROSIS,106
NICOTINE DEPENDENCE,106
POLYMYOSITIS,106
STOMA SITE INFECTION,106
GASTROINTESTINAL STOMA COMPLICATION,105
TENOSYNOVITIS,105
PLATELET TRANSFUSION,105
HAEMATOLOGICAL MALIGNANCY,105
SUPERINFECTION,105
CERVICAL SPINAL STENOSIS,105
PANCREATICODUODENECTOMY,105
SEROSITIS,105
SIALOADENITIS,105
DIABETIC METABOLIC DECOMPENSATION,105
DEVICE USE CONFUSION,105
ADHESIVE TAPE USE,105
PATERNAL EXPOSURE DURING PREGNANCY,105
DERMATITIS EXFOLIATIVE,105
PRODUCT CONTAMINATION MICROBIAL,105
ANAESTHETIC COMPLICATION,105
SUDDEN CARDIAC DEATH,105
TINEA PEDIS,104
LIPODYSTROPHY ACQUIRED,104
CHRONIC RESPIRATORY FAILURE,104
HYPOVITAMINOSIS,104
PRODUCT CONFUSION,104
STAPHYLOCOCCUS TEST POSITIVE,104
DRY AGE-RELATED MACULAR DEGENERATION,104
AXILLARY PAIN,104
WHITE MATTER LESION,104
PREMATURE SEPARATION OF PLACENTA,104
DUODENAL ULCER HAEMORRHAGE,104
CATHETER SITE SWELLING,104
TRACHEOSTOMY,104
KLEBSIELLA BACTERAEMIA,103
GENITAL PAIN,103
PENIS DISORDER,103
DIPLEGIA,103
HYPORESPONSIVE TO STIMULI,103
DISSEMINATED CRYPTOCOCCOSIS,103
PANCREATIC ENZYMES INCREASED,103
MASTOIDITIS,103
MONOPARESIS,103
LARYNGOSPASM,103
CEREBRAL MICROHAEMORRHAGE,103
CHANGE OF BOWEL HABIT,103
RETROPERITONEAL HAEMATOMA,103
ENCEPHALITIS VIRAL,103
BRONCHIAL SECRETION RETENTION,102
GROIN ABSCESS,102
STOMA SITE PAIN,102
MEAN CELL VOLUME DECREASED,102
OSTOMY BAG PLACEMENT,102
SYMMETRICAL DRUG-RELATED INTERTRIGINOUS AND FLEXURAL EXANTHEMA,102
MYCOBACTERIAL INFECTION,102
INTUSSUSCEPTION,102
CARDIAC AMYLOIDOSIS,102
WALKING DISABILITY,102
CEREBRAL VENOUS THROMBOSIS,102
FISTULA DISCHARGE,102
SMALL FIBRE NEUROPATHY,102
CRANIAL NERVE PARALYSIS,102
BONE CONTUSION,102
CHONDROPATHY,101
HYPOCOAGULABLE STATE,101
DYSHIDROTIC ECZEMA,101
SCABIES,101
KIDNEY FIBROSIS,101
ALCOHOL USE,101
MALIGNANT MELANOMA STAGE 0,101
ENTERITIS INFECTIOUS,101
ALLERGIC SINUSITIS,101
SCEDOSPORIUM INFECTION,101
BLOOD FIBRINOGEN DECREASED,101
CORNEAL OPACITY,101
NOSOCOMIAL INFECTION,100
RENAL HAEMORRHAGE,100
MENINGITIS BACTERIAL,100
URETEROLITHIASIS,100
IMMUNE-MEDIATED HYPOPHYSITIS,100
PROSTATIC SPECIFIC ANTIGEN ABNORMAL,100
ELECTROCARDIOGRAM ST SEGMENT DEPRESSION,100
URINARY HESITATION,100
INTERLEUKIN LEVEL INCREASED,100
OPTIC NERVE DISORDER,100
BREAST ENLARGEMENT,100
TELANGIECTASIA,100
SUBDURAL HAEMORRHAGE,100
KETOSIS,100
MONOCYTE COUNT DECREASED,100
HUMAN HERPESVIRUS 8 INFECTION,100
PERIPHERAL MOTOR NEUROPATHY,100
RENAL COLIC,100
MESOTHELIOMA MALIGNANT,100
FEBRILE INFECTION,100
ADENOCARCINOMA,100
ASTHMA-CHRONIC OBSTRUCTIVE PULMONARY DISEASE OVERLAP SYNDROME,100
CATHETER SITE DISCHARGE,99
EXPANDED DISABILITY STATUS SCALE SCORE INCREASED,99
OPTICAL COHERENCE TOMOGRAPHY ABNORMAL,99
NAIL INFECTION,99
IMMUNE-MEDIATED CHOLANGITIS,99
PNEUMONIA CRYPTOCOCCAL,99
NARCOLEPSY,99
VASOCONSTRICTION,99
LOSS OF CONTROL OF LEGS,99
DENTAL CARE,99
WHITE COAT HYPERTENSION,99
BILIARY DILATATION,99
ADMINISTRATION SITE EXTRAVASATION,99
HORMONE-REFRACTORY PROSTATE CANCER,99
EOSINOPHILIC MYOCARDITIS,98
METABOLIC SYNDROME,98
BLOOD PARATHYROID HORMONE DECREASED,98
GENERALISED ANXIETY DISORDER,98
SEROMA,98
RED BLOOD CELL COUNT ABNORMAL,98
JOINT DESTRUCTION,98
CHEST X-RAY ABNORMAL,98
SLEEP PARALYSIS,98
PULMONARY SEPSIS,98
LANGUAGE DISORDER,98
PRECANCEROUS SKIN LESION,98
DRUG SPECIFIC ANTIBODY,98
APPENDIX DISORDER,98
HEAT STROKE,98
NEUROLOGIC NEGLECT SYNDROME,98
CORTISOL INCREASED,97
OPTIC ATROPHY,97
THERAPEUTIC PRODUCT EFFECT INCREASED,97
ECTOPIC PREGNANCY WITH CONTRACEPTIVE DEVICE,97
VASCULAR STENT THROMBOSIS,97
GASTROINTESTINAL OEDEMA,97
CAMPYLOBACTER INFECTION,97
TETANY,97
ALCOHOL ABUSE,97
INFECTION PARASITIC,97
HUMAN CHORIONIC GONADOTROPIN INCREASED,97
HAEMODIALYSIS,97
REFLUX GASTRITIS,97
RED BLOOD CELL TRANSFUSION,97
BETA HAEMOLYTIC STREPTOCOCCAL INFECTION,97
PHARYNGEAL INFLAMMATION,97
BLOODY PERITONEAL EFFLUENT,96
URINE ALBUMIN/CREATININE RATIO INCREASED,96
METABOLIC DYSFUNCTION-ASSOCIATED LIVER DISEASE,96
BLOOD THYROID STIMULATING HORMONE ABNORMAL,96
PARAPARESIS,96
CONTRAINDICATION TO MEDICAL TREATMENT,96
SPIROMETRY ABNORMAL,96
RIGHT VENTRICULAR DYSFUNCTION,96
PRODUCT OUTER PACKAGING ISSUE,96
PAROTITIS,96
CUTANEOUS LUPUS ERYTHEMATOSUS,96
DEAFNESS PERMANENT,96
PRERENAL FAILURE,96
INTESTINAL POLYP,96
POST PROCEDURAL SWELLING,96
FEBRILE CONVULSION,96
MALACOPLAKIA,96
BLOOD BICARBONATE DECREASED,96
IMMUNE-MEDIATED NEPHRITIS,95
INFECTED SKIN ULCER,95
CYSTITIS INTERSTITIAL,95
SMALL INTESTINAL HAEMORRHAGE,95
PATENT DUCTUS ARTERIOSUS,95
INFECTION IN AN IMMUNOCOMPROMISED HOST,95
GALLBLADDER ENLARGEMENT,95
LISTERIOSIS,95
PANCREATIC NEOPLASM,95
NASAL ULCER,95
IMMUNE-MEDIATED MYASTHENIA GRAVIS,95
DACRYOSTENOSIS ACQUIRED,95
HYPERLEUKOCYTOSIS,95
GASTRIC DILATATION,94
SPINAL CORD DISORDER,94
PRODUCT DOSE CONFUSION,94
MAGNETIC RESONANCE IMAGING HEAD ABNORMAL,94
TONSILLECTOMY,94
TALIPES,94
ANAL PRURITUS,94
CENTRAL NERVOUS SYSTEM INFECTION,94
INTESTINAL FISTULA,94
HEAD TITUBATION,94
AUTONOMIC NEUROPATHY,94
FUNGAL FOOT INFECTION,94
CROUP INFECTIOUS,94
COSTOCHONDRITIS,94
SLEEP TALKING,94
NEPHROCALCINOSIS,94
AORTIC VALVE REPLACEMENT,94
ORAL MUCOSAL ERYTHEMA,94
MUTISM,94
DACTYLITIS,94
GLUCOSE URINE PRESENT,94
BLOODY DISCHARGE,94
CONVERSION DISORDER,94
ECZEMA NUMMULAR,93
HYPOCHLORAEMIA,93
BILE DUCT STENOSIS,93
MYOCARDITIS-MYOSITIS-MYASTHENIA GRAVIS OVERLAP SYNDROME,93
NASAL OPERATION,93
EARLY SATIETY,93
DEVICE LOOSENING,93
LACUNAR INFARCTION,93
BLOOD BILIRUBIN ABNORMAL,93
TOXOPLASMOSIS,93
MUSCLE CONTRACTURE,93
EXPULSION OF MEDICATION,93
INTRAVENTRICULAR HAEMORRHAGE,93
RADIUS FRACTURE,93
COLON CANCER METASTATIC,93
IDIOSYNCRATIC DRUG REACTION,93
INTESTINAL MASS,92
BRADYARRHYTHMIA,92
ECHOCARDIOGRAM ABNORMAL,92
ENTHESOPATHY,92
TRYPTASE INCREASED,92
ACUTE PROMYELOCYTIC LEUKAEMIA,92
INSULIN-LIKE GROWTH FACTOR INCREASED,92
SUPERINFECTION BACTERIAL,92
DISSEMINATED VARICELLA ZOSTER VIRUS INFECTION,92
WRONG PATIENT,92
POST HERPETIC NEURALGIA,92
HER2 POSITIVE BREAST CANCER,92
ARTERIAL HAEMORRHAGE,91
EXPOSURE TO SARS-COV-2,91
NON-SMALL CELL LUNG CANCER METASTATIC,91
IMMUNE-MEDIATED THYROIDITIS,91
SPUTUM RETENTION,91
MOANING,91
HEART VALVE REPLACEMENT,91
CHOROIDAL EFFUSION,91
ATONIC SEIZURES,91
MICROCEPHALY,91
ACINETOBACTER INFECTION,91
POOR FEEDING INFANT,91
EPIDIDYMITIS,91
PULMONARY CAVITATION,91
MORNING SICKNESS,91
RESPIRATORY SYNCYTIAL VIRUS TEST POSITIVE,91
KLEBSIELLA SEPSIS,91
LEARNING DISABILITY,90
GASTRITIS HAEMORRHAGIC,90
ANION GAP INCREASED,90
DAYDREAMING,90
AORTIC THROMBOSIS,90
PRODUCT EXPIRATION DATE ISSUE,90
NEUROGENIC SHOCK,90
INTERVERTEBRAL DISC OPERATION,90
PSYCHOLOGICAL TRAUMA,90
INFANTILE SPASMS,90
ABSCESS ORAL,90
CALCIPHYLAXIS,90
FOETAL EXPOSURE TIMING UNSPECIFIED,90
IMMUNE-MEDIATED RENAL DISORDER,90
HORMONE RECEPTOR POSITIVE HER2 NEGATIVE BREAST CANCER,89
INTESTINAL ANASTOMOSIS,89
SPLEEN DISORDER,89
OBLITERATIVE BRONCHIOLITIS,89
GLOMERULAR FILTRATION RATE INCREASED,89
BRUGADA SYNDROME,89
OESOPHAGEAL SPASM,89
CYSTOCELE,89
STARVATION,89
DELAYED RECOVERY FROM ANAESTHESIA,89
CYTOKINE STORM,89
PENILE PAIN,89
STERNAL FRACTURE,89
SINUSITIS FUNGAL,89
BLUNTED AFFECT,89
TONGUE BLISTERING,89
CENTRAL SLEEP APNOEA SYNDROME,89
BLOOD SODIUM ABNORMAL,89
FRACTURED COCCYX,89
URETERITIS,89
HAIR DISORDER,89
JAW FRACTURE,89
PRODUCT CLOSURE REMOVAL DIFFICULT,88
ACCIDENTAL DEATH,88
JAUNDICE NEONATAL,88
LIP INJURY,88
CATHETER PLACEMENT,88
BLOOD PRESSURE MEASUREMENT,88
GALLBLADDER INJURY,88
ALLERGY TO PLANTS,88
DEVICE ELECTRICAL FINDING,88
CRITICAL ILLNESS,88
GENITAL HERPES,88
LIP DISCOLOURATION,88
GENERALISED BULLOUS FIXED DRUG ERUPTION,88
RADIATION INJURY,88
EOSINOPHILIC PNEUMONIA ACUTE,88
BLOOD ALKALINE PHOSPHATASE DECREASED,88
RED BLOOD CELL SEDIMENTATION RATE ABNORMAL,87
PULMONARY SARCOIDOSIS,87
SKIN FRAGILITY,87
BILIARY TRACT DISORDER,87
PULPITIS DENTAL,87
PANCREATECTOMY,87
PERICARDIAL HAEMORRHAGE,87
IMMUNE-MEDIATED PANCREATITIS,87
ELECTROCARDIOGRAM PR PROLONGATION,87
BLADDER OPERATION,87
PLASMACYTOMA,87
HAEMOPHILUS INFECTION,87
INFUSION SITE OEDEMA,86
DEEP BRAIN STIMULATION,86
ABDOMINAL WALL HAEMATOMA,86
CHRONIC CUTANEOUS LUPUS ERYTHEMATOSUS,86
ACQUIRED HAEMOPHILIA,86
LIBIDO INCREASED,86
ACUTE SINUSITIS,86
TONGUE HAEMORRHAGE,86
CARPAL TUNNEL DECOMPRESSION,86
APPLICATION SITE DISCOMFORT,86
ACROCHORDON,86
PERIPHERAL ARTERY THROMBOSIS,86
ACUTE CHOLECYSTITIS NECROTIC,86
SYPHILIS,86
PRODUCT USED FOR UNKNOWN INDICATION,86
SKIN LAXITY,86
EJACULATION FAILURE,86
INJECTION SITE NECROSIS,86
ATRIAL THROMBOSIS,86
SUSPECTED PRODUCT TAMPERING,85
BIPOLAR I DISORDER,85
SARCOID-LIKE REACTION,85
CD4 LYMPHOCYTES DECREASED,85
GASTROINTESTINAL TRACT IRRITATION,85
PNEUMONIA RESPIRATORY SYNCYTIAL VIRAL,85
MUSCLE DISCOMFORT,85
LUNG CARCINOMA CELL TYPE UNSPECIFIED STAGE IV,85
METASTASES TO ADRENALS,85
INDURATION,85
AORTITIS,85
MENIERE^S DISEASE,85
OPPORTUNISTIC INFECTION,85
DIVERTICULAR PERFORATION,85
DEVICE KINK,85
FOLATE DEFICIENCY,84
CHOREA,84
DUODENAL PERFORATION,84
BLOOD IMMUNOGLOBULIN G INCREASED,84
AMAUROSIS,84
PITUITARY TUMOUR,84
CYTOMEGALOVIRUS ENTEROCOLITIS,84
RENAL TRANSPLANT FAILURE,84
PANCREATIC MASS,84
DISSEMINATED ASPERGILLOSIS,84
RENAL INFARCT,84
FANCONI SYNDROME,84
MASTOCYTOSIS,84
EXTRAVASCULAR HAEMOLYSIS,84
MENINGITIS VIRAL,83
CORNEAL ABRASION,83
BLOOD FOLATE DECREASED,83
BLADDER DISCOMFORT,83
BLAST CELL COUNT INCREASED,83
PARESIS,83
GASTROENTERITIS SALMONELLA,83
HAPTOGLOBIN DECREASED,83
HYPERCOAGULATION,83
PRODUCT PACKAGING CONFUSION,83
LIP EXFOLIATION,83
INFECTED CYST,83
HERPES ZOSTER DISSEMINATED,82
GALLBLADDER RUPTURE,82
MEDICATION OVERUSE HEADACHE,82
PARADOXICAL PSORIASIS,82
LIP HAEMORRHAGE,82
BREAST CYST,82
PEYRONIE^S DISEASE,82
VEIN COLLAPSE,82
AORTIC DILATATION,82
PRODUCT COATING ISSUE,82
DARK CIRCLES UNDER EYES,82
SMALL INTESTINAL STENOSIS,82
ESSENTIAL TREMOR,82
SOLILOQUY,82
DRUG-DISEASE INTERACTION,82
DYSLEXIA,81
POSITRON EMISSION TOMOGRAM ABNORMAL,81
PLATELET COUNT,81
ORCHITIS,81
GLOMERULONEPHRITIS RAPIDLY PROGRESSIVE,81
PREMATURE RUPTURE OF MEMBRANES,81
HEART TRANSPLANT REJECTION,81
MACULAR HOLE,81
DEVICE INEFFECTIVE,81
ARTERIAL DISORDER,81
SUPERFICIAL INJURY OF EYE,81
PLEURAL MESOTHELIOMA MALIGNANT,81
INFUSION SITE CELLULITIS,81
IDIOPATHIC INTERSTITIAL PNEUMONIA,81
VENA CAVA THROMBOSIS,81
INFECTED BITE,81
ANTICOAGULATION DRUG LEVEL ABOVE THERAPEUTIC,81
MYASTHENIC SYNDROME,81
PAINFUL RESPIRATION,81
INFLUENZA A VIRUS TEST POSITIVE,81
RENAL VEIN THROMBOSIS,81
BINGE EATING,80
ARTERIAL THROMBOSIS,80
PELVIC ABSCESS,80
UNINTENTIONAL USE FOR UNAPPROVED INDICATION,80
HYPERTENSIVE URGENCY,80
HYPOPERFUSION,80
SYMPTOM MASKED,80
SARCOPENIA,80
NEPHROGENIC ANAEMIA,80
FRACTURED SACRUM,80
EMBOLIA CUTIS MEDICAMENTOSA,80
PHARYNGEAL ULCERATION,80
VICTIM OF HOMICIDE,80
LIGHT CHAIN ANALYSIS INCREASED,80
RADIATION NECROSIS,80
LIP ERYTHEMA,80
WERNICKE^S ENCEPHALOPATHY,80
OPTIC NERVE INJURY,80
STEROID WITHDRAWAL SYNDROME,80
MULTIPLE SCLEROSIS PSEUDO RELAPSE,80
WRONG DEVICE USED,80
CHONDROCALCINOSIS,80
VAGINAL FLATULENCE,80
PRODUCT BLISTER PACKAGING ISSUE,80
CHYLOTHORAX,79
NON-CARDIAC CHEST PAIN,79
RESTLESS LEG AUGMENTATION SYNDROME,79
POST PROCEDURAL HAEMATOMA,79
WRIST SURGERY,79
GASTROENTERITIS NOROVIRUS,79
IMPRISONMENT,79
URINE KETONE BODY PRESENT,79
INJECTION SITE SCAB,79
ADENOCARCINOMA GASTRIC,79
DISSEMINATED MUCORMYCOSIS,79
HEPATIC ENZYME,79
PUNCTATE KERATITIS,79
LEFT ATRIAL ENLARGEMENT,79
INSTILLATION SITE DISCHARGE,79
MATERNAL DRUGS AFFECTING FOETUS,79
BREAST CANCER STAGE I,79
UTERINE PAIN,79
TONGUE DRY,79
OTITIS EXTERNA,78
TUMOUR PAIN,78
BLOOD CULTURE POSITIVE,78
NECROTISING COLITIS,78
FOETAL EXPOSURE DURING DELIVERY,78
SITTING DISABILITY,78
CORNEAL TRANSPLANT,78
CHEMICAL BURN,78
MEDICAL DEVICE DISCOMFORT,78
DENTAL RESTORATION FAILURE,78
JC POLYOMAVIRUS TEST POSITIVE,78
AGONAL RESPIRATION,78
PRODUCT ADMINISTERED BY WRONG PERSON,78
DISTRACTIBILITY,78
INCREASED VISCOSITY OF UPPER RESPIRATORY SECRETION,78
IMMUNOSUPPRESSANT DRUG LEVEL DECREASED,78
OSTEOCHONDROSIS,78
PHARYNGEAL ERYTHEMA,77
HAEMORRHAGE IN PREGNANCY,77
HOMICIDAL IDEATION,77
HEMIANOPIA,77
RESUSCITATION,77
SPRUE-LIKE ENTEROPATHY,77
BIOPSY,77
DIVERTICULUM INTESTINAL HAEMORRHAGIC,77
HILAR LYMPHADENOPATHY,77
FAECAL VOLUME DECREASED,77
RECTAL ULCER,77
WALDENSTROM^S MACROGLOBULINAEMIA,77
INTERCEPTED PRODUCT SELECTION ERROR,77
AGORAPHOBIA,77
BLADDER CATHETERISATION,77
TINEA INFECTION,77
EHLERS-DANLOS SYNDROME,77
BOWEN^S DISEASE,77
CAMPYLOBACTER GASTROENTERITIS,77
HYPERTENSIVE EMERGENCY,77
CEREBRAL ASPERGILLOSIS,77
PERFUME SENSITIVITY,77
INTERNATIONAL NORMALISED RATIO ABNORMAL,77
PRURITUS ALLERGIC,77
MAMMOPLASTY,77
PERIPHERAL NERVE INJURY,77
ECZEMA HERPETICUM,77
EJECTION FRACTION ABNORMAL,77
SMOOTH MUSCLE CELL NEOPLASM,77
EPIDERMAL NECROSIS,76
LOSS OF EMPLOYMENT,76
ISCHAEMIC CARDIOMYOPATHY,76
TESTICULAR SWELLING,76
OVARIAN CYST RUPTURED,76
PILOERECTION,76
INTRADUCTAL PROLIFERATIVE BREAST LESION,76
LIP PRURITUS,76
VISCERAL LEISHMANIASIS,76
STAPHYLOCOCCAL SKIN INFECTION,76
PERINEAL PAIN,76
DEATH NEONATAL,76
FOETAL DISTRESS SYNDROME,76
BALANOPOSTHITIS,76
CUTANEOUS SYMPTOM,76
FISTULA OF SMALL INTESTINE,76
HYPERTHERMIA MALIGNANT,76
TENDON DISCOMFORT,76
COLORECTAL ADENOMA,76
GLYCOSURIA,76
COLONIC ABSCESS,76
KNEE DEFORMITY,76
SOLAR LENTIGO,76
PROCEDURAL NAUSEA,76
MEAN PLATELET VOLUME DECREASED,75
ALLERGY TEST POSITIVE,75
ORAL MUCOSA EROSION,75
FACIAL ASYMMETRY,75
PHARYNGEAL OEDEMA,75
GRANULOMA SKIN,75
PALMAR ERYTHEMA,75
CALCULUS URINARY,75
PNEUMONIA STREPTOCOCCAL,75
OLIGOMENORRHOEA,75
INJECTION SITE DRYNESS,75
CLEFT PALATE,75
TONGUE PRURITUS,75
SLOW RESPONSE TO STIMULI,75
BENIGN NEOPLASM,75
VASCULAR PURPURA,75
PULMONARY ARTERIAL PRESSURE INCREASED,75
LIMB DEFORMITY,75
ANTIBODY TEST POSITIVE,75
INFUSION SITE SCAR,75
TONIC CLONIC MOVEMENTS,75
IMPATIENCE,75
FAECAL OCCULT BLOOD POSITIVE,75
HYPOFIBRINOGENAEMIA,75
INFANTILE APNOEA,75
CONJUNCTIVAL OEDEMA,75
ANISOCORIA,75
DISSOCIATIVE DISORDER,75
SOMATIC SYMPTOM DISORDER,74
DYSCHROMATOPSIA,74
BLADDER CANCER RECURRENT,74
BREAST OPERATION,74
THERAPEUTIC PRODUCT EFFECT PROLONGED,74
LIP DISORDER,74
HIRSUTISM,74
LEUKAEMIA RECURRENT,74
FOCAL DYSCOGNITIVE SEIZURES,74
MECHANICAL VENTILATION,74
MINIMAL RESIDUAL DISEASE,74
SKIN BACTERIAL INFECTION,74
HYPOREFLEXIA,74
BREATH HOLDING,74
ANIMAL SCRATCH,74
SUBCUTANEOUS EMPHYSEMA,74
GASTRIC OPERATION,74
HYPOGLYCAEMIA NEONATAL,74
CEREBELLAR SYNDROME,74
GENITAL RASH,74
EVANS SYNDROME,74
PREGNANCY AFTER POST COITAL CONTRACEPTION,74
CORNEA VERTICILLATA,73
HERPES SIMPLEX REACTIVATION,73
DIABETIC NEPHROPATHY,73
OESOPHAGEAL OBSTRUCTION,73
MYOCARDIAL FIBROSIS,73
RENAL ATROPHY,73
VITAMIN B12 INCREASED,73
DUPUYTREN^S CONTRACTURE,73
PSEUDOMEMBRANOUS COLITIS,73
URTICARIAL VASCULITIS,73
PROTHROMBIN TIME RATIO DECREASED,73
DRAINAGE,73
HYPOCHOLESTEROLAEMIA,73
POST PROCEDURAL INFLAMMATION,73
INCREASED NEED FOR SLEEP,73
ATROPHY,73
KYPHOSIS,73
CARDIOVASCULAR INSUFFICIENCY,73
IIIRD NERVE PARALYSIS,73
SYSTOLIC DYSFUNCTION,73
PANCREATITIS RELAPSING,73
LIPIDS ABNORMAL,73
ANALGESIC THERAPY,73
RENAL ABSCESS,73
SLEEVE GASTRECTOMY,73
DYSPLASIA,73
ABDOMINAL LYMPHADENOPATHY,73
DIVERTICULITIS INTESTINAL PERFORATED,73
EFFUSION,73
HYPOCHROMIC ANAEMIA,72
ENTEROCUTANEOUS FISTULA,72
URTICARIA CHRONIC,72
VANCOMYCIN INFUSION REACTION,72
VENOUS OCCLUSION,72
FUSARIUM INFECTION,72
MYCOBACTERIUM ABSCESSUS INFECTION,72
HAEMORRHAGIC TRANSFORMATION STROKE,72
RESTRICTIVE PULMONARY DISEASE,72
GASTROENTERITIS ESCHERICHIA COLI,72
RESPIRATORY TRACT IRRITATION,72
PUPIL FIXED,72
ALPHA HAEMOLYTIC STREPTOCOCCAL INFECTION,72
MYCOBACTERIUM CHELONAE INFECTION,72
ABNORMAL SLEEP-RELATED EVENT,72
SKIN DEPIGMENTATION,72
AORTIC VALVE DISEASE,72
SPEECH DISORDER DEVELOPMENTAL,72
GASTRIC ULCER PERFORATION,72
DIABETIC COMPLICATION,72
ATYPICAL HAEMOLYTIC URAEMIC SYNDROME,72
LACRIMAL STRUCTURE INJURY,72
MICROANGIOPATHY,71
PRODUCT CLOSURE ISSUE,71
PRODUCT SUBSTITUTION,71
CEREBELLAR INFARCTION,71
PYELOCALIECTASIS,71
CHRONIC LYMPHOCYTIC LEUKAEMIA RECURRENT,71
SMALL INTESTINE ULCER,71
TOTAL LUNG CAPACITY ABNORMAL,71
INTENTIONAL MEDICAL DEVICE REMOVAL BY PATIENT,71
TOTAL LUNG CAPACITY INCREASED,71
ALANINE AMINOTRANSFERASE DECREASED,71
TROPONIN T INCREASED,71
MULTIPLE INJURIES,71
APPLICATION SITE INFLAMMATION,71
NEUROMYOPATHY,71
INSPIRATORY CAPACITY DECREASED,71
EJACULATION DISORDER,71
INCISION SITE IMPAIRED HEALING,71
CARBOHYDRATE ANTIGEN 125 INCREASED,71
PROCTITIS ULCERATIVE,71
TONGUE NEOPLASM MALIGNANT STAGE UNSPECIFIED,71
VASCULAR INJURY,70
GUN SHOT WOUND,70
BODY MASS INDEX ABNORMAL,70
SKIN NEOPLASM EXCISION,70
HAEMOLYTIC URAEMIC SYNDROME,70
HEART DISEASE CONGENITAL,70
INTRACRANIAL MASS,70
BREAST DISCHARGE,70
ATROPHIC VULVOVAGINITIS,70
ANASTOMOTIC ULCER,70
RETROPERITONEAL HAEMORRHAGE,70
FAECAL CALPROTECTIN ABNORMAL,70
VULVOVAGINAL ERYTHEMA,70
MYELOPROLIFERATIVE NEOPLASM,70
NEUROENDOCRINE CARCINOMA OF THE SKIN,70
ESCHERICHIA TEST POSITIVE,70
HEMIHYPOAESTHESIA,70
ABDOMINAL WALL ABSCESS,70
PATIENT UNCOOPERATIVE,70
NIGHT BLINDNESS,70
ELECTROCARDIOGRAM T WAVE INVERSION,70
TOXIC LEUKOENCEPHALOPATHY,70
DIZZINESS EXERTIONAL,70
PHYSICAL EXAMINATION ABNORMAL,70
VULVOVAGINAL INJURY,69
UREAPLASMA INFECTION,69
DIABETIC COMA,69
HEPATOBILIARY DISEASE,69
ABSCESS DRAINAGE,69
ACUTE LEUKAEMIA,69
TONGUE ERYTHEMA,69
CLOSTRIDIAL INFECTION,69
ABNORMAL WITHDRAWAL BLEEDING,69
FUNGAL PERITONITIS,69
INTRA-ABDOMINAL HAEMATOMA,69
INFANTILE SPITTING UP,69
FANCONI SYNDROME ACQUIRED,69
LIBIDO DISORDER,69
SEBORRHOEIC KERATOSIS,69
COITAL BLEEDING,69
ENTERAL NUTRITION,69
ELECTROCARDIOGRAM T WAVE ABNORMAL,69
BONE NEOPLASM,69
BLOOD TESTOSTERONE ABNORMAL,69
DRUG CLEARANCE DECREASED,69
CEREBRAL MASS EFFECT,69
DIFFUSE ALOPECIA,69
BLOOD PRESSURE IMMEASURABLE,69
FORCED VITAL CAPACITY DECREASED,69
PRODUCT SELECTION ERROR,69
RELAPSING-REMITTING MULTIPLE SCLEROSIS,69
BLADDER DYSFUNCTION,69
INFUSION SITE VESICLES,68
IMMUNE EFFECTOR CELL-ASSOCIATED HAEMATOTOXICITY,68
INCISIONAL HERNIA,68
CEREBROVASCULAR DISORDER,68
OBSESSIVE THOUGHTS,68
VESTIBULAR DISORDER,68
PSEUDOMONAS TEST POSITIVE,68
COMPUTERISED TOMOGRAM ABNORMAL,68
ANGULAR CHEILITIS,68
MALE SEXUAL DYSFUNCTION,68
BLOOD URIC ACID ABNORMAL,68
CHALAZION,68
NASAL INJURY,68
MUCOSAL ULCERATION,68
CEREBRAL SMALL VESSEL ISCHAEMIC DISEASE,68
BRONCHIAL DISORDER,68
PERFORATION,68
GLOMERULONEPHRITIS MEMBRANOUS,68
BONE MARROW OEDEMA,68
BREAST ABSCESS,68
BLOOD IMMUNOGLOBULIN A DECREASED,68
KERATOACANTHOMA,68
ORAL MUCOSAL EXFOLIATION,68
NONINFECTIVE ENCEPHALITIS,68
SPINAL DEFORMITY,68
ABSENCE OF IMMEDIATE TREATMENT RESPONSE,68
JOINT WARMTH,68
NOCTURNAL DYSPNOEA,67
MYOGLOBIN BLOOD INCREASED,67
VASOSPASM,67
LYMPHOMA TRANSFORMATION,67
MUCOSAL HAEMORRHAGE,67
DEVICE WIRELESS COMMUNICATION ISSUE,67
DRUG MONITORING PROCEDURE INCORRECTLY PERFORMED,67
IMPLANT SITE PAIN,67
VASCULAR PAIN,67
SUBILEUS,67
BUTTERFLY RASH,67
PALMOPLANTAR KERATODERMA,67
CEREBRAL PALSY,67
TOPICAL STEROID WITHDRAWAL REACTION,67
VASCULAR RUPTURE,67
EPICONDYLITIS,67
ADAMTS13 ACTIVITY DECREASED,67
DIVERTICULUM,67
ALLERGIC COUGH,67
REBOUND NASAL CONGESTION,67
CALCULUS BLADDER,67
ONYCHALGIA,67
INJECTION SITE ATROPHY,67
VENTRICULAR HYPERTROPHY,67
PNEUMONIA HAEMOPHILUS,67
CORONARY ARTERY THROMBOSIS,67
SUSPECTED TRANSMISSION OF AN INFECTIOUS AGENT VIA PRODUCT,67
EXPOSURE VIA DIRECT CONTACT,67
DRUG SCREEN NEGATIVE,67
EPSTEIN-BARR VIRUS ASSOCIATED LYMPHOMA,67
ALVEOLAR PROTEINOSIS,67
PSEUDO CUSHING^S SYNDROME,66
PRODUCT APPEARANCE CONFUSION,66
ADRENAL SUPPRESSION,66
PATIENT ELOPEMENT,66
BAND SENSATION,66
EXCESSIVE EYE BLINKING,66
BRONCHIAL HYPERREACTIVITY,66
COMPLEX REGIONAL PAIN SYNDROME,66
CONGENITAL HIATUS HERNIA,66
DEFAECATION DISORDER,66
SPLENIC RUPTURE,66
FOREARM FRACTURE,66
CANCER SURGERY,66
BLISTER RUPTURE,66
PATIENT DISSATISFACTION WITH DEVICE,66
DRUG LEVEL ABNORMAL,66
COCCIDIOIDOMYCOSIS,66
BLOOD UREA DECREASED,66
CAROTID ARTERIOSCLEROSIS,66
SALIVARY HYPOSECRETION,66
CERVICAL RADICULOPATHY,66
VULVAL DISORDER,66
DIARRHOEA INFECTIOUS,66
BLOOD UREA ABNORMAL,66
HYPERFERRITINAEMIA,66
BLOOD ELECTROLYTES ABNORMAL,66
XEROPHTHALMIA,66
EMERGENCY CARE EXAMINATION,66
STREPTOCOCCUS TEST POSITIVE,66
CRYPTORCHISM,65
GRANULOMATOUS LIVER DISEASE,65
EYELID EXFOLIATION,65
BRADYCARDIA NEONATAL,65
COGWHEEL RIGIDITY,65
POLYCYTHAEMIA VERA,65
HEPATORENAL SYNDROME,65
FOETAL HEART RATE DECELERATION ABNORMALITY,65
PREMATURE MENOPAUSE,65
PERITONSILLAR ABSCESS,65
RESPIRATORY TRACT OEDEMA,65
RETICULOCYTE COUNT INCREASED,65
ABDOMINAL SEPSIS,65
AGE-RELATED MACULAR DEGENERATION,65
CHORIORETINITIS,65
MICROVASCULAR CORONARY ARTERY DISEASE,65
PITUITARY TUMOUR BENIGN,65
CHOROIDAL NEOVASCULARISATION,65
ABORTION MISSED,65
LICHEN SCLEROSUS,65
PREMENSTRUAL SYNDROME,65
PRODUCT COMMINGLING,65
STOMACH MASS,65
PROSTATE CANCER RECURRENT,65
TESTICULAR ATROPHY,65
PLEURAL THICKENING,65
GLIOBLASTOMA MULTIFORME,65
BLADDER DILATATION,65
LYMPHOCYTE PERCENTAGE DECREASED,65
ENDOMETRIAL THICKENING,65
ILEOCAECAL RESECTION,65
REACTION TO PRESERVATIVES,65
COAGULATION TIME PROLONGED,65
FOREIGN BODY IN EYE,64
GINGIVAL DISCOMFORT,64
BLOOD ALBUMIN INCREASED,64
DELAYED GRAFT FUNCTION,64
PRODUCT ADVERTISING ISSUE,64
LIP AND/OR ORAL CAVITY CANCER,64
DIABETIC KETOSIS,64
ACUTE ABDOMEN,64
PURULENCE,64
URGE INCONTINENCE,64
HUMAN RHINOVIRUS TEST POSITIVE,64
DEVICE IMPLANTATION ERROR,64
GENITAL BURNING SENSATION,64
INNER EAR DISORDER,64
NASAL CRUSTING,64
BONE GIANT CELL TUMOUR,64
BLISTER INFECTED,64
MIXED ANXIETY AND DEPRESSIVE DISORDER,64
PSYCHOGENIC SEIZURE,64
PULMONARY INFARCTION,64
CHEMICAL SUBMISSION,64
ONCOLOGIC COMPLICATION,64
CHRONIC ALLOGRAFT NEPHROPATHY,64
EYE LASER SURGERY,64
FEAR OF FALLING,64
COLON NEOPLASM,64
CARDIAC FIBRILLATION,64
EPIRETINAL MEMBRANE,64
HYPOSPADIAS,64
ENDOCARDITIS BACTERIAL,64
PRINZMETAL ANGINA,64
URETERIC STENOSIS,64
ANGIOPLASTY,64
SECONDARY PROGRESSIVE MULTIPLE SCLEROSIS,64
DEMYELINATING POLYNEUROPATHY,64
RECTAL PROLAPSE,63
NAIL BED BLEEDING,63
MEIBOMIAN GLAND DYSFUNCTION,63
CONGENITAL CENTRAL NERVOUS SYSTEM ANOMALY,63
CARBOHYDRATE ANTIGEN 15-3 INCREASED,63
NEUROSARCOIDOSIS,63
EYE COLOUR CHANGE,63
LACTATION INSUFFICIENCY,63
GENITAL ERYTHEMA,63
EXCESSIVE CERUMEN PRODUCTION,63
ANTICOAGULANT THERAPY,63
LUNG TRANSPLANT REJECTION,63
CAUDA EQUINA SYNDROME,63
HEAT ILLNESS,63
DOCUMENTED HYPERSENSITIVITY TO ADMINISTERED PRODUCT,63
ANOGENITAL WARTS,63
PRIMARY BILIARY CHOLANGITIS,63
CORNEAL PERFORATION,63
BLOOD KETONE BODY INCREASED,63
THIRST DECREASED,63
WOUND INFECTION STAPHYLOCOCCAL,63
DENTAL DISCOMFORT,63
PNEUMONIA MYCOPLASMAL,63
POSTOPERATIVE WOUND COMPLICATION,63
ABULIA,63
GLUCOCORTICOID DEFICIENCY,62
TEETH BRITTLE,62
ERYTHRODERMIC PSORIASIS,62
RHONCHI,62
PROSTATE INFECTION,62
BILE ACID MALABSORPTION,62
GAMMA-GLUTAMYLTRANSFERASE ABNORMAL,62
PELVIC DISCOMFORT,62
THYROID OPERATION,62
NSAID EXACERBATED RESPIRATORY DISEASE,62
EXPOSURE TO ALLERGEN,62
VAGAL NERVE STIMULATOR IMPLANTATION,62
PHARYNGEAL HAEMORRHAGE,62
TRANSFORMATION TO ACUTE MYELOID LEUKAEMIA,62
VITAL FUNCTIONS ABNORMAL,62
RETROGRADE EJACULATION,62
ROTAVIRUS INFECTION,62
SPINAL LAMINECTOMY,62
SKIN OEDEMA,62
MOLLUSCUM CONTAGIOSUM,62
POST PROCEDURAL SEPSIS,62
CALCINEURIN INHIBITOR INDUCED PAIN SYNDROME,62
SURGICAL FAILURE,62
TRACHEITIS,62
OSTEOSCLEROSIS,62
LIP ULCERATION,62
TOE OPERATION,62
DISTURBANCE IN SOCIAL BEHAVIOUR,62
CATHETER SITE RELATED REACTION,62
SINUS ARREST,62
CORYNEBACTERIUM INFECTION,62
DRUG SCREEN FALSE POSITIVE,62
DOSE CALCULATION ERROR,62
ATYPICAL FRACTURE,61
BREAKTHROUGH PAIN,61
URETERIC OBSTRUCTION,61
TONGUE INJURY,61
SYMPATHOMIMETIC EFFECT,61
SINONASAL OBSTRUCTION,61
INADEQUATE PERITONEAL DIALYSIS,61
LUNG OPERATION,61
CYST RUPTURE,61
MENSTRUAL CLOTS,61
KERATIC PRECIPITATES,61
ENGRAFTMENT SYNDROME,61
NAIL GROWTH ABNORMAL,61
PERIORBITAL IRRITATION,61
OESOPHAGEAL ACHALASIA,61
MITRAL VALVE DISEASE,61
PROTEIN TOTAL ABNORMAL,61
LYMPHATIC DISORDER,61
ARTHRODESIS,61
POSTICTAL STATE,61
VASOGENIC CEREBRAL OEDEMA,61
ENTEROVESICAL FISTULA,61
BRAIN STEM SYNDROME,61
MEASLES,61
DRUG WITHDRAWAL CONVULSIONS,61
TUMOUR FLARE,61
PNEUMOCOCCAL INFECTION,61
VACCINATION SITE PAIN,61
BLADDER HYPERTROPHY,61
LARYNGEAL DYSKINESIA,61
FOETAL MALFORMATION,61
DEVICE RELATED BACTERAEMIA,61
GRANULOMA ANNULARE,60
OEDEMATOUS PANCREATITIS,60
APPLICATION SITE SCAR,60
PSEUDOSTROKE,60
LIPOEDEMA,60
HEARING AID USER,60
OESOPHAGEAL ADENOCARCINOMA,60
AXILLARY MASS,60
EROSIVE OESOPHAGITIS,60
PROSTATECTOMY,60
PELVIC VENOUS THROMBOSIS,60
EOSINOPHIL COUNT ABNORMAL,60
KLEBSIELLA URINARY TRACT INFECTION,60
DRUG THERAPY,60
NASAL MUCOSAL DISORDER,60
ALCOHOL INTERACTION,60
APPENDICOLITH,60
PENILE SIZE REDUCED,60
RENAL SURGERY,60
TRANSFUSION REACTION,60
HEAT EXHAUSTION,60
PNEUMOTHORAX SPONTANEOUS,60
VASCULAR DEVICE OCCLUSION,60
APPLICATION SITE HAEMORRHAGE,59
SPONDYLOLISTHESIS,59
THROMBOSIS IN DEVICE,59
CAPILLARITIS,59
HEART RATE,59
INFLAMMATORY PAIN,59
ENTEROCOCCAL SEPSIS,59
AMPUTATION,59
ADRENAL MASS,59
SEXUAL ABUSE,59
NEPHROGENIC DIABETES INSIPIDUS,59
BLOOD TRIGLYCERIDES ABNORMAL,59
GLIOMA,59
PROCEDURAL ANXIETY,59
TRANSFERRIN DECREASED,59
STOMA CLOSURE,59
SPINAL CORD INFECTION,59
THYROID NEOPLASM,59
HAEMATOCRIT ABNORMAL,59
POLYPECTOMY,59
METASTASES TO PELVIS,59
UTERINE PROLAPSE,59
PSEUDOCELLULITIS,58
CREATININE RENAL CLEARANCE INCREASED,58
BULLOUS HAEMORRHAGIC DERMATOSIS,58
DISEASE RISK FACTOR,58
CENTRAL OBESITY,58
ACUTE CHEST SYNDROME,58
DRUG RESISTANCE MUTATION,58
HYPEREOSINOPHILIC SYNDROME,58
TAKAYASU^S ARTERITIS,58
HUMAN HERPESVIRUS 6 INFECTION REACTIVATION,58
PERITONEAL MESOTHELIOMA MALIGNANT,58
SPLENECTOMY,58
TRAUMATIC HAEMATOMA,58
CANDIDA SEPSIS,58
PERINATAL DEPRESSION,58
TISSUE INJURY,58
POST-TRAUMATIC NECK SYNDROME,58
PULMONARY GRANULOMA,58
FOOT AMPUTATION,58
CHOLANGITIS ACUTE,58
MITRAL VALVE THICKENING,58
MILK ALLERGY,58
CARDIOSPASM,58
VESTIBULAR MIGRAINE,58
LYMPHADENECTOMY,58
HIGH DENSITY LIPOPROTEIN INCREASED,58
POLYHYDRAMNIOS,57
CATHETER SITE BRUISE,57
BLOOD BILIRUBIN DECREASED,57
CARDIAC SARCOIDOSIS,57
ALCOHOL WITHDRAWAL SYNDROME,57
PNEUMONITIS ASPIRATION,57
MUSCLE STRENGTH ABNORMAL,57
POLYCHONDRITIS,57
EYE ULCER,57
CEREBRAL ARTERY EMBOLISM,57
CEREBRAL ARTERY OCCLUSION,57
ANTIBIOTIC LEVEL ABOVE THERAPEUTIC,57
RETINAL VASCULAR DISORDER,57
PERIPHERAL T-CELL LYMPHOMA UNSPECIFIED,57
CARDIAC ANEURYSM,57
APGAR SCORE LOW,57
UTERINE SPASM,57
THROMBOCYTOPENIC PURPURA,57
DEVELOPMENTAL HIP DYSPLASIA,57
HYPOTONIA NEONATAL,57
CARDIAC DEATH,57
THROMBOPHLEBITIS MIGRANS,57
MALIGNANT TRANSFORMATION,57
ABDOMINAL NEOPLASM,57
CLAUSTROPHOBIA,57
ENCEPHALITIS CYTOMEGALOVIRUS,57
LEUKOPLAKIA ORAL,57
CIRCADIAN RHYTHM SLEEP DISORDER,57
MEAN PLATELET VOLUME INCREASED,57
POSTOPERATIVE ABSCESS,57
NEEDLE TRACK MARKS,57
GRIP STRENGTH,57
SERRATIA INFECTION,57
APPLICATION SITE SCAB,56
POST LUMBAR PUNCTURE SYNDROME,56
ORTHOPAEDIC PROCEDURE,56
PARATHYROID TUMOUR BENIGN,56
BLADDER IRRITATION,56
GASTRITIS BACTERIAL,56
SMALL INTESTINE CARCINOMA,56
INTRAOCULAR PRESSURE TEST ABNORMAL,56
ANTERIOR CHAMBER CELL,56
SYSTEMIC INFECTION,56
VICTIM OF CRIME,56
RESTING TREMOR,56
CYSTITIS VIRAL,56
ACUTE MYOPIA,56
RETINAL OCCLUSIVE VASCULITIS,56
NEUROMUSCULAR TOXICITY,56
DRUG EFFECT FASTER THAN EXPECTED,56
SARCOMA,56
HYPERGAMMAGLOBULINAEMIA BENIGN MONOCLONAL,56
TESTICULAR DISORDER,56
PRODUCT SHAPE ISSUE,56
CENTRAL NERVOUS SYSTEM VASCULITIS,56
HEPATIC ENZYME DECREASED,56
CARDIAC SEPTAL DEFECT,56
ADHESION,56
NUTRITIONAL CONDITION ABNORMAL,56
SUICIDE THREAT,56
BILE DUCT CANCER,56
PANCREATIC NEUROENDOCRINE TUMOUR,56
HUMAN POLYOMAVIRUS INFECTION,56
AXONAL NEUROPATHY,56
VASCULAR DEMENTIA,56
MEDICAL DEVICE SITE INFECTION,56
SWOLLEN JOINT COUNT,56
BREAST CANCER STAGE IV,56
INTERVERTEBRAL DISC COMPRESSION,56
DAIRY INTOLERANCE,56
TYPE III IMMUNE COMPLEX MEDIATED REACTION,56
SHOCK SYMPTOM,56
EAR INFLAMMATION,56
WHIPPLE^S DISEASE,56
HALO VISION,55
PSYCHOTIC BEHAVIOUR,55
OESOPHAGEAL DISCOMFORT,55
TRACHEOBRONCHITIS,55
EPSTEIN BARR VIRUS POSITIVE MUCOCUTANEOUS ULCER,55
IMMUNOGLOBULIN G4 RELATED DISEASE,55
MONKEYPOX,55
TONSILLAR DISORDER,55
SUDDEN ONSET OF SLEEP,55
NEUTROPHIL PERCENTAGE INCREASED,55
COLD FLASH,55
HAEMORRHAGIC DISORDER,55
ISCHAEMIC CEREBRAL INFARCTION,55
CORONAVIRUS TEST POSITIVE,55
IMMUNE-MEDIATED ARTHRITIS,55
PHARYNGEAL HYPOAESTHESIA,55
INFERTILITY,55
PREGNANCY ON CONTRACEPTIVE,55
GRAFT VERSUS HOST DISEASE IN LIVER,55
GLASSY EYES,55
TUMOUR RUPTURE,55
COLOUR BLINDNESS,55
NAIL BED INFLAMMATION,55
PLASMABLASTIC LYMPHOMA,55
HYPOPARATHYROIDISM,55
TUMOUR EXCISION,55
GLOMERULONEPHRITIS MINIMAL LESION,55
CARDIAC HYPERTROPHY,55
INCORRECT PRODUCT FORMULATION ADMINISTERED,55
NEW ONSET DIABETES AFTER TRANSPLANTATION,55
PELVIC FLOOR DYSFUNCTION,55
EMBOLISM ARTERIAL,55
RENAL-LIMITED THROMBOTIC MICROANGIOPATHY,55
NERVE BLOCK,55
ANASTOMOTIC LEAK,55
INTESTINAL ANGIOEDEMA,55
LIGAMENT INJURY,55
IMMUNISATION,55
INCISION SITE DISCHARGE,55
SHORT-BOWEL SYNDROME,55
PAROXYSMAL NOCTURNAL HAEMOGLOBINURIA,54
MONOCYTOSIS,54
CENTRAL NERVOUS SYSTEM LUPUS,54
INCISION SITE PAIN,54
LOWER RESPIRATORY TRACT INFECTION VIRAL,54
ENCEPHALITIS HERPES,54
ANORECTAL POLYP,54
SEVERE CUTANEOUS ADVERSE REACTION,54
LABILE BLOOD PRESSURE,54
CARDIOVERSION,54
ADENOMA BENIGN,54
MANIC SYMPTOM,54
ANEURYSM RUPTURED,54
OESOPHAGEAL RUPTURE,54
OROPHARYNGEAL CANDIDIASIS,54
EYELID FUNCTION DISORDER,54
EXPOSURE VIA EYE CONTACT,54
"HALLUCINATION, TACTILE",54
BLOOD CORTICOTROPHIN DECREASED,54
METABOLIC FUNCTION TEST ABNORMAL,54
MEAN CELL HAEMOGLOBIN CONCENTRATION INCREASED,54
IMMUNODEFICIENCY COMMON VARIABLE,54
CHRONIC GRAFT VERSUS HOST DISEASE ORAL,54
BASAL GANGLIA HAEMORRHAGE,54
AMNIOTIC CAVITY INFECTION,54
LARYNGEAL STENOSIS,54
LYMPHOCYTIC INFILTRATION,54
LARYNGEAL DISCOMFORT,54
REMISSION NOT ACHIEVED,54
IMMUNOTOXICITY,54
DISINHIBITION,54
VITH NERVE PARALYSIS,54
VITREOUS OPACITIES,54
STOMA SITE REACTION,54
FEAR OF DISEASE,54
FAT TISSUE DECREASED,54
BURNS THIRD DEGREE,54
BLOOD MAGNESIUM ABNORMAL,54
VENOUS INJURY,54
HYPOAESTHESIA EYE,54
BRADYCARDIA FOETAL,54
HORNER^S SYNDROME,53
STRESS URINARY INCONTINENCE,53
ALLERGY TO METALS,53
SINUS POLYP,53
OESOPHAGEAL MOTILITY DISORDER,53
ORTHOSTATIC HYPERTENSION,53
MACROCYTOSIS,53
MONOCYTE PERCENTAGE INCREASED,53
INAPPROPRIATE AFFECT,53
PROTEIN-LOSING GASTROENTEROPATHY,53
PANCREATOLITHIASIS,53
ENZYME LEVEL INCREASED,53
SELECTIVE EATING DISORDER,53
IRON OVERLOAD,53
OCCIPITAL NEURALGIA,53
ANTACID THERAPY,53
TRAUMATIC INTRACRANIAL HAEMORRHAGE,53
GAMBLING,53
UTERINE SCAR,53
GASTROINTESTINAL NEOPLASM,53
CENTRAL NERVOUS SYSTEM LEUKAEMIA,53
RENAL ISCHAEMIA,53
BLOOD ALBUMIN ABNORMAL,53
NECROTISING RETINITIS,53
LIPID METABOLISM DISORDER,53
LAPAROTOMY,53
CONGENITAL UMBILICAL HERNIA,53
HAEMANGIOMA OF LIVER,53
MESENTERIC VEIN THROMBOSIS,53
KIDNEY ENLARGEMENT,53
TERM BIRTH,53
BITE,53
SELF ESTEEM DECREASED,53
CONGESTIVE HEPATOPATHY,53
INFUSION SITE HAEMATOMA,53
MALIGNANT NEOPLASM OLIGOPROGRESSION,53
SPINAL CORD NEOPLASM,53
LUNG DIFFUSION TEST DECREASED,53
OVARIAN MASS,52
DUODENAL STENOSIS,52
LUNG CARCINOMA CELL TYPE UNSPECIFIED RECURRENT,52
CRYPTOSPORIDIOSIS INFECTION,52
CYTOGENETIC ANALYSIS ABNORMAL,52
BLOOD UREA NITROGEN/CREATININE RATIO INCREASED,52
VICTIM OF ABUSE,52
APPLICATION SITE URTICARIA,52
LYMPHANGIOSIS CARCINOMATOSA,52
BRONCHIAL OBSTRUCTION,52
COLON INJURY,52
IMMUNE EFFECTOR CELL-ASSOCIATED HLH-LIKE SYNDROME,52
CHILD ABUSE,52
SINUS ARRHYTHMIA,52
SPIDER VEIN,52
MALIGNANT ASCITES,52
CHRONIC RHINOSINUSITIS WITH NASAL POLYPS,52
HEPATITIS A,52
STARVATION KETOACIDOSIS,52
FOOD INTERACTION,52
ILLICIT PRESCRIPTION ATTAINMENT,52
BACTERIAL ENDOPHTHALMITIS,52
GASTROINTESTINAL FISTULA,52
AUTOIMMUNE PANCREATITIS,52
BODY TINEA,52
IMPLANT SITE INFECTION,52
BRONCHITIS BACTERIAL,52
HYPOGLYCAEMIC UNCONSCIOUSNESS,52
EPHELIDES,52
MECHANICAL URTICARIA,52
PROTEIN URINE,52
SUTURE RELATED COMPLICATION,52
BLOOD IRON ABNORMAL,52
APPLICATION SITE WARMTH,52
PRESCRIPTION FORM TAMPERING,52
OESOPHAGITIS ULCERATIVE,52
HEART TRANSPLANT,52
FALSE POSITIVE INVESTIGATION RESULT,52
CARDIAC OUTPUT DECREASED,52
ARTERIAL STENOSIS,51
RIGHT VENTRICULAR DILATATION,51
IRREGULAR BREATHING,51
HERPES SIMPLEX HEPATITIS,51
KERATOCONUS,51
ADENOCARCINOMA PANCREAS,51
TRISOMY 21,51
DYSMORPHISM,51
NEURODEGENERATIVE DISORDER,51
UPPER RESPIRATORY TRACT INFLAMMATION,51
ARTERIOVENOUS MALFORMATION,51
CATHETER SITE PRURITUS,51
TUBULOINTERSTITIAL NEPHRITIS AND UVEITIS SYNDROME,51
OESOPHAGEAL HAEMORRHAGE,51
SOCIAL ANXIETY DISORDER,51
MECHANICAL ILEUS,51
CUTANEOUS MUCORMYCOSIS,51
GASTROINTESTINAL SURGERY,51
IMMUNE-MEDIATED GASTRITIS,51
MEDIASTINITIS,51
ANHIDROSIS,51
BLOOD IMMUNOGLOBULIN G ABNORMAL,51
STOMAL HERNIA,51
NODAL RHYTHM,51
ELBOW OPERATION,51
COAGULATION TEST ABNORMAL,51
WRONG DRUG,51
GLOBOTRIAOSYLSPHINGOSINE INCREASED,51
COVID-19 IMMUNISATION,51
BORDERLINE PERSONALITY DISORDER,51
PALMOPLANTAR PUSTULOSIS,51
LEGAL PROBLEM,51
TONGUE MOVEMENT DISTURBANCE,51
STEREOTYPY,51
TRANSCRIPTION MEDICATION ERROR,51
ARTHRITIS REACTIVE,51
LUNG HYPERINFLATION,51
LUMBAR RADICULOPATHY,51
SUBCUTANEOUS HAEMATOMA,51
CEREBRAL AMYLOID ANGIOPATHY,51
BREAST NEOPLASM,51
HAEMOPHILIC ARTHROPATHY,51
PELVIC FLUID COLLECTION,51
CATHETER SITE INDURATION,51
EDUCATIONAL PROBLEM,51
POSTERIOR CAPSULE OPACIFICATION,50
OCULAR STROKE,50
HEPATIC HAEMORRHAGE,50
PERIODONTAL DISEASE,50
WAIST CIRCUMFERENCE INCREASED,50
METASTATIC RENAL CELL CARCINOMA,50
ILEAL PERFORATION,50
H1N1 INFLUENZA,50
VASCULAR ACCESS COMPLICATION,50
EPIDERMOLYSIS BULLOSA,50
IRIS ADHESIONS,50
ANAL ULCER,50
THYROXINE DECREASED,50
TRANSFERRIN SATURATION DECREASED,50
DERMO-HYPODERMITIS,50
CARBOHYDRATE ANTIGEN 19-9 INCREASED,50
CATAPLEXY,50
DERMATOSIS,50
LOW DENSITY LIPOPROTEIN ABNORMAL,50
SALIVA ALTERED,50
MYCOBACTERIUM HAEMOPHILUM INFECTION,50
BASOPHIL COUNT INCREASED,50
DELUSION OF GRANDEUR,50
ABDOMINAL COMPARTMENT SYNDROME,50
ROOT CANAL INFECTION,50
CERUMEN IMPACTION,50
T-LYMPHOCYTE COUNT DECREASED,50
PROTHROMBIN TIME SHORTENED,50
DEPENDENCE ON OXYGEN THERAPY,50
GASTROINTESTINAL ULCER HAEMORRHAGE,50
BREAST DISCOMFORT,50
JAW OPERATION,50
WEST NILE VIRAL INFECTION,50
REFLUX LARYNGITIS,50
KLEBSIELLA TEST POSITIVE,50
HYPOPYON,50
BRAIN HYPOXIA,50
EXPOSURE TO COMMUNICABLE DISEASE,50
GALLBLADDER POLYP,50
ANOSOGNOSIA,50
MULTIMORBIDITY,50
SKIN DISCHARGE,49
HYPOTHALAMIC PITUITARY ADRENAL AXIS SUPPRESSION,49
OVARIAN CANCER METASTATIC,49
BRONCHIAL WALL THICKENING,49
DEGENERATIVE BONE DISEASE,49
SLEEP DISORDER THERAPY,49
RHEUMATOID FACTOR INCREASED,49
RENAL TUBULAR ATROPHY,49
COMPULSIVE SHOPPING,49
CONTRAST ENCEPHALOPATHY,49
MONOCLONAL GAMMOPATHY,49
ENTEROCOCCUS TEST POSITIVE,49
FAMILY STRESS,49
STOMA SITE INFLAMMATION,49
FEMALE STERILISATION,49
TUBERCULIN TEST POSITIVE,49
TENOPLASTY,49
HYPERTRICHOSIS,49
PULMONARY ARTERY THROMBOSIS,49
ANAL CANCER,49
NON-INFECTIOUS ENDOPHTHALMITIS,49
OESOPHAGEAL IRRITATION,49
DROWNING,49
TRANSFUSION-RELATED CIRCULATORY OVERLOAD,49
CATARACT NUCLEAR,49
POST PROCEDURAL DIARRHOEA,49
INFUSION,49
RED BLOOD CELL ABNORMALITY,49
OROMANDIBULAR DYSTONIA,49
CEREBELLAR HAEMORRHAGE,49
VITAMIN B COMPLEX DEFICIENCY,49
MUSCLE SWELLING,49
LUNG ADENOCARCINOMA STAGE IV,49
EUSTACHIAN TUBE DYSFUNCTION,49
CHRONIC HEPATIC FAILURE,49
EOSINOPHILIC PLEURAL EFFUSION,49
CRYOGLOBULINAEMIA,48
CARDIOVASCULAR SYMPTOM,48
DETACHMENT OF RETINAL PIGMENT EPITHELIUM,48
MALLORY-WEISS SYNDROME,48
POSTOPERATIVE ILEUS,48
LIPOPROTEIN (A) INCREASED,48
LEFT ATRIAL DILATATION,48
BLAST CRISIS IN MYELOGENOUS LEUKAEMIA,48
FEEDING TUBE USER,48
DERMATITIS DIAPER,48
MITRAL VALVE PROLAPSE,48
FRACTURE PAIN,48
DYSMETRIA,48
ADVERSE FOOD REACTION,48
IMMUNE-MEDIATED HYPERTHYROIDISM,48
BRAIN STEM HAEMORRHAGE,48
STOMA PROLAPSE,48
WITHDRAWAL CATATONIA,48
RADIOISOTOPE SCAN ABNORMAL,48
LENNOX-GASTAUT SYNDROME,48
QRS AXIS ABNORMAL,48
MAGNESIUM DEFICIENCY,48
DEATH OF RELATIVE,48
BILE ACIDS INCREASED,48
TRICHOGLOSSIA,48
PANCREAS INFECTION,48
CORNEAL EPITHELIUM DEFECT,48
SUSPECTED DRUG-INDUCED LIVER INJURY,48
INCREASED VISCOSITY OF BRONCHIAL SECRETION,48
HYPOHIDROSIS,48
TRAUMATIC FRACTURE,48
ANKLE ARTHROPLASTY,48
RENAL ARTERY STENOSIS,48
CLEAR CELL RENAL CELL CARCINOMA,48
PRIMARY AMYLOIDOSIS,48
ACUTE POLYNEUROPATHY,48
BLOOD IMMUNOGLOBULIN A INCREASED,48
HYPOGONADISM,48
CHOLECYSTITIS CHRONIC,48
SCROTAL SWELLING,48
CORONARY ARTERY DISSECTION,48
CHRONIC GRAFT VERSUS HOST DISEASE IN LIVER,48
PARKINSONIAN GAIT,48
BURNOUT SYNDROME,48
DISCONTINUED PRODUCT ADMINISTERED,48
TRACHEAL STENOSIS,48
NASAL SEPTUM PERFORATION,48
CLOSTRIDIUM COLITIS,47
GASTRIC PH DECREASED,47
ARTERIAL RUPTURE,47
INJECTION SITE ULCER,47
PANCREATIC PSEUDOCYST,47
BREAST CONSERVING SURGERY,47
GASTRIC MUCOSAL LESION,47
VERTEBRAL FORAMINAL STENOSIS,47
FALSE NEGATIVE INVESTIGATION RESULT,47
DEVICE PROGRAMMING ERROR,47
PANCREATIC ATROPHY,47
VITAMIN D INCREASED,47
PYURIA,47
CHOLINERGIC SYNDROME,47
BENDOPNOEA,47
PALATAL OEDEMA,47
CHILD NEGLECT,47
TOURETTE^S DISORDER,47
CSF PROTEIN INCREASED,47
SUTURE INSERTION,47
WRONG SCHEDULE,47
RECTAL ADENOCARCINOMA,47
NEUTROPENIC INFECTION,47
SWELLING OF NOSE,47
CATARACT SUBCAPSULAR,47
FRACTURE OF PENIS,47
INFECTED FISTULA,47
TYPE V HYPERLIPIDAEMIA,47
FACIAL SPASM,47
VAGINAL ODOUR,47
HODGKIN^S DISEASE RECURRENT,47
LOCAL REACTION,47
OESOPHAGEAL ULCER HAEMORRHAGE,47
GENITAL SWELLING,47
SKIN SENSITISATION,47
PULMONARY VENO-OCCLUSIVE DISEASE,47
MYOPATHY TOXIC,47
TOXIC ANTERIOR SEGMENT SYNDROME,47
HELICOBACTER GASTRITIS,47
ACCIDENT AT HOME,47
APPLICATION SITE ACNE,47
ANTIBIOTIC THERAPY,47
CORNEAL DEPOSITS,47
TRANSPLANTATION COMPLICATION,47
SENSE OF OPPRESSION,47
OOPHORECTOMY,47
BLOOD BILIRUBIN UNCONJUGATED INCREASED,47
TENDON OPERATION,47
PROTEUS INFECTION,47
VIRAL TEST POSITIVE,47
THYROXINE INCREASED,46
INTERSTITIAL LUNG ABNORMALITY,46
ACUTE LEFT VENTRICULAR FAILURE,46
PENILE SWELLING,46
DISTURBANCE IN SEXUAL AROUSAL,46
GRIEF REACTION,46
INTERNATIONAL NORMALISED RATIO DECREASED,46
ACNE PUSTULAR,46
PRECANCEROUS CELLS PRESENT,46
VITAMIN K DEFICIENCY,46
TRANSAMINASES ABNORMAL,46
DISABILITY ASSESSMENT SCALE SCORE INCREASED,46
PSOAS ABSCESS,46
JARISCH-HERXHEIMER REACTION,46
DELUSION OF PARASITOSIS,46
EPISCLERITIS,46
INTERTRIGO,46
TUMOUR NECROSIS,46
GINGIVAL ABSCESS,46
HYPERTENSIVE HEART DISEASE,46
ARRHYTHMIA SUPRAVENTRICULAR,46
SCIATIC NERVE INJURY,46
GASTROINTESTINAL MUCOSAL DISORDER,46
ECZEMA ASTEATOTIC,46
VASCULAR ACCESS SITE COMPLICATION,46
BACILLUS INFECTION,46
EYE INFECTION TOXOPLASMAL,46
CEREBRAL VENTRICLE DILATATION,46
BACTERIAL DISEASE CARRIER,46
TRANSURETHRAL PROSTATECTOMY,46
NEONATAL HYPOXIA,46
DEFIANT BEHAVIOUR,46
TENOSYNOVITIS STENOSANS,46
EYELID INFECTION,46
BRONCHITIS VIRAL,46
OSTEOMALACIA,46
HEPATITIS VIRAL,46
HYPERMETROPIA,46
BLOOD OESTROGEN INCREASED,46
ENTEROCOLITIS HAEMORRHAGIC,46
KETONURIA,46
PRODUCT NAME CONFUSION,46
SUBCLAVIAN VEIN THROMBOSIS,46
AMINO ACID LEVEL INCREASED,46
HYPERSENSITIVITY VASCULITIS,46
POLYARTERITIS NODOSA,46
PROPOFOL INFUSION SYNDROME,46
LITHIASIS,45
PERFORATED ULCER,45
FLUID IMBALANCE,45
ANAL STENOSIS,45
UTERINE ENLARGEMENT,45
RETINAL INJURY,45
BLOOD IMMUNOGLOBULIN M INCREASED,45
VITAMIN B6 DECREASED,45
INFECTIVE ANEURYSM,45
SMOKE SENSITIVITY,45
LEFT ATRIAL APPENDAGE CLOSURE IMPLANT,45
ELECTROCARDIOGRAM CHANGE,45
ARTHRITIS ENTEROPATHIC,45
HERPES ZOSTER MENINGOENCEPHALITIS,45
MEDULLARY THYROID CANCER,45
COMPLICATION OF PREGNANCY,45
NAIL INJURY,45
BENIGN BREAST NEOPLASM,45
SUTURE RUPTURE,45
CATHETER SITE NODULE,45
POSITIVE AIRWAY PRESSURE THERAPY,45
SUBSTANCE ABUSER,45
DRUG LEVEL FLUCTUATING,45
MORPHOEA,45
HYPERMETABOLISM,45
SQUAMOUS CELL CARCINOMA OF THE ORAL CAVITY,45
CEREBRAL FUNGAL INFECTION,45
SQUAMOUS CELL CARCINOMA OF LUNG,45
INTENSIVE CARE UNIT ACQUIRED WEAKNESS,45
MEDICAL DEVICE PAIN,45
CRYSTALLURIA,45
ENTEROCOLITIS VIRAL,45
ULNA FRACTURE,45
VERTEBRAL LESION,45
BLOOD OESTROGEN DECREASED,45
SPONTANEOUS BACTERIAL PERITONITIS,45
ADENOMYOSIS,45
INFUSION SITE INJURY,45
IMMEDIATE POST-INJECTION REACTION,45
CENTRAL HYPOTHYROIDISM,45
RHINOCEREBRAL MUCORMYCOSIS,45
FAECAL VOMITING,45
STENOTROPHOMONAS MALTOPHILIA PNEUMONIA,45
CHRONIC GRAFT VERSUS HOST DISEASE IN LUNG,45
VISUAL ACUITY TESTS ABNORMAL,45
RAPID EYE MOVEMENT SLEEP BEHAVIOUR DISORDER,45
THYMOMA,45
ANTIPSYCHOTIC DRUG LEVEL BELOW THERAPEUTIC,45
LIMB ASYMMETRY,45
PERIORBITAL INFLAMMATION,45
ANAEMIA VITAMIN B12 DEFICIENCY,44
GROIN INFECTION,44
CHRONIC HEPATITIS,44
NASAL TURBINATE HYPERTROPHY,44
ADENOIDECTOMY,44
TUMOUR INVASION,44
ENDOSCOPY,44
HYPERPARATHYROIDISM SECONDARY,44
BURN OESOPHAGEAL,44
HAEMOCHROMATOSIS,44
SUBSTANCE DEPENDENCE,44
CHRONIC RESPIRATORY DISEASE,44
CHOROIDAL DETACHMENT,44
INTESTINAL METASTASIS,44
IMPLANTABLE DEFIBRILLATOR INSERTION,44
HYPOGLYCAEMIC SEIZURE,44
MANUFACTURING PRODUCT SHIPPING ISSUE,44
HYPERALDOSTERONISM,44
SULPHAEMOGLOBINAEMIA,44
ADENOCARCINOMA METASTATIC,44
HEPATIC CANCER METASTATIC,44
GASTROINTESTINAL POLYP HAEMORRHAGE,44
ASTHMA EXERCISE INDUCED,44
JOB DISSATISFACTION,44
AUTOIMMUNE COLITIS,44
LYMPHANGITIS,44
ARTERIAL INJURY,44
NAIL OPERATION,44
PANCREATIC INJURY,44
POST PROCEDURAL DISCHARGE,44
CUTANEOUS CALCIFICATION,44
PHIMOSIS,44
ALCOHOL INTOLERANCE,44
PROCEDURAL HEADACHE,44
UTERINE CERVIX STENOSIS,44
ENDOCARDITIS STAPHYLOCOCCAL,44
PHARYNGEAL OPERATION,44
OVARIAN NEOPLASM,44
POSTOPERATIVE THROMBOSIS,44
GENITAL ANAESTHESIA,44
OSMOTIC DEMYELINATION SYNDROME,44
NEUROENDOCRINE CARCINOMA,44
INTERMITTENT CLAUDICATION,44
BLOOD MAGNESIUM INCREASED,44
ACQUIRED FACTOR V DEFICIENCY,44
TOXIC SHOCK SYNDROME,44
FAECAL VOLUME INCREASED,44
MONOCLONAL IMMUNOGLOBULIN INCREASED,44
MYCOBACTERIUM MARINUM INFECTION,44
AORTIC VALVE CALCIFICATION,44
ABDOMINAL SYMPTOM,44
STOMA SITE HYPERGRANULATION,44
OPHTHALMIC HERPES SIMPLEX,44
UTERINE MASS,44
MARGINAL ZONE LYMPHOMA,44
NODULAR REGENERATIVE HYPERPLASIA,44
RHEUMATOID LUNG,43
SOFT TISSUE SWELLING,43
CEREBELLAR ATROPHY,43
INTENTION TREMOR,43
ANAL SQUAMOUS CELL CARCINOMA,43
RENAL STONE REMOVAL,43
HYDROCELE,43
DUODENOGASTRIC REFLUX,43
BODY FAT DISORDER,43
ARNOLD-CHIARI MALFORMATION,43
BRAIN CONTUSION,43
CYSTITIS BACTERIAL,43
TESTIS CANCER,43
PSEUDOPOLYP,43
DROPPED HEAD SYNDROME,43
URETERAL STENT INSERTION,43
RETINAL ISCHAEMIA,43
EAR INJURY,43
PERICARDITIS CONSTRICTIVE,43
GASTROINTESTINAL STOMA OUTPUT DECREASED,43
UPPER AIRWAY OBSTRUCTION,43
EXPOSURE TO FUNGUS,43
CEREBELLAR ATAXIA,43
PULMONARY RESECTION,43
EXECUTIVE DYSFUNCTION,43
ANTERIOR CHAMBER INFLAMMATION,43
JOINT CONTRACTURE,43
PERSISTENT GENITAL AROUSAL DISORDER,43
POLYDACTYLY,43
PRIMARY ADRENAL INSUFFICIENCY,42
SKIN CANDIDA,42
ALBUMINURIA,42
ACUTE GRAFT VERSUS HOST DISEASE IN LIVER,42
FUNGAL OESOPHAGITIS,42
METASTASES TO THE MEDIASTINUM,42
NEUTRALISING ANTIBODIES POSITIVE,42
ACTINOMYCOSIS,42
SOFT TISSUE NECROSIS,42
HYDROURETER,42
URINARY TRACT INFECTION FUNGAL,42
HOSTILITY,42
ACIDOSIS HYPERCHLORAEMIC,42
MEDICAL INDUCTION OF COMA,42
URINARY TRACT DISCOMFORT,42
BRAIN CANCER METASTATIC,42
HYPERVIGILANCE,42
PORTAL HYPERTENSIVE GASTROPATHY,42
EPIDURAL LIPOMATOSIS,42
SOCIOECONOMIC PRECARITY,42
AUTOSCOPY,42
SOFT TISSUE DISORDER,42
PALATAL DISORDER,42
PARANASAL SINUS INFLAMMATION,42
MAMMOGRAM ABNORMAL,42
GASTRECTOMY,42
INADVERTENT INJECTION AIR BUBBLE,42
EPIGLOTTITIS,42
SPONTANEOUS HAEMATOMA,42
APPLICATION SITE BRUISE,42
HYPOTONY OF EYE,42
LIGAMENT DISORDER,42
BLOOD PH DECREASED,42
ECTHYMA,42
HYPERMAGNESAEMIA,42
BODY MASS INDEX DECREASED,42
SEMEN VOLUME DECREASED,42
NAIL PSORIASIS,42
MEDIASTINAL DISORDER,42
PLEOCYTOSIS,42
B PRECURSOR TYPE ACUTE LEUKAEMIA,42
CARDITIS,42
VIOLENCE-RELATED SYMPTOM,42
FEEDING INTOLERANCE,42
POSTNATAL GROWTH RESTRICTION,42
BLOOD PHOSPHORUS ABNORMAL,42
VASCULAR PSEUDOANEURYSM RUPTURED,42
CATHETER SITE THROMBOSIS,42
HIGH RISK PREGNANCY,42
EAR OPERATION,42
LEUKOCYTURIA,42
THALAMUS HAEMORRHAGE,42
CLONIC CONVULSION,42
STASIS DERMATITIS,42
PSEUDOPAPILLOEDEMA,42
ADNEXA UTERI PAIN,42
BLOOD URINE,41
THYROXINE FREE INCREASED,41
BLOOD CREATINE PHOSPHOKINASE MB INCREASED,41
CELLULITIS ORBITAL,41
RETROPERITONEAL LYMPHADENOPATHY,41
POOR PERSONAL HYGIENE,41
ANAPLASTIC LARGE CELL LYMPHOMA T- AND NULL-CELL TYPES,41
ELECTROCARDIOGRAM QT INTERVAL ABNORMAL,41
HAEMORRHAGIC CHOLECYSTITIS,41
HYPOCAPNIA,41
BILIARY TRACT INFECTION,41
THERAPEUTIC RESPONSE INCREASED,41
IMMUNE-MEDIATED ENDOCRINOPATHY,41
VISCERAL CONGESTION,41
DRUG EXPOSURE BEFORE PREGNANCY,41
INDIFFERENCE,41
DECOMPENSATED HYPOTHYROIDISM,41
POST INFLAMMATORY PIGMENTATION CHANGE,41
BLOOD GROWTH HORMONE INCREASED,41
BREECH PRESENTATION,41
COMPLICATIONS OF TRANSPLANTED LUNG,41
OESOPHAGEAL INFECTION,41
URINARY OCCULT BLOOD POSITIVE,41
BLEEDING TIME PROLONGED,41
PUNCTURE SITE HAEMORRHAGE,41
BRONCHOPLEURAL FISTULA,41
NON-CIRRHOTIC PORTAL HYPERTENSION,41
ABDOMINAL INJURY,41
NON-HIGH-DENSITY LIPOPROTEIN CHOLESTEROL INCREASED,41
HEAD AND NECK CANCER,41
HEPATIC ADENOMA,41
MUSCLE NECROSIS,41
EXTRADURAL HAEMATOMA,41
ENDOMETRIAL ADENOCARCINOMA,41
BURKITT^S LYMPHOMA,41
ORTHOSTATIC INTOLERANCE,41
CARDIAC PACEMAKER REPLACEMENT,41
PENILE HAEMORRHAGE,41
PARANEOPLASTIC SYNDROME,41
TRANSIENT GLOBAL AMNESIA,41
BLADDER TRANSITIONAL CELL CARCINOMA,41
CHEMICAL BURN OF SKIN,41
SICK LEAVE,41
BLOOD PROLACTIN ABNORMAL,41
NEEDLE FATIGUE,41
SOFT TISSUE INJURY,41
INSULIN AUTOIMMUNE SYNDROME,41
PARTIAL SEIZURES WITH SECONDARY GENERALISATION,41
CULTURE URINE POSITIVE,41
BLOOD CREATINE ABNORMAL,41
LUMBAR PUNCTURE,41
METASTASES TO BONE MARROW,41
PNEUMOCOCCAL SEPSIS,41
ASTERIXIS,40
CRYSTAL NEPHROPATHY,40
OMPHALITIS,40
PLICATED TONGUE,40
PANCREATIC STEATOSIS,40
DIFFUSE ALVEOLAR DAMAGE,40
SHORT STATURE,40
MUSCLE ABSCESS,40
PYROGLUTAMIC ACIDOSIS,40
NON-SMALL CELL LUNG CANCER RECURRENT,40
ANGIOIMMUNOBLASTIC T-CELL LYMPHOMA,40
INTESTINAL DIAPHRAGM DISEASE,40
GASTROINTESTINAL POLYP,40
EYE SYMPTOM,40
DRUG WITHDRAWAL MAINTENANCE THERAPY,40
TISSUE INFILTRATION,40
REACTIVE GASTROPATHY,40
ANTI FACTOR VIII ANTIBODY POSITIVE,40
MICROSPORIDIA INFECTION,40
AMERICAN TRYPANOSOMIASIS,40
AMBLYOPIA,40
CAT SCRATCH DISEASE,40
MICROANGIOPATHIC HAEMOLYTIC ANAEMIA,40
PARATHYROID DISORDER,40
NAIL DYSTROPHY,40
FOLLICULAR LYMPHOMA REFRACTORY,40
ORGASM ABNORMAL,40
RECALL PHENOMENON,40
HERNIA PAIN,40
LARYNGEAL DISORDER,40
EMBOLIC CEREBRAL INFARCTION,40
PROCEDURAL VOMITING,40
HUMAN HERPESVIRUS 6 ENCEPHALITIS,40
EAR DRYNESS,40
KERATOMILEUSIS,40
MOTOR DEVELOPMENTAL DELAY,40
CALCIUM DEFICIENCY,40
ANAESTHETIC COMPLICATION NEUROLOGICAL,40
ORAL LICHEN PLANUS,40
LACK OF ADMINISTRATION SITE ROTATION,40
HUMIDITY INTOLERANCE,40
DIAPHRAGMATIC HERNIA,40
PLAGIOCEPHALY,40
BODY DYSMORPHIC DISORDER,40
HYPHAEMA,40
PSEUDOMONAL BACTERAEMIA,40
EYE INFECTION FUNGAL,40
PERITONEAL DISORDER,40
COLONIC FISTULA,40
GASTRIC NEOPLASM,40
MEDICAL DEVICE SITE PAIN,40
MOUTH BREATHING,40
CHRONIC MYELOID LEUKAEMIA RECURRENT,40
METASTASES TO ABDOMINAL CAVITY,40
CENTRAL VENOUS CATHETER REMOVAL,40
INTERNATIONAL NORMALISED RATIO FLUCTUATION,40
VITAMIN B1 DEFICIENCY,40
PARASOMNIA,39
ANGIOCENTRIC LYMPHOMA,39
GINGIVAL ERYTHEMA,39
VESTIBULAR NEURONITIS,39
POLYSEROSITIS,39
INHIBITORY DRUG INTERACTION,39
GRAFT COMPLICATION,39
ABSCESS NECK,39
VICTIM OF SEXUAL ABUSE,39
HIGH-GRADE B-CELL LYMPHOMA,39
APPLICATION SITE EROSION,39
DEAFNESS TRANSITORY,39
ASPARTATE AMINOTRANSFERASE DECREASED,39
MORBID THOUGHTS,39
LACK OF SATIETY,39
ACUTE HEPATITIS B,39
GOUTY ARTHRITIS,39
HYDROPS FOETALIS,39
INTRADUCTAL PAPILLARY MUCINOUS NEOPLASM,39
"DELUSIONAL DISORDER, UNSPECIFIED TYPE",39
ABDOMINOPLASTY,39
OVARIAN FAILURE,39
KL-6 INCREASED,39
SKIN OPERATION,39
SICCA SYNDROME,39
PATERNAL EXPOSURE BEFORE PREGNANCY,39
UTERINE INFECTION,39
GENITAL BLISTER,39
HELLP SYNDROME,39
TRACHEOMALACIA,39
DIAPHRAGMATIC PARALYSIS,39
DUCTUS ARTERIOSUS PREMATURE CLOSURE,39
ENDOMETRITIS,39
GASTROINTESTINAL CANDIDIASIS,39
MONOCLONAL IMMUNOGLOBULIN PRESENT,39
BLOOD INSULIN INCREASED,39
INGROWN HAIR,39
CONCOMITANT DISEASE PROGRESSION,39
LICHEN PLANOPILARIS,39
TRICHODYSPLASIA SPINULOSA,39
DUMPING SYNDROME,39
B-CELL APLASIA,39
USE OF ACCESSORY RESPIRATORY MUSCLES,39
GENITAL ABSCESS,39
BUTTOCK INJURY,39
ADMINISTRATION SITE BRUISE,39
DEVICE ALLERGY,39
BLOOD CREATINE PHOSPHOKINASE ABNORMAL,39
CANDIDA TEST POSITIVE,39
URETHRITIS,39
COMPULSIONS,39
GASTROINTESTINAL STOMA OUTPUT ABNORMAL,39
CENTRAL VISION LOSS,38
SPUTUM PURULENT,38
RETINAL VASCULAR OCCLUSION,38
SERUM SICKNESS-LIKE REACTION,38
MUCOSAL EROSION,38
GASTRIC FISTULA,38
LEUKAEMIC INFILTRATION EXTRAMEDULLARY,38
CAPILLARY FRAGILITY,38
MARROW HYPERPLASIA,38
BRONCHOPULMONARY DYSPLASIA,38
SPONDYLOARTHROPATHY,38
C3 GLOMERULOPATHY,38
MALIGNANT PERITONEAL NEOPLASM,38
UTERINE DILATION AND CURETTAGE,38
ACUTE INTERSTITIAL PNEUMONITIS,38
METASTASES TO CHEST WALL,38
ANTIDEPRESSANT DISCONTINUATION SYNDROME,38
DERMATITIS INFECTED,38
HYPERPLASIA,38
SCAN ABNORMAL,38
COLONOSCOPY ABNORMAL,38
UTERINE CYST,38
HYPERTENSIVE ENCEPHALOPATHY,38
BACTERIAL VULVOVAGINITIS,38
SKIN INDENTATION,38
MUSCULOSKELETAL TOXICITY,38
DIAPHRAGMATIC DISORDER,38
ANTIPSYCHOTIC DRUG LEVEL ABOVE THERAPEUTIC,38
CHOROIDITIS,38
OTITIS MEDIA ACUTE,38
ANTIBODY TEST ABNORMAL,38
ANTISOCIAL BEHAVIOUR,38
PSEUDOCIRRHOSIS,38
NEUTROPHILIC DERMATOSIS,38
BULBAR PALSY,38
LIVER FUNCTION TEST DECREASED,38
VIRAL PHARYNGITIS,38
GASTROINTESTINAL STENOSIS,38
MITRAL VALVE CALCIFICATION,38
ANTI-THYROID ANTIBODY INCREASED,38
OROPHARYNGEAL ERYTHEMA,38
ELECTROLYTE DEPLETION,38
HAEMATOSPERMIA,38
CAROTID ARTERY DISEASE,38
PUPILLARY DISORDER,38
C-REACTIVE PROTEIN DECREASED,38
RECTAL STENOSIS,38
FOREIGN BODY,38
SKIN TEST POSITIVE,38
EYE COMPLICATION ASSOCIATED WITH DEVICE,38
MYOCARDIAL DEPRESSION,38
STIFF PERSON SYNDROME,38
INJECTION SITE PUSTULE,38
VITREOUS DISORDER,38
MIDDLE CEREBRAL ARTERY STROKE,38
HYPERINSULINAEMIC HYPOGLYCAEMIA,38
HEALTH ASSESSMENT QUESTIONNAIRE SCORE INCREASED,38
VITRECTOMY,38
DISSEMINATED STRONGYLOIDIASIS,38
BLOOD CREATINE PHOSPHOKINASE DECREASED,38
ANTERIOR CHAMBER FLARE,38
PRODUCT ADMINISTERED FROM UNAUTHORISED PROVIDER,38
BRAIN NEOPLASM BENIGN,38
OESOPHAGEAL PERFORATION,38
ANTINUCLEAR ANTIBODY INCREASED,38
URINARY TRACT INFECTION ENTEROCOCCAL,38
ACARODERMATITIS,38
DYSPNOEA PAROXYSMAL NOCTURNAL,37
INTESTINAL BARRIER DYSFUNCTION,37
ABNORMAL MENSTRUAL CLOTS,37
ILEOSTOMY CLOSURE,37
OESOPHAGEAL INJURY,37
ELECTROCARDIOGRAM ST SEGMENT ABNORMAL,37
PRODUCT STERILITY ISSUE,37
POST-TUSSIVE VOMITING,37
EAR NEOPLASM MALIGNANT,37
URINARY TRACT PAIN,37
INJECTION,37
ESSENTIAL THROMBOCYTHAEMIA,37
EMPHYSEMATOUS CYSTITIS,37
PARENTERAL NUTRITION,37
EXCESSIVE GRANULATION TISSUE,37
BICUSPID AORTIC VALVE,37
CYTOMEGALOVIRUS GASTRITIS,37
VIRURIA,37
PEPTIC ULCER HAEMORRHAGE,37
DERMAL ABSORPTION IMPAIRED,37
JOINT SPACE NARROWING,37
AORTIC ANEURYSM RUPTURE,37
FOREIGN BODY ASPIRATION,37
INTRACRANIAL TUMOUR HAEMORRHAGE,37
HYPERCREATININAEMIA,37
ADRENAL HAEMORRHAGE,37
FOLLICULAR LYMPHOMA RECURRENT,37
FOREIGN BODY IN GASTROINTESTINAL TRACT,37
SUSPICIOUSNESS,37
CATHETER SITE DISCOMFORT,37
CEREBELLAR STROKE,37
HEMIPLEGIC MIGRAINE,37
VENTILATION PERFUSION MISMATCH,37
CHOLESTEATOMA,37
LEARNING DISORDER,37
PROGRESSIVE MULTIPLE SCLEROSIS,37
RENAL TUBULAR DYSFUNCTION,37
PRODUCT INFORMATION CONTENT COMPLAINT,37
FINGER AMPUTATION,37
PLACENTA PRAEVIA,37
DIFFUSE LARGE B-CELL LYMPHOMA STAGE IV,37
DERMATILLOMANIA,37
COLLAGEN DISORDER,37
GENITAL INFECTION FUNGAL,37
ALPHA 1 FOETOPROTEIN INCREASED,37
ANION GAP DECREASED,37
VIRAL DIARRHOEA,37
DRUG ABUSER,37
ANTISYNTHETASE SYNDROME,37
BLOOD URIC ACID DECREASED,37
LOWER RESPIRATORY TRACT INFECTION BACTERIAL,37
SPINAL EPIDURAL HAEMATOMA,37
CYTOGENETIC ABNORMALITY,37
DIABETIC FOOT INFECTION,37
PYODERMA,37
DEBRIDEMENT,37
BILE DUCT STENT INSERTION,37
PHONOPHOBIA,37
POLYMERASE CHAIN REACTION POSITIVE,37
INCORRECT PRODUCT DOSAGE FORM ADMINISTERED,37
FUNGAL PHARYNGITIS,37
AORTIC OCCLUSION,36
TOXIC CARDIOMYOPATHY,36
GASTRODUODENAL ULCER,36
PELVIC MASS,36
SEPTIC EMBOLUS,36
COLD-STIMULUS HEADACHE,36
CRANIAL NERVE DISORDER,36
PERIOSTITIS,36
NODAL ARRHYTHMIA,36
SKIN GRAFT,36
SPINAL DECOMPRESSION,36
BLOOD VISCOSITY INCREASED,36
EXTRANODAL MARGINAL ZONE B-CELL LYMPHOMA (MALT TYPE),36
BLADDER INJURY,36
COLD URTICARIA,36
CYTOMEGALOVIRUS OESOPHAGITIS,36
PERIRECTAL ABSCESS,36
FUNGAL SEPSIS,36
BONE GRAFT,36
TRI-IODOTHYRONINE DECREASED,36
PILONIDAL DISEASE,36
CYST REMOVAL,36
SLEEP-RELATED EATING DISORDER,36
SENSITISATION,36
ANAL INFLAMMATION,36
FEBRILE NONHAEMOLYTIC TRANSFUSION REACTION,36
ADULT FAILURE TO THRIVE,36
EXTRADURAL ABSCESS,36
AIR EMBOLISM,36
CITROBACTER INFECTION,36
ECZEMA INFECTED,36
VASCULAR ACCESS SITE HAEMORRHAGE,36
MIGRAINE WITHOUT AURA,36
HYDROTHORAX,36
TUMOUR ASSOCIATED FEVER,36
RENAL APLASIA,36
GALLBLADDER CANCER,36
BLOOD CHOLESTEROL,36
CRYSTAL DEPOSIT INTESTINE,36
ENTEROCOLITIS INFECTIOUS,36
ADMINISTRATION SITE REACTION,36
SPINA BIFIDA,36
GASTROINTESTINAL PROCEDURAL COMPLICATION,36
HYPERLIPASAEMIA,36
EOSINOPHILIC COLITIS,36
TUMOUR HYPERPROGRESSION,36
MOTOR NEURONE DISEASE,36
BIOPSY BONE MARROW,36
DRUG DETOXIFICATION,36
CONGENITAL CYSTIC KIDNEY DISEASE,36
ALTERNARIA INFECTION,36
INVASIVE LOBULAR BREAST CARCINOMA,36
RADIATION SKIN INJURY,36
BACTERIURIA,36
ALLERGY TO ARTHROPOD STING,36
HEMIPARAESTHESIA,36
CATHETER SITE CELLULITIS,36
BLOOD LACTATE DEHYDROGENASE ABNORMAL,36
FOETAL HYPOKINESIA,36
BACTERIAL TRANSLOCATION,36
ORAL MUCOSAL DISCOLOURATION,36
CELLULITE,36
GRAFT VERSUS HOST DISEASE IN EYE,36
PARKINSONISM HYPERPYREXIA SYNDROME,36
PAROTID GLAND ENLARGEMENT,36
LIPOATROPHY,36
PERSISTENT DEPRESSIVE DISORDER,36
VAGINAL DISORDER,36
MICROALBUMINURIA,36
CATHETER SITE IRRITATION,36
NON-HODGKIN^S LYMPHOMA RECURRENT,35
GREATER TROCHANTERIC PAIN SYNDROME,35
METASTASES TO PANCREAS,35
FEMALE REPRODUCTIVE TRACT DISORDER,35
LIP EROSION,35
HYPERCALCAEMIA OF MALIGNANCY,35
STEATOHEPATITIS,35
PEPTIC ULCER PERFORATION,35
GASTRIC HYPOMOTILITY,35
IMMUNOGLOBULINS ABNORMAL,35
PARANASAL SINUS HYPOSECRETION,35
STOMA OBSTRUCTION,35
FACTOR V LEIDEN MUTATION,35
ADULTERATED PRODUCT,35
VERTEBRAL OSTEOPHYTE,35
SPORTS INJURY,35
SMEAR CERVIX ABNORMAL,35
MIXED CONNECTIVE TISSUE DISEASE,35
MENINGITIS LISTERIA,35
BONE OPERATION,35
SCROTAL ABSCESS,35
MUSCLE HYPERTROPHY,35
ARTERITIS,35
OROPHARYNGEAL BLISTERING,35
EPIDERMOLYSIS,35
ACUTE LUNG INJURY,35
RIGHT VENTRICULAR ENLARGEMENT,35
PLEURAL FIBROSIS,35
CHRONIC MYELOMONOCYTIC LEUKAEMIA,35
VICTIM OF CHILD ABUSE,35
ADRENAL NEOPLASM,35
URETHRAL HAEMORRHAGE,35
ENDOMETRIAL HYPERPLASIA,35
INFUSION SITE PAPULE,35
FOETAL DISORDER,35
URETHRAL PAIN,35
LARGE FOR DATES BABY,35
DEVICE CHEMICAL PROPERTY ISSUE,35
DEVICE COLOUR ISSUE,35
TUMOUR MARKER ABNORMAL,35
PROCTECTOMY,35
GASTROINTESTINAL TRACT MUCOSAL PIGMENTATION,35
FOETAL HEART RATE ABNORMAL,35
GASTROINTESTINAL FUNGAL INFECTION,35
BLINDNESS CORTICAL,35
PULMONARY VALVE STENOSIS,35
RETINAL EXUDATES,35
SEPTIC PULMONARY EMBOLISM,35
ENDOTRACHEAL INTUBATION COMPLICATION,35
ACCOMMODATION DISORDER,35
HEPATECTOMY,35
LARGE GRANULAR LYMPHOCYTOSIS,35
COATING IN MOUTH,35
GLOBULINS DECREASED,35
ALLERGY TO IMMUNOGLOBULIN THERAPY,35
IMMUNOGLOBULINS INCREASED,35
CANCER FATIGUE,35
PLACENTAL INSUFFICIENCY,35
PARVOVIRUS INFECTION,35
SPLENIC ABSCESS,35
TUMOUR THROMBOSIS,35
GRAFT VERSUS HOST DISEASE IN LUNG,35
HAEMORRHAGIC OVARIAN CYST,34
INJECTION SITE HYPERTROPHY,34
COLORECTAL ADENOCARCINOMA,34
LEGIONELLA INFECTION,34
LICHENIFICATION,34
SPINAL CORD ABSCESS,34
POSTURAL TREMOR,34
HYPERADRENOCORTICISM,34
SEMEN DISCOLOURATION,34
SARS-COV-2 ANTIBODY TEST NEGATIVE,34
CANCER IN REMISSION,34
FOCAL NODULAR HYPERPLASIA,34
VIRAL LOAD ABNORMAL,34
BLOOD CORTICOTROPHIN INCREASED,34
CORONAVIRUS PNEUMONIA,34
OXYGEN SATURATION INCREASED,34
INJECTION SITE EXFOLIATION,34
ABSCESS JAW,34
PELVIC NEOPLASM,34
PULMONARY BLASTOMYCOSIS,34
LARYNGEAL PAIN,34
PROCEDURAL DIZZINESS,34
PLASMAPHERESIS,34
HEMIANOPIA HOMONYMOUS,34
IDIOPATHIC PNEUMONIA SYNDROME,34
SUPERFICIAL SIDEROSIS OF CENTRAL NERVOUS SYSTEM,34
CENTRAL PAIN SYNDROME,34
INTRAOCULAR LENS IMPLANT,34
CEREBRAL HYPOPERFUSION,34
MULTIPLE CONGENITAL ABNORMALITIES,34
ACUTE ON CHRONIC LIVER FAILURE,34
VENOUS THROMBOSIS LIMB,34
INTRAVASCULAR HAEMOLYSIS,34
DYSPLASTIC NAEVUS,34
PRODUCT IMPURITY,34
VITREAL CELLS,34
IATROGENIC INJURY,34
NEUROPROSTHESIS IMPLANTATION,34
EPSTEIN-BARR VIRUS TEST POSITIVE,34
VOGT-KOYANAGI-HARADA DISEASE,34
PANCREATIC OPERATION,34
CARDIAC FAILURE HIGH OUTPUT,34
MERYCISM,34
HUMORAL IMMUNE DEFECT,34
OCULAR ROSACEA,34
DISSEMINATED HERPES SIMPLEX,34
FASCIITIS,34
ANTIPSYCHOTIC DRUG LEVEL DECREASED,34
BLEEDING VARICOSE VEIN,34
GRANULOMATOUS LYMPHADENITIS,34
PRESBYOPIA,34
ATRIAL ENLARGEMENT,34
ORAL BLOOD BLISTER,34
RIGHT VENTRICULAR HYPERTROPHY,34
DRAIN PLACEMENT,34
TYPHOID FEVER,34
GASTRIC ANTRAL VASCULAR ECTASIA,33
IMMATURE GRANULOCYTE COUNT INCREASED,33
PANCREATIC CARCINOMA STAGE IV,33
CARDIORENAL SYNDROME,33
CHRONIC LEFT VENTRICULAR FAILURE,33
ALKALOSIS,33
INJURY CORNEAL,33
XERODERMA,33
PROSTATIC ABSCESS,33
TEETHING,33
HAEMATOMA INFECTION,33
LIMB CRUSHING INJURY,33
NAIL RIDGING,33
OCULAR VASCULAR DISORDER,33
URINARY TRACT INFECTION PSEUDOMONAL,33
DEVICE AUDIO ISSUE,33
GASTROINTESTINAL NEUROENDOCRINE TUMOUR,33
CORTISOL ABNORMAL,33
ABSCESS RUPTURE,33
ANTICONVULSANT DRUG LEVEL INCREASED,33
GASTRIC VARICES,33
PTERYGIUM,33
VULVOVAGINAL INFLAMMATION,33
DISTAL INTESTINAL OBSTRUCTION SYNDROME,33
DISSEMINATED NOCARDIOSIS,33
POST PROCEDURAL CONTUSION,33
SCIATIC NERVE NEUROPATHY,33
TRACHEO-OESOPHAGEAL FISTULA,33
ENANTHEMA,33
ESCHERICHIA PYELONEPHRITIS,33
GASTROINTESTINAL LYMPHOMA,33
BRIEF RESOLVED UNEXPLAINED EVENT,33
WOUND INFECTION PSEUDOMONAS,33
CARDIOMYOPATHY ACUTE,33
CONTRAINDICATED DEVICE USED,33
RED BLOOD CELLS URINE POSITIVE,33
PULMONARY ARTERY DILATATION,33
ALLERGY TO ARTHROPOD BITE,33
STOMA SITE OEDEMA,33
SCROTAL PAIN,33
HEPATITIS B CORE ANTIBODY POSITIVE,33
HERPES ZOSTER OTICUS,33
ALLERGIC OEDEMA,33
SYNOVIAL DISORDER,33
TRAUMATIC SUBARACHNOID HAEMORRHAGE,33
PARANASAL CYST,33
TRANSITIONAL CELL CARCINOMA METASTATIC,33
BONE CYST,33
NUCHAL RIGIDITY,33
PIGMENTARY MACULOPATHY,33
BODY TEMPERATURE,33
MANUFACTURING ISSUE,33
PITYRIASIS RUBRA PILARIS,33
ASPIRATION PLEURAL CAVITY,33
EXTRAPULMONARY TUBERCULOSIS,33
AORTIC DISORDER,33
MESENTERIC PANNICULITIS,33
BRONCHOSTENOSIS,33
INCISION SITE SWELLING,33
CARDIAC INFECTION,33
EYELID INJURY,33
BONE TUBERCULOSIS,33
DEPENDENCE ON RESPIRATOR,33
HORMONE RECEPTOR POSITIVE BREAST CANCER,33
BURNING MOUTH SYNDROME,33
TONSIL CANCER,33
NEPHROSTOMY,33
IMMOBILISATION SYNDROME,33
TRICHOSPORON INFECTION,33
GROWTH DISORDER,33
CARDIAC SEPTAL HYPERTROPHY,33
WOUND SEPSIS,32
AORTIC VALVE SCLEROSIS,32
MYELOID LEUKAEMIA,32
FUNGAL ENDOCARDITIS,32
SENSORY OVERLOAD,32
CONNECTIVE TISSUE DISEASE-ASSOCIATED INTERSTITIAL LUNG DISEASE,32
BURN ORAL CAVITY,32
NEONATAL ASPHYXIA,32
HUNTINGTON^S DISEASE,32
CONSCIOUSNESS FLUCTUATING,32
SOFT TISSUE INFLAMMATION,32
RECTAL FISSURE,32
MONONEUROPATHY MULTIPLEX,32
DISSEMINATED MYCOBACTERIUM AVIUM COMPLEX INFECTION,32
MENINGITIS TUBERCULOUS,32
LIGAMENT OPERATION,32
BASOPHIL COUNT DECREASED,32
OPTIC DISC OEDEMA,32
LOWER URINARY TRACT SYMPTOMS,32
ASPERGILLOMA,32
CYTOKINE INCREASED,32
FEELING GUILTY,32
GUTTATE PSORIASIS,32
NEUTROPHIL PERCENTAGE DECREASED,32
HYPERMOBILITY SYNDROME,32
DONOR SPECIFIC ANTIBODY PRESENT,32
SPUTUM ABNORMAL,32
THERAPEUTIC PRODUCT EFFECTIVE FOR UNAPPROVED INDICATION,32
OBSESSIVE-COMPULSIVE SYMPTOM,32
LUNG DIFFUSION DISORDER,32
MUCOSAL DISCOLOURATION,32
HOUSEBOUND,32
RUPTURED ECTOPIC PREGNANCY,32
BLADDER MASS,32
ERYTHEMA ANNULARE,32
SPINAL NERVE STIMULATOR IMPLANTATION,32
OEDEMA MUCOSAL,32
MOOD DISORDER DUE TO A GENERAL MEDICAL CONDITION,32
PULMONARY CALCIFICATION,32
ANAEMIA POSTOPERATIVE,32
WARM AUTOIMMUNE HAEMOLYTIC ANAEMIA,32
JOINT DEFORMITY,32
BLOOD HOMOCYSTEINE INCREASED,32
BONE CANCER METASTATIC,32
SCAN MYOCARDIAL PERFUSION ABNORMAL,32
HEPATITIS B SURFACE ANTIBODY POSITIVE,32
ENTEROBACTER BACTERAEMIA,32
B-CELL SMALL LYMPHOCYTIC LYMPHOMA,32
COLON CANCER STAGE IV,32
DRUG-GENETIC INTERACTION,32
ERYTHROMELALGIA,32
AMMONIA ABNORMAL,32
ORGANIC ERECTILE DYSFUNCTION,32
COOMBS POSITIVE HAEMOLYTIC ANAEMIA,32
RED CELL DISTRIBUTION WIDTH DECREASED,32
BENIGN NEOPLASM OF THYROID GLAND,32
LYMPH NODE TUBERCULOSIS,32
ELECTROCARDIOGRAM REPOLARISATION ABNORMALITY,32
PHYSIOTHERAPY,32
LIVER CARCINOMA RUPTURED,32
COLOSTOMY CLOSURE,32
PINEAL GLAND CYST,31
NEWBORN PERSISTENT PULMONARY HYPERTENSION,31
ALTERED VISUAL DEPTH PERCEPTION,31
ANTICONVULSANT DRUG LEVEL DECREASED,31
CATHETER SITE INFLAMMATION,31
ASPERGILLUS TEST POSITIVE,31
SYNDACTYLY,31
TONSILLAR INFLAMMATION,31
MENTAL DISORDER DUE TO A GENERAL MEDICAL CONDITION,31
VERTEBROPLASTY,31
SALIVARY GLAND ENLARGEMENT,31
LYMPH GLAND INFECTION,31
CERVICOGENIC HEADACHE,31
NEONATAL INFECTION,31
MENISCUS OPERATION,31
STOMA SITE IRRITATION,31
LUNG PERFORATION,31
SCAR PAIN,31
OPHTHALMIC VASCULAR THROMBOSIS,31
PHARYNGEAL MASS,31
BRAIN STEM INFARCTION,31
STOMA SITE ULCER,31
CEREBRAL ARTERY THROMBOSIS,31
EXPOSED BONE IN JAW,31
PUNCTURE SITE PAIN,31
CELLULITIS STAPHYLOCOCCAL,31
LUNG CYST,31
TIME PERCEPTION ALTERED,31
CONGENITAL HYDRONEPHROSIS,31
PERINEAL ABSCESS,31
FAMILIAL PERIODIC PARALYSIS,31
URETHRAL STENOSIS,31
PROSTATIC SPECIFIC ANTIGEN DECREASED,31
FOETAL HEART RATE DISORDER,31
SEXUAL LIFE IMPAIRMENT,31
GRUNTING,31
PERIORBITAL CELLULITIS,31
PENICILLIUM INFECTION,31
METASTATIC SQUAMOUS CELL CARCINOMA,31
VASCULAR ACCESS SITE EXTRAVASATION,31
SEXUALLY INAPPROPRIATE BEHAVIOUR,31
PROTHROMBIN TIME ABNORMAL,31
ACETABULUM FRACTURE,31
UHTHOFF^S PHENOMENON,31
ANOREXIA NERVOSA,31
EASTERN COOPERATIVE ONCOLOGY GROUP PERFORMANCE STATUS ABNORMAL,31
GRANULOCYTE COUNT INCREASED,31
MUSCULAR DYSTROPHY,31
HERPES SIMPLEX OESOPHAGITIS,31
INTRACRANIAL HYPOTENSION,31
RESPIRATORY TRACT INFECTION BACTERIAL,31
ACUTE MACULAR NEURORETINOPATHY,31
FLASHBACK,31
ELECTRIC SHOCK,31
ALCOHOL USE DISORDER,31
FIBROUS HISTIOCYTOMA,31
EJACULATION DELAYED,31
PNEUMONITIS CHEMICAL,31
EJECTION FRACTION,31
PARATHYROIDECTOMY,31
INTRA-OCULAR INJECTION COMPLICATION,31
SINUS RHYTHM,31
DELIVERY,31
DYSANIA,31
PRODUCT DOSAGE FORM ISSUE,31
OPEN FRACTURE,31
"HALLUCINATION, OLFACTORY",31
BROW PTOSIS,31
ANTEROGRADE AMNESIA,31
ARTERIOVENOUS FISTULA,31
VULVOVAGINAL RASH,31
SKIN TEMPERATURE INCREASED,31
ALLERGY TO VACCINE,31
NAIL TOXICITY,31
INTESTINAL SEPSIS,31
INVASIVE BREAST CARCINOMA,30
INFLUENZA VIRUS TEST POSITIVE,30
BUNDLE BRANCH BLOCK,30
CIRRHOSIS ALCOHOLIC,30
HEART VALVE OPERATION,30
VITAMIN D ABNORMAL,30
JOINT SURGERY,30
RESPIRATORY TRACT HAEMORRHAGE,30
ANTIPHOSPHOLIPID ANTIBODIES POSITIVE,30
POST-INJECTION DELIRIUM SEDATION SYNDROME,30
ECZEMA INFANTILE,30
RESPIRATORY MUSCLE WEAKNESS,30
OCULAR NEOPLASM,30
NEUROSIS,30
UTERINE RUPTURE,30
ACOUSTIC NEUROMA,30
ANASTOMOTIC STENOSIS,30
GASTRIC MUCOSA ERYTHEMA,30
LYMPHATIC FISTULA,30
WEANING FAILURE,30
CHANTER SYNDROME,30
MALE ORGASMIC DISORDER,30
GENOTYPE DRUG RESISTANCE TEST POSITIVE,30
ADRENAL ADENOMA,30
MITOCHONDRIAL TOXICITY,30
CHRONIC HEPATITIS C,30
CRYPTOCOCCAL MENINGOENCEPHALITIS,30
THYROID CYST,30
MYELODYSPLASTIC SYNDROME WITH EXCESS BLASTS,30
JOINT ABSCESS,30
CHLOASMA,30
TINEA CRURIS,30
BONE MARROW INFILTRATION,30
AUTOIMMUNE MYOCARDITIS,30
CHRONIC HEPATITIS B,30
BURSITIS INFECTIVE,30
HAEMORRHOID OPERATION,30
"EAR, NOSE AND THROAT INFECTION",30
FEELINGS OF WORTHLESSNESS,30
MACROGLOSSIA,30
PRURIGO,30
ANAL SPHINCTER ATONY,30
CYTOMEGALOVIRUS ENTERITIS,30
OXYGEN CONSUMPTION DECREASED,30
HISTAMINE LEVEL INCREASED,30
SUPERFICIAL INFLAMMATORY DERMATOSIS,30
VITAMIN B1 DECREASED,30
GLOMERULOSCLEROSIS,30
AMNESTIC DISORDER,30
MELANOMA RECURRENT,30
NEOVASCULARISATION,30
PELVIC INFECTION,30
GINGIVAL ULCERATION,30
RESORPTION BONE INCREASED,30
HERPES SIMPLEX TEST POSITIVE,30
REPRODUCTIVE TRACT DISORDER,30
RENIN INCREASED,30
PHAEOCHROMOCYTOMA CRISIS,30
COLON DYSPLASIA,30
AORTIC VALVE THICKENING,30
ELECTROCARDIOGRAM ST-T SEGMENT ABNORMAL,30
PERIPROSTHETIC FRACTURE,30
ENCEPHALITIS ENTEROVIRAL,30
METASTASES TO OVARY,30
CONGENITAL MUSCULOSKELETAL DISORDER,30
APHANTASIA,30
METASTASES TO KIDNEY,30
CENTRAL NERVOUS SYSTEM FUNGAL INFECTION,30
GASTROINTESTINAL ANASTOMOTIC STENOSIS,30
TOXIC ERYTHEMA OF CHEMOTHERAPY,30
WITHDRAWAL BLEED,30
CATHETER SITE RASH,30
SCROTAL OEDEMA,30
PAPILLOMA,30
GASTROINTESTINAL ANGIODYSPLASIA,30
CRANIOSYNOSTOSIS,30
TRANSFUSION-RELATED ACUTE LUNG INJURY,30
INJECTION SITE LACERATION,30
LEIOMYOMA,30
EAR INFECTION BACTERIAL,29
RETT SYNDROME,29
DOPAMINE DYSREGULATION SYNDROME,29
PSORIASIS AREA SEVERITY INDEX INCREASED,29
TOXIC NEUROPATHY,29
APPLICATION SITE PAPULES,29
VITAMIN C DEFICIENCY,29
POST PROCEDURAL HYPOTHYROIDISM,29
CHROMATOPSIA,29
EYE INFECTION VIRAL,29
CHOLURIA,29
GASTROINTESTINAL MUCOSA HYPERAEMIA,29
APPLICATION SITE PARAESTHESIA,29
IRIS TRANSILLUMINATION DEFECT,29
VARICELLA ZOSTER PNEUMONIA,29
ANDROGENETIC ALOPECIA,29
APALLIC SYNDROME,29
NEUROBLASTOMA RECURRENT,29
NEUROBLASTOMA,29
LYMPHOCELE,29
PREMENSTRUAL DYSPHORIC DISORDER,29
RUPTURED CEREBRAL ANEURYSM,29
ANISOCYTOSIS,29
DRUG DISPENSED TO WRONG PATIENT,29
METASTASES TO SOFT TISSUE,29
DYSDIADOCHOKINESIS,29
ALOPECIA UNIVERSALIS,29
SKIN PRESSURE MARK,29
SALIVARY GLAND CALCULUS,29
FISTULA REPAIR,29
VASCULAR OPERATION,29
GLARE,29
LENTICULAR OPACITIES,29
HYPERPARATHYROIDISM PRIMARY,29
THROAT LESION,29
VASCULITIS NECROTISING,29
TYPE IIA HYPERLIPIDAEMIA,29
EXTENSOR PLANTAR RESPONSE,29
THOUGHT BLOCKING,29
PRIMARY PROGRESSIVE MULTIPLE SCLEROSIS,29
ECHOLALIA,29
RESPIRATORY TRACT INFECTION FUNGAL,29
MICROGRAPHIC SKIN SURGERY,29
GENITAL ATROPHY,29
CEREBRAL ARTERY STENOSIS,29
LACUNAR STROKE,29
PELVIC ORGAN PROLAPSE,29
PHARYNGEAL ABSCESS,29
NASAL SEPTAL OPERATION,29
BONE DEFORMITY,29
PROCEDURAL FAILURE,29
ALBUMIN URINE PRESENT,29
ACNE FULMINANS,29
MICTURITION FREQUENCY DECREASED,29
INFECTIVE EXACERBATION OF BRONCHIECTASIS,29
TWIN PREGNANCY,29
INTENTIONAL PRODUCT MISUSE TO CHILD,29
HIGH FREQUENCY ABLATION,29
SMALL CELL LUNG CANCER METASTATIC,29
LARYNGEAL CANCER,29
NEPHRITIS ALLERGIC,29
BONE METABOLISM DISORDER,29
CORNEAL SCAR,29
CHRONIC DISEASE,29
VASCULAR ACCESS SITE PAIN,29
VAGUS NERVE DISORDER,29
INTRAVENTRICULAR HAEMORRHAGE NEONATAL,29
URINARY TRACT CANDIDIASIS,29
INFUSION SITE NECROSIS,29
PERSONAL RELATIONSHIP ISSUE,28
THYROID STIMULATING IMMUNOGLOBULIN INCREASED,28
FABRY^S DISEASE,28
IMMUNE RECONSTITUTION INFLAMMATORY SYNDROME ASSOCIATED TUBERCULOSIS,28
ACUTE STRESS DISORDER,28
PHAEOCHROMOCYTOMA,28
OVERGROWTH BACTERIAL,28
IODINE ALLERGY,28
MEAN ARTERIAL PRESSURE DECREASED,28
VON WILLEBRAND^S DISEASE,28
DISSEMINATED COCCIDIOIDOMYCOSIS,28
OEDEMA GENITAL,28
EXERCISE LACK OF,28
ESCHAR,28
HERPES SIMPLEX ENCEPHALITIS,28
PARAKERATOSIS,28
OEDEMA MOUTH,28
INTRAOCULAR PRESSURE TEST,28
THROMBOCYTOPENIA NEONATAL,28
SYSTEMIC TOXICITY,28
CATHETER SITE INJURY,28
GENITAL DISCOMFORT,28
FACTOR VIII INHIBITION,28
NAIL BED DISORDER,28
ATOPY,28
VASCULAR COMPRESSION,28
MYOCARDIAL OEDEMA,28
CERVICITIS,28
ANTICHOLINERGIC EFFECT,28
TONGUE PARALYSIS,28
LID SULCUS DEEPENED,28
TUBO-OVARIAN ABSCESS,28
PLACENTAL DISORDER,28
RENAL HAEMATOMA,28
NEONATAL DISORDER,28
SPINAL CORD INFARCTION,28
LANGERHANS^ CELL HISTIOCYTOSIS,28
HAEMANGIOMA OF BONE,28
GLOBULINS INCREASED,28
METASTASES TO BLADDER,28
RECTAL PERFORATION,28
CNS VENTRICULITIS,28
HYPERSPLENISM,28
BONE ABSCESS,28
INJECTION SITE GRANULOMA,28
SOFT TISSUE HAEMORRHAGE,28
CERVIX DISORDER,28
POSTPRANDIAL HYPOGLYCAEMIA,28
VIRAL RASH,28
CIRCUMORAL OEDEMA,28
POSTOPERATIVE ADHESION,28
EYE INFECTION BACTERIAL,28
BACTERIAL COLITIS,28
TRACHEAL DISORDER,28
IMPAIRED REASONING,28
INFESTATION,28
ENDOMETRIAL ABLATION,28
PLEUROPERICARDITIS,28
METASTASES TO HEART,28
BACTERIAL PYELONEPHRITIS,28
THYROXINE FREE DECREASED,28
VASCULITIC RASH,28
FOREIGN BODY INGESTION,28
TETHERED ORAL TISSUE,28
INSULIN-LIKE GROWTH FACTOR DECREASED,28
VITAMIN A DECREASED,28
MYELIN OLIGODENDROCYTE GLYCOPROTEIN ANTIBODY-ASSOCIATED DISEASE,28
IMMUNE-MEDIATED UVEITIS,28
PERINEAL INFECTION,28
FAT NECROSIS,28
GENITAL PARAESTHESIA,28
CHOLESTASIS OF PREGNANCY,28
SUPERIOR VENA CAVA SYNDROME,28
FEAR OF EATING,28
PULMONARY HYPERTENSIVE CRISIS,28
INCISION SITE HAEMORRHAGE,28
INTERVERTEBRAL DISC INJURY,28
HYPOMETABOLISM,28
AEROMONAS INFECTION,28
MITRAL VALVE STENOSIS,28
TRIGGER POINTS,28
EOSINOPHILIC PNEUMONIA CHRONIC,28
HERPES ZOSTER REACTIVATION,28
CHRONIC PIGMENTED PURPURA,28
VITAMIN B6 DEFICIENCY,28
MEDIASTINAL MASS,28
HYPERGAMMAGLOBULINAEMIA,28
PARANEOPLASTIC NEUROLOGICAL SYNDROME,28
SENILE DEMENTIA,28
OPTIC DISC HAEMORRHAGE,28
POLYDIPSIA PSYCHOGENIC,28
MUSCLE MASS,28
VOCAL CORD THICKENING,28
CATARACT OPERATION COMPLICATION,28
REGRESSIVE BEHAVIOUR,27
REVERSIBLE AIRWAYS OBSTRUCTION,27
PYRAMIDAL TRACT SYNDROME,27
EYELID OPERATION,27
PRODUCT MONITORING ERROR,27
IMMUNE-MEDIATED NEUROPATHY,27
RETROPERITONEAL ABSCESS,27
PULMONARY NECROSIS,27
PRIMARY HYPOTHYROIDISM,27
RED BLOOD CELL SEDIMENTATION RATE DECREASED,27
FRIEDREICH^S ATAXIA,27
EYE HAEMATOMA,27
HEPATIC HAEMATOMA,27
RESPIRATORY GAS EXCHANGE DISORDER,27
RETINAL PIGMENT EPITHELIAL TEAR,27
HISTAMINE INTOLERANCE,27
ILEECTOMY,27
PROLONGED LABOUR,27
ORAL CONTUSION,27
STICKY SKIN,27
LOSS OF PROPRIOCEPTION,27
MENTAL DISABILITY,27
CHOLANGITIS INFECTIVE,27
DYSLALIA,27
SUPRAPUBIC PAIN,27
PANCREATIC ABSCESS,27
NEONATAL BEHAVIOURAL SYNDROME,27
CYSTITIS ESCHERICHIA,27
NEONATAL RESPIRATORY DEPRESSION,27
NEONATAL RESPIRATORY FAILURE,27
LEFT VENTRICULAR OUTFLOW TRACT GRADIENT INCREASED,27
PIK3CA-ACTIVATED MUTATION,27
CRANIOTOMY,27
BREAST CELLULITIS,27
SARCOMATOID MESOTHELIOMA,27
LEPROSY,27
OVARIAN DISORDER,27
NODULAR MELANOMA,27
BREAST INFLAMMATION,27
ALVEOLITIS,27
CUTANEOUS SARCOIDOSIS,27
ALLOGENIC STEM CELL TRANSPLANTATION,27
ALLERGY TEST NEGATIVE,27
NON-SMALL CELL LUNG CANCER STAGE IV,27
SCAPULA FRACTURE,27
OSTEOMYELITIS CHRONIC,27
ENLARGED UVULA,27
CHLAMYDIAL INFECTION,27
ARTERY DISSECTION,27
NASAL CAVITY CANCER,27
NASAL ABSCESS,27
BLOOD FOLLICLE STIMULATING HORMONE INCREASED,27
DENTAL CYST,27
JAW CLICKING,27
PNEUMONIA PARAINFLUENZAE VIRAL,27
BLOOD LACTATE DEHYDROGENASE DECREASED,27
TRI-IODOTHYRONINE INCREASED,27
PCO2 INCREASED,27
DELUSIONAL PERCEPTION,27
BLOOD LACTIC ACID ABNORMAL,27
CARTILAGE ATROPHY,27
METASTASES TO SPINAL CORD,27
"SLEEP DISORDER DUE TO GENERAL MEDICAL CONDITION, HYPERSOMNIA TYPE",27
CORNEAL REFLEX DECREASED,27
INVESTIGATION NONCOMPLIANCE,27
TYPE II HYPERSENSITIVITY,27
MUCOUS MEMBRANE PEMPHIGOID,27
DISEASE PROPENSITY,27
MANTLE CELL LYMPHOMA RECURRENT,27
SHUNT OCCLUSION,27
MYELODYSPLASTIC SYNDROME WITH MULTILINEAGE DYSPLASIA,27
SYSTEMIC LUPUS ERYTHEMATOSUS RASH,27
URINARY TRACT INFECTION STAPHYLOCOCCAL,27
INTESTINAL VILLI ATROPHY,27
POST PROCEDURAL PNEUMONIA,27
CHANGE IN SUSTAINED ATTENTION,27
ADNEXAL TORSION,27
SKIN SQUAMOUS CELL CARCINOMA RECURRENT,27
EPSTEIN-BARR VIRUS ANTIBODY POSITIVE,27
OPISTHOTONUS,27
STENOTROPHOMONAS BACTERAEMIA,27
PERIORBITAL ECZEMA,27
ADENOVIRAL HAEMORRHAGIC CYSTITIS,27
EPIPLOIC APPENDAGITIS,27
PLASMA CELL LEUKAEMIA,27
ACETONAEMIA,27
LABORATORY TEST INTERFERENCE,27
BUNION OPERATION,27
COMPLICATIONS OF BONE MARROW TRANSPLANT,27
LIPOHYPERTROPHY,27
ABDOMINAL FAT APRON,27
DEVELOPMENTAL REGRESSION,26
CATHETER SITE MASS,26
URINARY TRACT INFLAMMATION,26
FACIAL WASTING,26
RADIATION ASSOCIATED PAIN,26
RENAL VASCULITIS,26
GENITAL LESION,26
PULPLESS TOOTH,26
REFRACTORY CANCER,26
LACRIMAL DISORDER,26
GENITAL INFECTION,26
STOMA SITE ABSCESS,26
OLIGODIPSIA,26
GLOMERULONEPHRITIS PROLIFERATIVE,26
COOMBS DIRECT TEST POSITIVE,26
WALKING DISTANCE TEST ABNORMAL,26
GLOMERULONEPHRITIS MEMBRANOPROLIFERATIVE,26
BRAIN RADIATION NECROSIS,26
HANGING,26
ACUTE DISSEMINATED ENCEPHALOMYELITIS,26
RESTLESS ARM SYNDROME,26
ILLNESS ANXIETY DISORDER,26
EAR TUBE INSERTION,26
PULMONARY RENAL SYNDROME,26
HERPES SIMPLEX PNEUMONIA,26
KERATITIS FUNGAL,26
ECLAMPSIA,26
GLIOSIS,26
HAEMOGLOBINURIA,26
GASTROINTESTINAL MUCORMYCOSIS,26
CATHETER SITE EXTRAVASATION,26
HAEMANGIOMA OF SKIN,26
WRONG STRENGTH,26
RIGHT VENTRICULAR SYSTOLIC PRESSURE INCREASED,26
SKIN ULCER HAEMORRHAGE,26
PYLORIC STENOSIS,26
GASTROENTERITIS BACTERIAL,26
ORAL LICHENOID REACTION,26
LACK OF SPONTANEOUS SPEECH,26
POST CONCUSSION SYNDROME,26
SINGLE FUNCTIONAL KIDNEY,26
SIMPLE PARTIAL SEIZURES,26
BASDAI SCORE INCREASED,26
SIGMOID SINUS THROMBOSIS,26
HISTIOCYTOSIS,26
PRECOCIOUS PUBERTY,26
PERIPHERAL CIRCULATORY FAILURE,26
THUNDERCLAP HEADACHE,26
BACTEROIDES INFECTION,26
IMMUNE-MEDIATED CYSTITIS,26
MYCETOMA MYCOTIC,26
DISSEMINATED CYTOMEGALOVIRAL INFECTION,26
BACTERIAL DIARRHOEA,26
MAGNETIC RESONANCE IMAGING SPINAL ABNORMAL,26
PNEUMATOSIS,26
AVERSION,26
HAEMOBILIA,26
RESPIRATORY FUME INHALATION DISORDER,26
METASTASES TO BREAST,26
CARBUNCLE,26
BREAST CANCER MALE,26
EOSINOPHILIC FASCIITIS,26
ANASTOMOTIC COMPLICATION,26
OSTEOGENESIS IMPERFECTA,26
VITAL CAPACITY DECREASED,26
NIKOLSKY^S SIGN POSITIVE,26
OCULAR PEMPHIGOID,26
SPLENIC VEIN THROMBOSIS,26
CIRCUMORAL SWELLING,26
ANAL INFECTION,26
VASCULAR STENT STENOSIS,26
PLEURAL DISORDER,26
ANORECTAL MALFORMATION,26
HUMAN PAPILLOMA VIRUS TEST POSITIVE,26
FRONTOTEMPORAL DEMENTIA,26
POLYCYSTIC OVARIES,26
PLEUROTHOTONUS,26
NODAL OSTEOARTHRITIS,26
PLEURAL MESOTHELIOMA,26
ANAL FISSURE HAEMORRHAGE,26
CLOSTRIDIAL SEPSIS,26
HUNGRY BONE SYNDROME,26
REACTION TO COLOURING,26
MENINGOCOCCAL INFECTION,26
FIBROMA,26
VERY LOW DENSITY LIPOPROTEIN INCREASED,26
CUTANEOUS B-CELL LYMPHOMA,25
BLOOD STEM CELL TRANSPLANT FAILURE,25
PARKINSON^S DISEASE PSYCHOSIS,25
OCULAR PROCEDURAL COMPLICATION,25
CSF TEST ABNORMAL,25
PREGNANCY OF PARTNER,25
DILATATION ATRIAL,25
CYSTIC FIBROSIS RESPIRATORY INFECTION SUPPRESSION,25
MULTISYSTEM INFLAMMATORY SYNDROME,25
FAILURE OF CHILD RESISTANT PRODUCT CLOSURE,25
SILENT THYROIDITIS,25
THORACIC OUTLET SYNDROME,25
ULNAR NERVE INJURY,25
SIGHT DISABILITY,25
OCULAR VASCULITIS,25
INJECTION SITE STREAKING,25
BURKHOLDERIA PSEUDOMALLEI INFECTION,25
CAROTID ARTERY ANEURYSM,25
RETINAL SCAR,25
POST PROCEDURAL FEVER,25
PSEUDOLYMPHOMA,25
GINGIVAL BLISTER,25
CD19 LYMPHOCYTES DECREASED,25
MECHANICAL VENTILATION COMPLICATION,25
SOFT TISSUE MASS,25
EXCESSIVE SKIN,25
STAPHYLOCOCCAL ABSCESS,25
BLOOD FIBRINOGEN INCREASED,25
TRANSIENT ACANTHOLYTIC DERMATOSIS,25
PERIPHERAL EMBOLISM,25
ADMINISTRATION SITE SWELLING,25
MINERAL SUPPLEMENTATION,25
CUBITAL TUNNEL SYNDROME,25
TRAUMATIC PAIN,25
OCULAR MYASTHENIA,25
VITAMIN B6 INCREASED,25
ENTEROBIASIS,25
TRICHOTILLOMANIA,25
POOR SUCKING REFLEX,25
THROMBOTIC CEREBRAL INFARCTION,25
PERNICIOUS ANAEMIA,25
TROPONIN ABNORMAL,25
MONONEUROPATHY,25
WRIST DEFORMITY,25
CONGENITAL MUSCULOSKELETAL DISORDER OF LIMBS,25
LIVER OPERATION,25
RETICULOCYTE COUNT DECREASED,25
PENILE ERYTHEMA,25
DEHISCENCE,25
FALLOT^S TETRALOGY,25
COARCTATION OF THE AORTA,25
GRAFT LOSS,25
METASTASES TO MUSCLE,25
HERPES DERMATITIS,25
METAPNEUMOVIRUS PNEUMONIA,25
SEXUALLY TRANSMITTED DISEASE,25
CYTOMEGALOVIRUS GASTROENTERITIS,25
NEUROPATHIC ARTHROPATHY,25
HERPES ZOSTER MENINGITIS,25
RENAL SALT-WASTING SYNDROME,25
ARACHNOIDITIS,25
UTERINE INJURY,25
MEDICAL DEVICE CHANGE,25
ARTERIAL INTRAMURAL HAEMATOMA,25
EMBRYO-FOETAL TOXICITY,25
SEPTIC ENCEPHALOPATHY,25
WOLFF-PARKINSON-WHITE SYNDROME,25
CYTARABINE SYNDROME,25
LYMPHOCYTE ADOPTIVE THERAPY,25
NAIL DEFORMATION,25
HYPERVISCOSITY SYNDROME,25
TONGUE ERUPTION,25
FOETAL HEART RATE DECREASED,25
PNEUMOCEPHALUS,25
VACCINATION SITE ERYTHEMA,25
CARDIAC DEVICE IMPLANTATION,25
EPIDURAL INJECTION,25
PACKAGING DESIGN ISSUE,25
CARDIAC STRESS TEST ABNORMAL,25
RENAL CANCER METASTATIC,25
CHOREOATHETOSIS,25
LABELLED DRUG-FOOD INTERACTION ISSUE,25
MEDICAL DEVICE SITE HAEMORRHAGE,25
LEFT VENTRICULAR DILATATION,25
FRACTURE NONUNION,25
CYSTATIN C INCREASED,25
RETROGRADE AMNESIA,25
PREMATURE EJACULATION,25
ADENOIDAL DISORDER,25
TONGUE SPASM,25
CERVIX CARCINOMA RECURRENT,25
TONGUE GEOGRAPHIC,25
FACIAL NERVE DISORDER,25
CARDIOACTIVE DRUG LEVEL INCREASED,25
EROSIVE DUODENITIS,25
SYSTEMIC MASTOCYTOSIS,25
SUBCAPSULAR RENAL HAEMATOMA,25
SPONTANEOUS PENILE ERECTION,25
ATYPICAL MYCOBACTERIAL PNEUMONIA,25
CYTOTOXIC LESIONS OF CORPUS CALLOSUM,25
SMALL CELL CARCINOMA,25
SERUM FERRITIN ABNORMAL,25
APNOEIC ATTACK,25
CYTOMEGALOVIRUS HEPATITIS,25
INTESTINAL PROLAPSE,25
BREAST FEEDING,25
TOOTH IMPACTED,25
INADEQUATE DIET,24
GEOTRICHUM INFECTION,24
MALIGNANT POLYP,24
BLOOD VISCOSITY DECREASED,24
CARCINOID TUMOUR,24
PRODUCT LABEL ON WRONG PRODUCT,24
SOFT TISSUE SARCOMA,24
FEELING OF RELAXATION,24
PERITONEAL DIALYSIS,24
TOOTH SOCKET HAEMORRHAGE,24
BONE DEMINERALISATION,24
THROMBOTIC STROKE,24
IATROGENIC KAPOSI SARCOMA,24
BONE DENSITY INCREASED,24
BLOOD GASES ABNORMAL,24
RECTAL CANCER METASTATIC,24
BONE HYPERTROPHY,24
PRIMARY STABBING HEADACHE,24
MANUFACTURING MATERIALS ISSUE,24
PERINEAL RASH,24
GASTROINTESTINAL HYPERMOTILITY,24
BONE SWELLING,24
SLEEP-RELATED BREATHING DISORDER,24
GASTROSTOMY TUBE SITE COMPLICATION,24
GASTROINTESTINAL TRACT ADENOMA,24
CUTANEOUS LEISHMANIASIS,24
PRODUCT INTOLERANCE,24
GIARDIASIS,24
METASTASES TO EYE,24
CARBON MONOXIDE POISONING,24
BRONCHIAL CARCINOMA,24
CEREBRAL VASOCONSTRICTION,24
MILLER FISHER SYNDROME,24
ANAEMIA OF CHRONIC DISEASE,24
HEPATITIS B DNA INCREASED,24
CLUBBING,24
CLOSTRIDIUM BACTERAEMIA,24
OSTEOSARCOMA,24
PULMONARY ARTERIAL PRESSURE ABNORMAL,24
ENDOMETRIAL CANCER RECURRENT,24
HYPEREMESIS GRAVIDARUM,24
CLEFT LIP AND PALATE,24
ENCEPHALOMALACIA,24
ANAESTHESIA,24
OCCIPITAL LOBE STROKE,24
ANDROPAUSE,24
ELECTROCARDIOGRAM T WAVE PEAKED,24
SECONDARY HYPERTENSION,24
HYPOPHOSPHATASIA,24
EYELID CYST,24
PANCREATIC CARCINOMA RECURRENT,24
APOPTOSIS,24
INTERVERTEBRAL DISC SPACE NARROWING,24
PULMONARY SEPTAL THICKENING,24
VITAMIN A DEFICIENCY,24
OSCILLOPSIA,24
UTERINE NEOPLASM,24
PROTHROMBIN LEVEL DECREASED,24
EUTHANASIA,24
STENT REMOVAL,24
WOUND NECROSIS,24
FRACTIONAL EXHALED NITRIC OXIDE INCREASED,24
ACANTHOSIS,24
HIGH RISK SEXUAL BEHAVIOUR,24
EROSIVE PUSTULAR DERMATOSIS,24
PROTEUS TEST POSITIVE,24
ERECTION INCREASED,24
PROSTATIC PAIN,24
COLD TYPE HAEMOLYTIC ANAEMIA,24
OESOPHAGEAL DILATATION,24
RENAL FUSION ANOMALY,24
OROPHARYNGEAL PLAQUE,24
OROPHARYNGEAL SPASM,24
COLECTOMY TOTAL,24
OCULAR SURFACE DISEASE,24
OCULAR CYST,24
PSEUDOPOLYPOSIS,24
STAB WOUND,24
SEPSIS NEONATAL,24
MEAN CELL VOLUME ABNORMAL,24
PULMONARY VASCULAR DISORDER,24
DIALYSIS RELATED COMPLICATION,24
GRIMACING,24
AUTOIMMUNE HYPOTHYROIDISM,24
AUTOIMMUNE LUNG DISEASE,24
CATHETER SITE WARMTH,24
B-LYMPHOCYTE ABNORMALITIES,24
MYCOBACTERIUM FORTUITUM INFECTION,24
CHIKUNGUNYA VIRUS INFECTION,24
MALIGNANT NEOPLASM OF EYE,24
POST 5-ALPHA-REDUCTASE INHIBITOR SYNDROME,24
BACILLUS CALMETTE-GUERIN INFECTION,24
DISSEMINATED BLASTOMYCOSIS,24
GRANULOMATOUS DERMATITIS,24
CORNEAL NEOVASCULARISATION,24
PRETERM PREMATURE RUPTURE OF MEMBRANES,24
DIABETIC RETINAL OEDEMA,24
CERVICAL CYST,24
PHILADELPHIA POSITIVE ACUTE LYMPHOCYTIC LEUKAEMIA,24
URINE ALBUMIN/CREATININE RATIO ABNORMAL,24
ARTIFICIAL CROWN PROCEDURE,24
PAPILLARY RENAL CELL CARCINOMA,24
"ASTROCYTOMA, LOW GRADE",24
RETINITIS PIGMENTOSA,24
DRUG TOLERANCE INCREASED,24
MITRAL VALVE REPLACEMENT,24
DEVICE EMBOLISATION,24
PRODUCT REGIMEN CONFUSION,24
STEROID THERAPY,24
IRREGULAR SLEEP WAKE RHYTHM DISORDER,24
SERUM AMYLOID A PROTEIN INCREASED,24
TUBERCULOUS PLEURISY,24
STOOL ANALYSIS ABNORMAL,23
SPINAL CORD OEDEMA,23
PLASTIC SURGERY,23
MALIGNANT HYPERTENSION,23
GASTROENTERITIS EOSINOPHILIC,23
GASTRIC VARICES HAEMORRHAGE,23
CONDUCTIVE DEAFNESS,23
RECTOCELE,23
LIVIDITY,23
MALIGNANT CATATONIA,23
REFEEDING SYNDROME,23
REFLEXES ABNORMAL,23
SUPERFICIAL SPREADING MELANOMA STAGE UNSPECIFIED,23
THERMAL BURNS OF EYE,23
CHRONIC GRAFT VERSUS HOST DISEASE IN INTESTINE,23
FUNGAL TEST POSITIVE,23
CERVIX CANCER METASTATIC,23
LOW CARDIAC OUTPUT SYNDROME,23
LENTIGO,23
FOETAL CARDIAC DISORDER,23
TARGET SKIN LESION,23
LEUKAEMIC INFILTRATION,23
IMPERCEPTION,23
THORACIC OPERATION,23
SYSTOLIC HYPERTENSION,23
CEREBRAL CYST,23
T-CELL TYPE ACUTE LEUKAEMIA,23
CARCINOID TUMOUR PULMONARY,23
SQUAMOUS CELL CARCINOMA OF THE TONGUE,23
FOETAL MACROSOMIA,23
MEDICAL DEVICE BATTERY REPLACEMENT,23
ANAPHYLACTOID SHOCK,23
BABESIOSIS,23
EYELASH CHANGES,23
DROP ATTACKS,23
HYPERTROPHY,23
DOUBLE STRANDED DNA ANTIBODY POSITIVE,23
URINARY SEDIMENT PRESENT,23
POST PROCEDURAL ERYTHEMA,23
URINARY BLADDER SUSPENSION,23
ATRIOVENTRICULAR SEPTAL DEFECT,23
URINARY BLADDER RUPTURE,23
PRESSURE OF SPEECH,23
URETHRAL DISORDER,23
GROWTH FAILURE,23
BIOCHEMICAL PREGNANCY,23
BIOPSY KIDNEY,23
PARAESTHESIA EAR,23
MYXOEDEMA,23
PULMONARY ARTERY STENOSIS,23
ANTICONVULSANT DRUG LEVEL BELOW THERAPEUTIC,23
SENSORIMOTOR DISORDER,23
PANCREATIC ENLARGEMENT,23
APPLICATION SITE DISCHARGE,23
NEONATAL CARDIAC FAILURE,23
HEARING DISABILITY,23
ARRHYTHMIA INDUCED CARDIOMYOPATHY,23
ARTHROSCOPY,23
INFECTED NEOPLASM,23
EXTRAOCULAR MUSCLE DISORDER,23
DUODENAL POLYP,23
AGITATED DEPRESSION,23
ANTI FACTOR VIII ANTIBODY INCREASED,23
HEPATORENAL FAILURE,23
AMINO ACID LEVEL DECREASED,23
HYPERAMYLASAEMIA,23
DIAPHRAGMALGIA,23
MOREL-LAVALLEE SEROMA,23
RESPIRATORY TRACT INFLAMMATION,23
HELPLESSNESS,23
INCARCERATED HERNIA,23
SMALL INTESTINE ADENOCARCINOMA,23
BREAKTHROUGH COVID-19,23
HIP DEFORMITY,23
BREAST CALCIFICATIONS,23
NEUROGENIC BOWEL,23
TUBEROUS SCLEROSIS COMPLEX,23
RESPIRATORY SYNCYTIAL VIRUS BRONCHITIS,23
BRONCHIOLITIS OBLITERANS SYNDROME,23
BRONCHOSPASM PARADOXICAL,23
BUDD-CHIARI SYNDROME,23
PERIORBITAL DERMATITIS,23
VENTRICULAR TACHYARRHYTHMIA,23
OTITIS MEDIA CHRONIC,23
SENSORY PROCESSING DISORDER,23
METAL POISONING,23
METASTASES TO STOMACH,23
TRIGEMINAL NERVE DISORDER,23
OESOPHAGEAL ATRESIA,23
PULMONARY ARTERY STENOSIS CONGENITAL,23
RADIATION INFLAMMATION,23
METASTATIC LYMPHOMA,23
SCLERODERMA RENAL CRISIS,23
METASTASES TO SPLEEN,23
BLOOD OSMOLARITY DECREASED,23
OESOPHAGEAL DILATION PROCEDURE,23
DECREASED EYE CONTACT,23
JUDGEMENT IMPAIRED,23
HERPES ZOSTER INFECTION NEUROLOGICAL,23
AMPHETAMINES POSITIVE,22
CLEFT LIP,22
ALOPECIA SCARRING,22
PITUITARY-DEPENDENT CUSHING^S SYNDROME,22
HYPERCHLORAEMIA,22
CARBON DIOXIDE ABNORMAL,22
NONREASSURING FOETAL HEART RATE PATTERN,22
HYPERACTIVE PHARYNGEAL REFLEX,22
ZINC DEFICIENCY,22
XANTHOPSIA,22
ABORTION THREATENED,22
COMPLICATED APPENDICITIS,22
PROSTHETIC VALVE ENDOCARDITIS,22
OPEN ANGLE GLAUCOMA,22
ACUTE MOTOR-SENSORY AXONAL NEUROPATHY,22
COLOUR BLINDNESS ACQUIRED,22
VULVAL CANCER,22
HEPATIC CANCER STAGE IV,22
ADENOVIRUS REACTIVATION,22
OROPHARYNGEAL SQUAMOUS CELL CARCINOMA,22
PSEUDOPHAKIA,22
ADNEXA UTERI CYST,22
FROSTBITE,22
VISUAL SNOW SYNDROME,22
AIRWAY REMODELLING,22
VULVAL ABSCESS,22
CHLOROMA,22
PITUITARY APOPLEXY,22
ANAPLASTIC THYROID CANCER,22
ASTEATOSIS,22
MYOSCLEROSIS,22
PARALYSIS RECURRENT LARYNGEAL NERVE,22
HAEMOFILTRATION,22
MORTON^S NEURALGIA,22
BLADDER OBSTRUCTION,22
BLEPHAROPLASTY,22
METASTATIC CARCINOMA OF THE BLADDER,22
GINGIVAL INJURY,22
BLUE TOE SYNDROME,22
BODY SURFACE AREA INCREASED,22
GENITAL DISORDER,22
CARDIAC VENTRICULAR DISORDER,22
GASTROINTESTINAL EROSION,22
TOBACCO USER,22
PRODUCT GEL FORMATION,22
REBOUND PSORIASIS,22
HAEMORRHAGIC CYST,22
LYMPHOCYTE PERCENTAGE INCREASED,22
IMMUNE-MEDIATED MUCOSITIS,22
VASCULAR MALFORMATION,22
HEPARIN RESISTANCE,22
VASCULAR STENT OCCLUSION,22
LOW TURNOVER OSTEOPATHY,22
CHRONIC MYELOID LEUKAEMIA TRANSFORMATION,22
PULMONARY HISTOPLASMOSIS,22
OXYGEN SATURATION,22
PULMONARY HYPOPLASIA,22
SUDDEN UNEXPLAINED DEATH IN EPILEPSY,22
HAEMORRHAGIC OCCLUSIVE RETINAL VASCULITIS,22
NEPHRITIC SYNDROME,22
PICA,22
NECROTISING ENTEROCOLITIS NEONATAL,22
ARACHNOID CYST,22
CAPILLARY DISORDER,22
GALLBLADDER HYPOFUNCTION,22
GALLBLADDER OEDEMA,22
MONOCYTE COUNT ABNORMAL,22
HLA-B*27 POSITIVE,22
POSTURING,22
SPHINCTER OF ODDI DYSFUNCTION,22
INTESTINAL INFARCTION,22
DERMOID CYST,22
RHYTHM IDIOVENTRICULAR,22
REPETITIVE SPEECH,22
SCLERODERMA-LIKE REACTION,22
IN VITRO FERTILISATION,22
RETROPERITONEAL FIBROSIS,22
CYANOSIS NEONATAL,22
DRUG WITHDRAWAL HEADACHE,22
PREGNANCY TEST FALSE POSITIVE,22
PO2 DECREASED,22
SEVERE ACUTE RESPIRATORY SYNDROME,22
INTERFERON GAMMA RELEASE ASSAY POSITIVE,22
KERATOSIS PILARIS,22
SPINAL CORD INJURY CERVICAL,22
POST PROCEDURAL FISTULA,22
SECONDARY HYPOGONADISM,22
CRYSTAL URINE PRESENT,22
RHODOCOCCUS INFECTION,22
FEV1/FVC RATIO DECREASED,22
LEUKAEMOID REACTION,22
ENDOCARDITIS ENTEROCOCCAL,22
CORNEAL EROSION,22
INJECTION SITE THROMBOSIS,22
DILATATION VENTRICULAR,22
EYE ABSCESS,22
PRIMARY MEDIASTINAL LARGE B-CELL LYMPHOMA,22
EXOSTOSIS OF JAW,22
EAR INFECTION FUNGAL,22
CONGENITAL DIAPHRAGMATIC HERNIA,22
INTERSTITIAL GRANULOMATOUS DERMATITIS,22
EYELID THICKENING,22
EXPOSURE TO EXTREME TEMPERATURE,22
SLEEP ATTACKS,22
SLE ARTHRITIS,22
SCROTAL INFECTION,22
RETINAL NEOVASCULARISATION,21
INJECTION SITE ABSCESS STERILE,21
POSTICTAL PARALYSIS,21
HYPONATRAEMIC SEIZURE,21
BILIARY FISTULA,21
GENE MUTATION IDENTIFICATION TEST POSITIVE,21
PERSISTENT CORNEAL EPITHELIAL DEFECT,21
PYELITIS,21
VERTEBRAL COLUMN MASS,21
MUCOCUTANEOUS DISORDER,21
INSTILLATION SITE PAIN,21
TYMPANIC MEMBRANE DISORDER,21
PERICARDIAL FIBROSIS,21
BLAST CELL CRISIS,21
NOROVIRUS TEST POSITIVE,21
ANAL RASH,21
GENERAL ANAESTHESIA,21
TUMOUR PERFORATION,21
VISUAL ACUITY REDUCED TRANSIENTLY,21
NEUTROPHIL COUNT,21
PYOGENIC GRANULOMA,21
CORONARY ANGIOPLASTY,21
HEPATIC ARTERY THROMBOSIS,21
HORMONE-DEPENDENT PROSTATE CANCER,21
KAPOSI SARCOMA INFLAMMATORY CYTOKINE SYNDROME,21
PREMATURE AGEING,21
CHARLES BONNET SYNDROME,21
INCISION SITE COMPLICATION,21
CORNEAL LESION,21
GENITOURINARY TRACT INFECTION,21
VIRAL MYOCARDITIS,21
SMALL AIRWAYS DISEASE,21
CEREBRAL ARTERIOSCLEROSIS,21
NECROTISING SOFT TISSUE INFECTION,21
CEREBRAL CONGESTION,21
INCISION SITE ERYTHEMA,21
EPILEPTIC ENCEPHALOPATHY,21
PHANTOSMIA,21
VEXAS SYNDROME,21
VULVITIS,21
RETICULOCYTOPENIA,21
FEMORAL HERNIA INCARCERATED,21
CERVICAL POLYP,21
CYSTIC FIBROSIS RELATED DIABETES,21
PELVIC KIDNEY,21
RADIATION OESOPHAGITIS,21
IDIOPATHIC ORBITAL INFLAMMATION,21
BLOOD CHROMOGRANIN A INCREASED,21
SYMBLEPHARON,21
CORNEAL DEFECT,21
OESOPHAGEAL OPERATION,21
DERMATOCHALASIS,21
PNEUMONIA ADENOVIRAL,21
CUTANEOUS LYMPHOMA,21
TRANSVERSE SINUS THROMBOSIS,21
BLOOD BETA-D-GLUCAN INCREASED,21
GAIT SPASTIC,21
RENAL ARTERY THROMBOSIS,21
ANGIODYSPLASIA,21
GASTROENTERITIS CLOSTRIDIAL,21
HAEMORRHAGIC INFARCTION,21
UROGENITAL FISTULA,21
ASBESTOSIS,21
FORAMEN MAGNUM STENOSIS,21
ANTINEUTROPHIL CYTOPLASMIC ANTIBODY,21
ADMINISTRATION SITE WOUND,21
RETINOGRAM ABNORMAL,21
FACIAL OPERATION,21
PARACENTESIS,21
MYOTONIA,21
PERINEAL INJURY,21
RETINAL VEIN THROMBOSIS,21
SERUM SEROTONIN INCREASED,21
LACK OF CONCOMITANT DRUG EFFECT,21
AUTOPHONY,21
OPHTHALMIC VEIN THROMBOSIS,21
HEPATOPULMONARY SYNDROME,21
URTICARIA PAPULAR,21
HYPERPROTEINAEMIA,21
LAGOPHTHALMOS,21
CONFUSIONAL AROUSAL,21
EOSINOPHIL PERCENTAGE INCREASED,21
COMPUTERISED TOMOGRAM HEART ABNORMAL,21
ADMINISTRATION SITE ERYTHEMA,21
APPLICATION SITE DERMATITIS,21
SPINAL CORD HAEMORRHAGE,21
UTERINE CONTRACTIONS DURING PREGNANCY,21
PANCREATIC NEUROENDOCRINE TUMOUR METASTATIC,21
RESPIRATORY DISORDER NEONATAL,21
HEAD BANGING,21
LAPAROSCOPIC SURGERY,21
HAEMOSIDEROSIS,21
HAEMORRHOIDS THROMBOSED,21
OCCULT BLOOD POSITIVE,21
VARICOSE VEIN RUPTURED,21
B-CELL LYMPHOMA RECURRENT,21
URETERIC DILATATION,21
LEFT-TO-RIGHT CARDIAC SHUNT,21
CENTRAL NERVOUS SYSTEM NEOPLASM,21
ANION GAP ABNORMAL,21
PUS IN STOOL,21
CHRONIC GRAFT VERSUS HOST DISEASE IN EYE,21
SPLENIC HAEMORRHAGE,21
MULTIFOCAL MOTOR NEUROPATHY,21
UMBILICAL HERNIA REPAIR,21
BENIGN HYDATIDIFORM MOLE,21
PERIPHERAL ARTERY ANEURYSM,21
SPLENIC LESION,21
PARATHYROID TUMOUR MALIGNANT,21
BASOPHIL PERCENTAGE INCREASED,21
ENTEROBACTER SEPSIS,21
PERFORATION BILE DUCT,21
PARASITIC GASTROENTERITIS,21
INTRACRANIAL INFECTION,21
PRODUCT COMPOUNDING QUALITY ISSUE,21
HAEMATOLOGICAL NEOPLASM,21
LORDOSIS,21
NEUROENDOCRINE CARCINOMA METASTATIC,21
WOUND DRAINAGE,21
BURKITT^S LYMPHOMA RECURRENT,21
ANORECTAL OPERATION,21
AIRWAY COMPLICATION OF ANAESTHESIA,20
ALLERGIC TRANSFUSION REACTION,20
ICHTHYOSIS,20
THERAPEUTIC PRODUCT INEFFECTIVE FOR UNAPPROVED INDICATION,20
VIRAL SINUSITIS,20
KIDNEY SMALL,20
CREATININE RENAL CLEARANCE ABNORMAL,20
LACRIMATION DECREASED,20
SMALL INTESTINE OPERATION,20
EXTRAVASATION BLOOD,20
SCARLET FEVER,20
GENITAL HERPES SIMPLEX,20
REBOUND PSYCHOSIS,20
THYROID CANCER METASTATIC,20
BRONCHOSCOPY,20
GENITAL CANDIDIASIS,20
INFLAMMATION OF WOUND,20
PERICARDIAL EFFUSION MALIGNANT,20
BREAST RECONSTRUCTION,20
AGRAPHIA,20
MAY-THURNER SYNDROME,20
MENINGITIS PNEUMOCOCCAL,20
BRAIN STEM STROKE,20
EXTREMITY CONTRACTURE,20
BLASTOMYCOSIS,20
FEMALE ORGASMIC DISORDER,20
AUTOANTIBODY POSITIVE,20
NEUROLOGICAL EXAMINATION ABNORMAL,20
MULTIPLE DRUG HYPERSENSITIVITY,20
UNADJUSTED DOSE ADMINISTERED,20
SEBACEOUS CARCINOMA,20
UREA CYCLE DISORDER,20
RETINAL OPERATION,20
SECONDARY AMYLOIDOSIS,20
PUPILLARY LIGHT REFLEX TESTS ABNORMAL,20
BACTERIAL ABDOMINAL INFECTION,20
INTRACRANIAL HAEMATOMA,20
MYCOTIC ENDOPHTHALMITIS,20
NEURODEVELOPMENTAL DELAY,20
AXILLARY VEIN THROMBOSIS,20
SHOCK HYPOGLYCAEMIC,20
MYOCARDIAL STUNNING,20
POLYMERS ALLERGY,20
URINE PROTEIN/CREATININE RATIO ABNORMAL,20
NAIL HYPERTROPHY,20
NEONATAL SEIZURE,20
DUPLICATE THERAPY ERROR,20
VAGINAL PROLAPSE,20
NASAL SEPTUM DISORDER,20
EYELID DISCOLOURATION,20
APPLICATION SITE ULCER,20
APPLICATION SITE LACERATION,20
NEGATIVISM,20
DYSPRAXIA,20
INTESTINAL ANASTOMOSIS COMPLICATION,20
PANCREATIC DUCT DILATATION,20
"EAR, NOSE AND THROAT DISORDER",20
ULTRASOUND FOETAL ABNORMAL,20
ANGIODERMATITIS,20
MUCOCUTANEOUS ULCERATION,20
BILIARY SEPSIS,20
DEAFNESS CONGENITAL,20
BLOOD TEST,20
SLEEP INERTIA,20
ALVEOLAR OSTEITIS,20
BLOOD PH INCREASED,20
BLOOD OSMOLARITY INCREASED,20
OSTEOTOMY,20
NOCTURNAL FEAR,20
AMNIOTIC FLUID VOLUME DECREASED,20
JEALOUS DELUSION,20
TRANSFUSION-ASSOCIATED DYSPNOEA,20
TRANSIENT APHASIA,20
BLOOD CHOLINESTERASE DECREASED,20
MILIA,20
POSTOPERATIVE DELIRIUM,20
VERTEBROBASILAR ARTERY DISSECTION,20
ANAL ATRESIA,20
VERBAL ABUSE,20
GASTROINTESTINAL ANASTOMOTIC LEAK,20
OVARIAN CANCER STAGE IV,20
TRISOMY 18,20
BK POLYOMAVIRUS TEST POSITIVE,20
TUBERCULOSIS GASTROINTESTINAL,20
INFERIOR VENA CAVA DILATATION,20
HYPERINSULINAEMIA,20
DIALYSIS HYPOTENSION,20
HYPOGLYCAEMIC ENCEPHALOPATHY,20
IMPAIRED FASTING GLUCOSE,20
MUCOCUTANEOUS TOXICITY,20
ADMINISTRATION RELATED REACTION,20
VACCINE INTERACTION,20
CHEMICAL BURN OF GENITALIA,20
COMPLICATIONS OF TRANSPLANTED HEART,20
CAROTID ARTERY DISSECTION,20
PERITONEAL TUBERCULOSIS,20
IMMUNE-MEDIATED OESOPHAGITIS,20
STOMA SITE ODOUR,20
COLOSTOMY BAG USER,20
COLORECTAL CANCER RECURRENT,20
CEREBRAL NOCARDIOSIS,20
SUPERIOR MESENTERIC ARTERY SYNDROME,20
CORTICOBASAL DEGENERATION,20
CATARACT CONGENITAL,20
CONGENITAL HYPOTHYROIDISM,20
LICHEN PLANUS PEMPHIGOIDES,20
ADENOVIRAL HEPATITIS,20
MALABSORPTION FROM ADMINISTRATION SITE,20
TERATOGENICITY,20
CONGENITAL MULTIPLEX ARTHROGRYPOSIS,20
INFUSION SITE SCAB,20
MALIGNANT GENITOURINARY TRACT NEOPLASM,20
ONYCHOMALACIA,20
SQUAMOUS CELL CARCINOMA OF THE CERVIX,20
COAGULATION FACTOR DEFICIENCY,20
ACUTE CARDIAC EVENT,20
LOOSE BODY IN JOINT,20
PROTOTHECOSIS,20
PROCEDURAL HYPOTENSION,20
PRECANCEROUS LESION OF DIGESTIVE TRACT,20
GALLBLADDER OBSTRUCTION,20
ACQUIRED IMMUNODEFICIENCY SYNDROME,20
LIMB REDUCTION DEFECT,20
WALL MOTION SCORE INDEX ABNORMAL,20
PRODUCT CONTAMINATION WITH BODY FLUID,20
BEHAVIOURAL ADDICTION,19
INFECTIVE SCLERITIS,19
SPINAL MUSCULAR ATROPHY,19
LENS DISORDER,19
BOREDOM,19
PRIMARY MYELOFIBROSIS,19
HYPOCALVARIA,19
URAEMIC ENCEPHALOPATHY,19
SACROILIAC JOINT DYSFUNCTION,19
FOETAL VASCULAR MALPERFUSION,19
GROWTH HORMONE DEFICIENCY,19
OESOPHAGEAL CANCER METASTATIC,19
BONE INFARCTION,19
ACUTE PHASE REACTION,19
ACUTE MYELOID LEUKAEMIA REFRACTORY,19
SUTURE REMOVAL,19
CHEST WALL MASS,19
HYPOBARISM,19
TONSILLAR HAEMORRHAGE,19
CENTRAL NERVOUS SYSTEM HAEMORRHAGE,19
PCO2 DECREASED,19
ENDOTHELIAL DYSFUNCTION,19
PHOTODERMATOSIS,19
PROGESTERONE DECREASED,19
SHUNT INFECTION,19
OEDEMATOUS KIDNEY,19
PARAPROTEINAEMIA,19
INTRAOCULAR PRESSURE DECREASED,19
TRI-IODOTHYRONINE FREE DECREASED,19
SPINAL CORD HAEMATOMA,19
PELVIC ADHESIONS,19
OSTEOMYELITIS FUNGAL,19
BRAIN SCAN ABNORMAL,19
SICKLE CELL DISEASE,19
KELOID SCAR,19
BARTHOLIN^S CYST,19
PERICARDIAL DISEASE,19
SPLINTER,19
PROLONGED EXPIRATION,19
RESTRICTIVE CARDIOMYOPATHY,19
ANORECTAL INFECTION,19
INFECTIVE TENOSYNOVITIS,19
LATENT AUTOIMMUNE DIABETES IN ADULTS,19
TACHYCARDIA FOETAL,19
SUPERIOR SAGITTAL SINUS THROMBOSIS,19
CHOLELITHIASIS OBSTRUCTIVE,19
HEPATIC VASCULAR THROMBOSIS,19
HYPERCALCIURIA,19
SYNOVIAL RUPTURE,19
OESTRADIOL INCREASED,19
MOYAMOYA DISEASE,19
INFERTILITY MALE,19
ACTIVATED PARTIAL THROMBOPLASTIN TIME SHORTENED,19
BILOMA,19
FOETAL GROWTH ABNORMALITY,19
ANAL SKIN TAGS,19
DIASTASIS RECTI ABDOMINIS,19
BLOOD INSULIN ABNORMAL,19
ENDOCARDITIS NONINFECTIVE,19
HEPATIC ANGIOSARCOMA,19
JEJUNAL ULCER,19
ORBITAL OEDEMA,19
GOUTY TOPHUS,19
FOETAL CHROMOSOME ABNORMALITY,19
NEUROSYPHILIS,19
RADICULAR PAIN,19
BLOOD OESTROGEN ABNORMAL,19
IMMUNE-MEDIATED PANCYTOPENIA,19
LUNG CARCINOMA CELL TYPE UNSPECIFIED STAGE I,19
BLADDER TAMPONADE,19
PNEUMONIA ESCHERICHIA,19
HYPOURICAEMIA,19
VASECTOMY,19
BLOOD UREA NITROGEN/CREATININE RATIO DECREASED,19
GILBERT^S SYNDROME,19
CORNEAL INFILTRATES,19
IMPLANT SITE SCAR,19
DIET NONCOMPLIANCE,19
DEFECT CONDUCTION INTRAVENTRICULAR,19
WHITE BLOOD CELL COUNT,19
INFUSION SITE THROMBOSIS,19
TP53 GENE MUTATION,19
METASTASES TO NERVOUS SYSTEM,19
CHEST WALL RIGIDITY,19
ANENCEPHALY,19
SKIN FIBROSIS,19
CORNEAL GRAFT REJECTION,19
MILK-ALKALI SYNDROME,19
ORGASMIC SENSATION DECREASED,19
METASTASES TO NECK,19
LIMBAL STEM CELL DEFICIENCY,19
LIPOSARCOMA,19
RESPIRATORY MONILIASIS,19
RETINOPATHY HYPERTENSIVE,19
HOMELESS,19
CANCER CELLS PRESENT,19
ANTIPHOSPHOLIPID ANTIBODIES,19
ADRENAL GLAND CANCER,19
PALATAL SWELLING,19
RENAL FAILURE NEONATAL,19
ADRENOMEGALY,19
THYMUS HYPOPLASIA,19
LEUKOPLAKIA,19
POIKILOCYTOSIS,19
THYROID CANCER RECURRENT,19
ADULT T-CELL LYMPHOMA/LEUKAEMIA,19
PAINFUL ERECTION,19
DRY GANGRENE,19
HYPERTONIA NEONATAL,19
PERIORBITAL HAEMATOMA,19
VITAMIN B12 ABNORMAL,19
ABSCESS FUNGAL,19
POEMS SYNDROME,19
RETINOPATHY OF PREMATURITY,19
DURAL ARTERIOVENOUS FISTULA,19
VAGINAL ULCERATION,19
RIB DEFORMITY,19
CARDIO-RESPIRATORY DISTRESS,19
RECTAL NEOPLASM,19
CARDIAC PROCEDURE COMPLICATION,19
CARDIAC OUTPUT INCREASED,19
INTERVERTEBRAL DISC DISPLACEMENT,19
THERAPY RESPONDER,19
NEGATIVE PRESSURE PULMONARY OEDEMA,19
INJECTION SITE CYST,19
INFUSION SITE HYPERSENSITIVITY,19
NEGLECT OF PERSONAL APPEARANCE,19
CONGENITAL CARDIOVASCULAR ANOMALY,19
ENZYME ABNORMALITY,19
UTERINE INFLAMMATION,19
GASTROENTERITIS RADIATION,19
SPERMATOZOA ABNORMAL,19
NASAL POLYPECTOMY,19
ARTERIAL REPAIR,19
FISHBANE REACTION,19
THROMBOPHLEBITIS SEPTIC,19
PAPILLITIS,19
SUBCHORIONIC HAEMATOMA,19
IGG DEFICIENCY,19
MYOFASCIAL PAIN SYNDROME,19
PROSTATE CANCER STAGE IV,19
AUTOINFLAMMATORY DISEASE,19
PREGNANCY TEST NEGATIVE,19
NOSE DEFORMITY,19
NEPHROSCLEROSIS,19
SPINAL FUSION ACQUIRED,19
EXTRASKELETAL OSSIFICATION,19
VASCULAR INSUFFICIENCY,19
RENAL CYST INFECTION,19
VISUAL PATHWAY DISORDER,19
RETINAL VASCULAR THROMBOSIS,19
HEART SOUNDS ABNORMAL,19
SEXUAL ACTIVITY DECREASED,19
AUTOIMMUNE NEUTROPENIA,19
VASCULAR GRAFT OCCLUSION,19
ATYPICAL MIGRAINE,19
VOLVULUS OF SMALL BOWEL,19
LARGE INTESTINE OPERATION,19
OPEN GLOBE INJURY,19
MYELOCYTE COUNT INCREASED,19
AXILLARY LYMPHADENECTOMY,19
ENTEROBACTER PNEUMONIA,19
CSF WHITE BLOOD CELL COUNT INCREASED,19
PSYCHOSEXUAL DISORDER,19
CATHETER SITE VESICLES,19
EAR NEOPLASM,18
CONVULSIONS LOCAL,18
ACROMEGALY,18
DIABETIC EYE DISEASE,18
URETHRAL OBSTRUCTION,18
HIV TEST POSITIVE,18
DOPAMINE AGONIST WITHDRAWAL SYNDROME,18
OPPOSITIONAL DEFIANT DISORDER,18
ANDROGEN DEFICIENCY,18
PANCREATIC STENT PLACEMENT,18
SALIVARY GLAND CANCER,18
PULMONARY EOSINOPHILIA,18
APPENDICEAL ABSCESS,18
BLADDER PERFORATION,18
POOR PROGNOSIS,18
INSULIN C-PEPTIDE INCREASED,18
PORPHYRIA,18
PROSTHESIS IMPLANTATION,18
SHUNT MALFUNCTION,18
ORAL DYSAESTHESIA,18
PRODUCT BARCODE ISSUE,18
ANAL HYPOAESTHESIA,18
BIOPSY LUNG,18
HEART VALVE STENOSIS,18
RELAPSING FEVER,18
APPLICATION SITE INJURY,18
XANTHOMA,18
COR PULMONALE,18
PHRENIC NERVE PARALYSIS,18
EATING DISORDER SYMPTOM,18
OVARIAN ENLARGEMENT,18
GROWING PAINS,18
AORTA HYPOPLASIA,18
CONGENITAL MEGACOLON,18
MUCOSAL TOXICITY,18
CONJUNCTIVITIS BACTERIAL,18
ANGIOSARCOMA,18
LUMBOSACRAL PLEXOPATHY,18
WOUND ABSCESS,18
CONJUNCTIVAL SCAR,18
CHRONIC KIDNEY DISEASE-MINERAL AND BONE DISORDER,18
SUDDEN INFANT DEATH SYNDROME,18
WOUND CELLULITIS,18
INFECTED DERMAL CYST,18
VARICOCELE,18
BENIGN OVARIAN TUMOUR,18
BENIGN NEOPLASM OF SKIN,18
CHRONIC INFLAMMATORY RESPONSE SYNDROME,18
UNEVALUABLE DEVICE ISSUE,18
CHRONIC IDIOPATHIC PAIN SYNDROME,18
DILATATION INTRAHEPATIC DUCT ACQUIRED,18
COLON CANCER RECURRENT,18
PUNCTURE SITE ERYTHEMA,18
FRACTURE DELAYED UNION,18
INTESTINAL METAPLASIA,18
MUSCLE TENSION DYSPHONIA,18
INCREASED INSULIN REQUIREMENT,18
ATONIC URINARY BLADDER,18
LERICHE SYNDROME,18
PREMENSTRUAL PAIN,18
FORCED EXPIRATORY VOLUME ABNORMAL,18
INTERNAL FIXATION OF FRACTURE,18
URETERIC CANCER,18
MUCOCUTANEOUS HAEMORRHAGE,18
SILENT MYOCARDIAL INFARCTION,18
ACQUIRED DIAPHRAGMATIC EVENTRATION,18
STATUS MIGRAINOSUS,18
RENAL ARTERIOSCLEROSIS,18
DRAIN SITE COMPLICATION,18
HAEMORRHAGIC ASCITES,18
SALIVA DISCOLOURATION,18
SPLENIC THROMBOSIS,18
RENAL CORTICAL NECROSIS,18
THERAPEUTIC EMBOLISATION,18
METASTASES TO RETROPERITONEUM,18
EPILEPSIA PARTIALIS CONTINUA,18
HEPATIC RUPTURE,18
CRYPTOCOCCAL CUTANEOUS INFECTION,18
EYE EXCISION,18
LAPAROSCOPY,18
GASTROENTERITIS ASTROVIRAL,18
KIDNEY RUPTURE,18
MENINGISM,18
SPERM CONCENTRATION DECREASED,18
METASTATIC GASTRIC CANCER,18
MESENTERIC ARTERY THROMBOSIS,18
PNEUMOPERICARDIUM,18
CENTRAL NERVOUS SYSTEM MASS,18
CARCINOID SYNDROME,18
CATHETER SITE HAEMATOMA,18
PENILE ULCERATION,18
BREAST NECROSIS,18
LARYNGEAL OBSTRUCTION,18
METASTASES TO GASTROINTESTINAL TRACT,18
TOXIC OPTIC NEUROPATHY,18
ENTEROSTOMY,18
EPIDERMODYSPLASIA VERRUCIFORMIS,18
PERIPHERAL ARTERY BYPASS,18
INJECTION SITE NERVE DAMAGE,18
TESTICULAR CYST,18
FIBROADENOMA OF BREAST,18
MEDULLOBLASTOMA RECURRENT,18
TOOTH AVULSION,18
HUMAN HERPESVIRUS 6 VIRAEMIA,18
CERVICAL CORD COMPRESSION,18
RECTAL SPASM,18
MEDICAL DEVICE MONITORING ERROR,18
IMMUNE-MEDIATED GASTROINTESTINAL DISORDER,18
ENTEROVIRUS TEST POSITIVE,18
RED CELL DISTRIBUTION WIDTH ABNORMAL,18
PHARYNGOTONSILLITIS,18
JOINT MICROHAEMORRHAGE,18
CERVICOBRACHIAL SYNDROME,18
VOCAL CORD POLYP,18
MICROSCOPIC POLYANGIITIS,18
VULVAL ULCERATION,18
LARYNGITIS FUNGAL,18
CORNEAL STRIAE,18
VOLUME BLOOD DECREASED,18
MALIGNANT MELANOMA IN SITU,18
JUGULAR VEIN DISTENSION,18
FIBROMUSCULAR DYSPLASIA,18
PERIORBITAL DISORDER,18
RECURRENCE OF NEUROMUSCULAR BLOCKADE,18
CORNEAL EPITHELIAL MICROCYSTS,18
EOSINOPHIL COUNT,18
POIKILODERMA,18
PELVI-URETERIC OBSTRUCTION,18
CARDIAC VALVE VEGETATION,18
INFLUENZA B VIRUS TEST POSITIVE,18
TACHYPHYLAXIS,18
MASS EXCISION,18
ENDOMETRIAL DISORDER,18
INJECTION SITE PLAQUE,18
CORNEAL DECOMPENSATION,18
OSTEONECROSIS OF EXTERNAL AUDITORY CANAL,18
PELVIC HAEMORRHAGE,18
RECTAL ULCER HAEMORRHAGE,18
EYE INFARCTION,18
MEPHISTO SIGN,18
VESICAL FISTULA,18
GAS GANGRENE,18
BLOOD CREATINE DECREASED,18
CYANOSIS CENTRAL,18
CORNEAL DYSTROPHY,18
NIPPLE SWELLING,18
GASTRODUODENAL HAEMORRHAGE,18
AEROPHAGIA,18
ENCEPHALOMYELITIS,18
ANAEMIA FOLATE DEFICIENCY,18
MALIGNANT GASTROINTESTINAL OBSTRUCTION,18
EPILEPTIC AURA,18
TOXIC SHOCK SYNDROME STREPTOCOCCAL,18
STREPTOCOCCAL URINARY TRACT INFECTION,17
NEURALGIC AMYOTROPHY,17
SOFT TISSUE NEOPLASM,17
SQUAMOUS CELL CARCINOMA OF HEAD AND NECK,17
LOCKED-IN SYNDROME,17
HUMAN BOCAVIRUS INFECTION,17
CLONAL HAEMATOPOIESIS,17
CONGENITAL RENAL DISORDER,17
ALCOHOLIC LIVER DISEASE,17
URINARY RETENTION POSTOPERATIVE,17
PROCEDURAL SITE REACTION,17
COAGULATION TIME ABNORMAL,17
AIRWAY COMPRESSION,17
MENINGOENCEPHALITIS VIRAL,17
INTRACRANIAL CALCIFICATION,17
MENINGITIS CANDIDA,17
AUTOIMMUNE NEPHRITIS,17
MELAS SYNDROME,17
CATHETER SITE ABSCESS,17
ALBUMIN GLOBULIN RATIO DECREASED,17
ENGRAFT FAILURE,17
PHOBIA,17
PERIODIC LIMB MOVEMENT DISORDER,17
PERIPHERAL NERVE LESION,17
HEPATOSPLENIC T-CELL LYMPHOMA,17
DYSAESTHESIA PHARYNX,17
SEPTIC ARTHRITIS STAPHYLOCOCCAL,17
ABDOMINAL WALL MASS,17
TESTICULAR TORSION,17
ABDOMINAL WALL DISORDER,17
CREUTZFELDT-JAKOB DISEASE,17
NEISSERIA INFECTION,17
CREATININE URINE DECREASED,17
OCULAR LYMPHOMA,17
VAGINAL CYST,17
DYSKINESIA HYPERPYREXIA SYNDROME,17
PANCREATIC ENZYMES ABNORMAL,17
OCULAR MELANOMA,17
LACTATION DISORDER,17
ORAL ALLERGY SYNDROME,17
THEFT,17
PANCREATIC DUCT OBSTRUCTION,17
VACCINATION SITE REACTION,17
AORTIC RUPTURE,17
RENAL HYPOPLASIA,17
THYROIDITIS SUBACUTE,17
NEONATAL HYPERGLYCAEMIA,17
BURKHOLDERIA CEPACIA COMPLEX INFECTION,17
BURNING SENSATION MUCOSAL,17
PO2 INCREASED,17
THYMUS DISORDER,17
HAEMORRHAGIC CEREBRAL INFARCTION,17
LIGAMENT PAIN,17
RIGHT-TO-LEFT CARDIAC SHUNT,17
HUMAN ANAPLASMOSIS,17
IMMUNOSUPPRESSANT DRUG LEVEL ABNORMAL,17
LACK OF APPLICATION SITE ROTATION,17
TESTICULAR INFARCTION,17
CANDIDA PNEUMONIA,17
FINGERPRINT LOSS,17
ARTERIOVENOUS FISTULA THROMBOSIS,17
NASAL HERPES,17
FRACTURE INFECTION,17
LACK OF EMPATHY,17
SAPOVIRUS INFECTION,17
EWING^S SARCOMA,17
HAEMATOLOGY TEST ABNORMAL,17
VASCULAR STENOSIS,17
FEAR-RELATED AVOIDANCE OF ACTIVITIES,17
GINGIVAL OPERATION,17
MORGANELLA INFECTION,17
BLOOD FOLLICLE STIMULATING HORMONE DECREASED,17
SPLEEN ATROPHY,17
LYMPHOID TISSUE HYPERPLASIA,17
LYMPHOID TISSUE HYPOPLASIA,17
SYNOVIAL FLUID ANALYSIS,17
VENOUS OPERATION,17
SKIN TURGOR DECREASED,17
PHARYNGITIS BACTERIAL,17
PARTNER STRESS,17
DEJA VU,17
PATELLOFEMORAL PAIN SYNDROME,17
TRACHEAL HAEMORRHAGE,17
ORBITAL MYOSITIS,17
LEFT VENTRICULAR ENLARGEMENT,17
PAROXYSMAL PERCEPTUAL ALTERATION,17
BACILLUS BACTERAEMIA,17
CHROMOBLASTOMYCOSIS,17
HEPATIC VEIN THROMBOSIS,17
BETA 2 MICROGLOBULIN INCREASED,17
ALPHA-1 ANTITRYPSIN DEFICIENCY,17
ACHROMOBACTER INFECTION,17
DIABETIC WOUND,17
TRANSFERRIN SATURATION INCREASED,17
BODY HEIGHT BELOW NORMAL,17
BLAST CELLS PRESENT,17
"BLOOD 1,25-DIHYDROXYCHOLECALCIFEROL INCREASED",17
BLOOD ALCOHOL INCREASED,17
IVTH NERVE PARALYSIS,17
MITOCHONDRIAL MYOPATHY,17
MITRAL VALVE REPAIR,17
ANAEMIA MEGALOBLASTIC,17
DERMATOPHYTOSIS,17
TRAUMATIC HAEMOTHORAX,17
LARYNGOPHARYNGITIS,17
TRICHIASIS,17
BLOOD BICARBONATE INCREASED,17
DEPOSIT EYE,17
ACTION TREMOR,17
INCLUSION BODY MYOSITIS,17
ANAL ERYTHEMA,17
POSTMORTEM BLOOD DRUG LEVEL ABNORMAL,17
ORGANIC BRAIN SYNDROME,17
PYOMYOSITIS,17
INSULINOMA,17
GLOBOTRIAOSYLCERAMIDE INCREASED,17
GLOBAL LONGITUDINAL STRAIN ABNORMAL,17
MORAXELLA INFECTION,17
HYPOTRICHOSIS,17
DESMOID TUMOUR,17
TONSILLOLITH,17
BONE SEQUESTRUM,17
PARATHYROID TUMOUR,17
UPPER GASTROINTESTINAL PERFORATION,17
SMALL CELL LUNG CANCER EXTENSIVE STAGE,17
PHARMACOPHOBIA,17
UPPER RESPIRATORY TRACT INFECTION BACTERIAL,17
ALLERGIC RESPIRATORY SYMPTOM,17
CYTOMEGALOVIRUS GASTROINTESTINAL INFECTION,17
TEMPORAL LOBE EPILEPSY,17
HYPOALDOSTERONISM,17
PERCUTANEOUS CORONARY INTERVENTION,17
HYPERAROUSAL,17
MALASSEZIA INFECTION,17
URETERAL DISORDER,17
MESENTERIC HAEMATOMA,17
POSTRENAL FAILURE,17
NEUROFIBROSARCOMA,17
RASH RUBELLIFORM,17
INJECTION SITE PALLOR,17
DACRYOCYSTITIS,17
EYE ABRASION,17
SALIVARY GLAND DISORDER,17
ACCIDENTAL EXPOSURE TO PRODUCT PACKAGING,16
SALPINGITIS,16
OVULATION PAIN,16
INFUSION SITE HYPOAESTHESIA,16
HEAVY EXPOSURE TO ULTRAVIOLET LIGHT,16
INGUINAL MASS,16
OSTEOMYELITIS ACUTE,16
VOCAL CORD OPERATION,16
EOSINOPHIL PERCENTAGE DECREASED,16
ANAEMIA NEONATAL,16
SARCOIDOSIS OF LYMPH NODE,16
VAGINAL FISTULA,16
NORMAL PRESSURE HYDROCEPHALUS,16
SCLEROEDEMA,16
NORMOCHROMIC ANAEMIA,16
NEW ONSET REFRACTORY STATUS EPILEPTICUS,16
HYPERMUTATION,16
ANORECTAL SWELLING,16
ELECTROCARDIOGRAM PR SHORTENED,16
VENTRICULO-PERITONEAL SHUNT,16
ENZYME LEVEL DECREASED,16
ONYCHOPHAGIA,16
OESOPHAGEAL MASS,16
AGITATION NEONATAL,16
ENVIRONMENTAL EXPOSURE,16
NEONATAL TACHYPNOEA,16
SALMONELLA BACTERAEMIA,16
EUSTACHIAN TUBE DISORDER,16
ACID BASE BALANCE ABNORMAL,16
NEUROMA,16
HEART FAILURE WITH MIDRANGE EJECTION FRACTION,16
PULMONARY MALFORMATION,16
ANTIMICROBIAL SUSCEPTIBILITY TEST RESISTANT,16
PAINFUL EJACULATION,16
OESOPHAGEAL FISTULA,16
INFECTIVE AORTITIS,16
ANTICOAGULANT-RELATED NEPHROPATHY,16
ANTICIPATORY ANXIETY,16
ADRENALITIS,16
ANTINEUTROPHIL CYTOPLASMIC ANTIBODY INCREASED,16
VENOUS HAEMORRHAGE,16
HELMINTHIC INFECTION,16
OVARIAN GERM CELL TERATOMA BENIGN,16
OBSTRUCTIVE NEPHROPATHY,16
SEASONAL AFFECTIVE DISORDER,16
ANEMBRYONIC GESTATION,16
WRONG RATE,16
ECZEMA WEEPING,16
HEART RATE VARIABILITY DECREASED,16
EXTRAMEDULLARY HAEMOPOIESIS,16
EXPOSURE VIA MUCOSA,16
PRE-ENGRAFTMENT IMMUNE REACTION,16
VIRAL SEPSIS,16
SCALP HAEMATOMA,16
VASCULAR CALCIFICATION,16
VESSEL PUNCTURE SITE BRUISE,16
ADENOCARCINOMA OF THE CERVIX,16
BILIRUBIN CONJUGATED ABNORMAL,16
VACCINATION SITE SWELLING,16
FOCAL PERITONITIS,16
MONOCYTOPENIA,16
DEVICE INTOLERANCE,16
RED BLOOD CELL SCHISTOCYTES PRESENT,16
CENTRAL NERVOUS SYSTEM INFLAMMATION,16
RETINAL DEPIGMENTATION,16
GLUCOSE-6-PHOSPHATE DEHYDROGENASE DEFICIENCY,16
ITCHING SCAR,16
RADIAL NERVE PALSY,16
CORNEAL INFECTION,16
DERMATOPHYTOSIS OF NAIL,16
CAVERNOUS SINUS THROMBOSIS,16
MINERAL DEFICIENCY,16
RECTOSIGMOID CANCER,16
SKIN LESION INFLAMMATION,16
MALIGNANT NEOPLASM OF UNKNOWN PRIMARY SITE,16
SPINAL CORD OPERATION,16
BIPOLAR II DISORDER,16
IRREGULAR SLEEP PHASE,16
HYPOPLASTIC LEFT HEART SYNDROME,16
LYMPHOCYTE MORPHOLOGY ABNORMAL,16
UMBILICAL CORD AROUND NECK,16
DIFFUSE LAMELLAR KERATITIS,16
FOETAL EXPOSURE VIA FATHER,16
CHEMOTHERAPEUTIC DRUG LEVEL INCREASED,16
SWEAT GLAND TUMOUR,16
CHEMICAL POISONING,16
SWEATING FEVER,16
LYMPHOCYTIC LEUKAEMIA,16
TUMEFACTIVE MULTIPLE SCLEROSIS,16
BILIARY DYSKINESIA,16
PRODUCT PRIMARY PACKAGING ISSUE,16
CERVIX HAEMORRHAGE UTERINE,16
TUMOUR MARKER DECREASED,16
LYMPHODEPLETION,16
DIAPHRAGMATIC SPASM,16
TUMOUR COMPRESSION,16
SKIN MACERATION,16
PELVIC HAEMATOMA,16
SINOATRIAL BLOCK,16
MENINGOCOCCAL SEPSIS,16
BRACHYDACTYLY,16
APPENDIX CANCER,16
THREATENED LABOUR,16
PRODUCT IDENTIFICATION NUMBER ISSUE,16
MEAN ARTERIAL PRESSURE INCREASED,16
TONGUE NEOPLASM,16
CANNABINOID HYPEREMESIS SYNDROME,16
MECONIUM ASPIRATION SYNDROME,16
KALEIDOSCOPE VISION,16
CAMPYLOBACTER COLITIS,16
POLYCHROMASIA,16
MENINGITIS MENINGOCOCCAL,16
MELANODERMA,16
SPASMODIC DYSPHONIA,16
BURNING FEET SYNDROME,16
PERINEPHRIC ABSCESS,16
MESENTERIC ARTERIAL OCCLUSION,16
MESENTERIC LYMPHADENITIS,16
GASTROENTERITIS ADENOVIRUS,16
THALAMIC INFARCTION,16
HYPOPROLACTINAEMIA,16
BLOOD IMMUNOGLOBULIN E DECREASED,16
PENILE ABSCESS,16
PRIMARY IMMUNODEFICIENCY SYNDROME,16
PROCEDURAL INTESTINAL PERFORATION,16
IMPLANTATION COMPLICATION,16
GASTROENTERITIS ROTAVIRUS,16
PENILE DISCHARGE,16
BONE MARROW NECROSIS,16
BLOOD STEM CELL HARVEST FAILURE,16
CRANIOFACIAL DEFORMITY,16
PERIPHERAL VEIN OCCLUSION,16
ILIOTIBIAL BAND SYNDROME,16
TOTAL CHOLESTEROL/HDL RATIO INCREASED,16
DACRYOCANALICULITIS,16
CARDIAC CONTRACTILITY DECREASED,16
RELAPSING MULTIPLE SCLEROSIS,16
SKELETAL DYSPLASIA,16
SEPTIC CEREBRAL EMBOLISM,16
MYOGLOBINURIA,16
LIMB RECONSTRUCTIVE SURGERY,16
INTESTINAL TUBERCULOSIS,16
PULMONARY TUMOUR THROMBOTIC MICROANGIOPATHY,16
STUBBORNNESS,16
NAIL DISCOMFORT,16
SEPTIC CARDIOMYOPATHY,16
COCHLEA IMPLANT,16
CHILLBLAINS,16
ASPARTATE AMINOTRANSFERASE,16
AVULSION FRACTURE,16
DISSEMINATED TOXOPLASMOSIS,16
PUNCTURE SITE BRUISE,16
PUNCTURE SITE HAEMATOMA,16
INTRA-UTERINE CONTRACEPTIVE DEVICE REMOVAL,16
UTERINE ADHESIONS,16
ASHERMAN^S SYNDROME,16
POST PROCEDURAL HYPOTENSION,16
COMPLICATIONS OF TRANSPLANT SURGERY,16
URINOMA,16
NAIL PITTING,16
SEROUS RETINOPATHY,16
MYCOPLASMA TEST POSITIVE,16
COMPUTERISED TOMOGRAM THORAX ABNORMAL,16
PAPILLARY CYSTADENOMA LYMPHOMATOSUM,16
REMOVAL OF INTERNAL FIXATION,16
INTESTINAL CYST,16
NAIL BED INFECTION,16
PLASMACYTOSIS,16
AST/ALT RATIO ABNORMAL,16
BASFI SCORE INCREASED,16
SUPERFICIAL VEIN PROMINENCE,16
RENAL CELL CARCINOMA RECURRENT,16
CONJUNCTIVITIS VIRAL,16
COMBINED PULMONARY FIBROSIS AND EMPHYSEMA,16
VACCINATION COMPLICATION,16
MUSCLE TONE DISORDER,16
URINE CALCIUM INCREASED,16
DISEASE SUSCEPTIBILITY,16
IMMUNE-MEDIATED VASCULITIS,16
POST PROCEDURAL CONSTIPATION,16
LEISHMANIASIS,16
MYELODYSPLASTIC SYNDROME WITH SINGLE LINEAGE DYSPLASIA,16
STENT MALFUNCTION,15
PSEUDOMYOPIA,15
CARDIAC FUNCTION TEST ABNORMAL,15
ILLITERACY,15
PREGNANCY TEST POSITIVE,15
PRODUCT DESIGN CONFUSION,15
THERAPEUTIC AGENT-DIAGNOSTIC TEST INTERACTION,15
EOSINOPENIA,15
PROTRUSION TONGUE,15
MATERNAL EXPOSURE VIA PARTNER DURING PREGNANCY,15
LIMB IMMOBILISATION,15
HIV VIRAEMIA,15
INJECTION SITE HYPERAESTHESIA,15
FOREIGN BODY IN MOUTH,15
PERIPHERAL ARTERY STENOSIS,15
PSYCHIATRIC CARE,15
MEDIAL TIBIAL STRESS SYNDROME,15
PROTEIN DEFICIENCY,15
LIMB TRAUMATIC AMPUTATION,15
MECONIUM IN AMNIOTIC FLUID,15
YERSINIA INFECTION,15
CRYPTOCOCCAL FUNGAEMIA,15
THROMBOSIS MESENTERIC VESSEL,15
CRYOPYRIN ASSOCIATED PERIODIC SYNDROME,15
5-HYDROXYINDOLACETIC ACID INCREASED,15
RHEUMATOID ARTHRITIS-ASSOCIATED INTERSTITIAL LUNG DISEASE,15
EXOMPHALOS,15
EOSINOPHILIC BRONCHITIS,15
ADMINISTRATION SITE PRURITUS,15
FOREIGN BODY REACTION,15
CRIME,15
INJECTION SITE EROSION,15
COMPULSIVE SEXUAL BEHAVIOUR,15
COMPLICATIONS OF TRANSPLANTED LIVER,15
LIMB FRACTURE,15
PERONEAL NERVE INJURY,15
THALASSAEMIA,15
RED BLOOD CELL NUCLEATED MORPHOLOGY PRESENT,15
IMMUNE-MEDIATED ENCEPHALOPATHY,15
PSEUDOANEURYSM INFECTION,15
INFUSION SITE PARAESTHESIA,15
SALIVARY GLAND PAIN,15
ACUTE HEPATITIS C,15
FOETAL ANAEMIA,15
PITYRIASIS ROSEA,15
ACUTE ERYTHROID LEUKAEMIA,15
MACULAR ISCHAEMIA,15
BULIMIA NERVOSA,15
SPONTANEOUS SPLENIC RUPTURE,15
REFRACTION DISORDER,15
CHRONIC GASTROINTESTINAL BLEEDING,15
GADOLINIUM DEPOSITION DISEASE,15
ACTINOMYCES BACTERAEMIA,15
GALLBLADDER ABSCESS,15
RENAL ANEURYSM,15
RENAL AMYLOIDOSIS,15
EPIPHYSES PREMATURE FUSION,15
COR PULMONALE ACUTE,15
OESOPHAGOGASTRIC FUNDOPLASTY,15
PHARYNGEAL HAEMATOMA,15
WOUND INFECTION BACTERIAL,15
COMPLEMENT FACTOR C3 DECREASED,15
RENAL DYSPLASIA,15
HUMAN IMMUNODEFICIENCY VIRUS TRANSMISSION,15
IMMOBILISATION PROLONGED,15
LIPIDS DECREASED,15
CATARACT CORTICAL,15
LARGE INTESTINAL ULCER HAEMORRHAGE,15
ADENOTONSILLECTOMY,15
WRONG PRODUCT PROCURED,15
FORCED EXPIRATORY FLOW DECREASED,15
ADENOMATOUS POLYPOSIS COLI,15
CORNEAL THINNING,15
RENAL HYPERTENSION,15
LIGHT CHAIN DISEASE,15
LIPOSUCTION,15
TENDON CALCIFICATION,15
LARYNGEAL INJURY,15
TENDINOUS CONTRACTURE,15
TENDER JOINT COUNT,15
LIVER FUNCTION TEST,15
CORNEAL OPERATION,15
ORAL NEOPLASM,15
ROCKY MOUNTAIN SPOTTED FEVER,15
SOMATIC DYSFUNCTION,15
ORAL CAVITY FISTULA,15
HYPERDYNAMIC LEFT VENTRICLE,15
MITOCHONDRIAL MYOPATHY ACQUIRED,15
DEVICE TEMPERATURE ISSUE,15
PORTAL FIBROSIS,15
EMPHYSEMATOUS CHOLECYSTITIS,15
EMPTY SELLA SYNDROME,15
TRICUSPID VALVE DISEASE,15
DEVICE CALIBRATION FAILURE,15
TREMOR NEONATAL,15
GLUCOSE URINE,15
EGFR GENE MUTATION,15
BLOOD 25-HYDROXYCHOLECALCIFEROL DECREASED,15
ENCEPHALITIS BACTERIAL,15
RADIATION PROCTITIS,15
HYPOPHOSPHATAEMIC OSTEOMALACIA,15
VASCULAR ENCEPHALOPATHY,15
PACHYMENINGITIS,15
NIPPLE DISORDER,15
FAT REDISTRIBUTION,15
TRANSIENT TACHYPNOEA OF THE NEWBORN,15
NITRITE URINE PRESENT,15
HELICOBACTER TEST POSITIVE,15
PROLAPSE,15
INTERLEUKIN-2 RECEPTOR INCREASED,15
TUBERCULOSIS OF CENTRAL NERVOUS SYSTEM,15
GONORRHOEA,15
HYPERHOMOCYSTEINAEMIA,15
INTERCOSTAL NEURALGIA,15
BASAL GANGLIA STROKE,15
PURPURA FULMINANS,15
GROWTH OF EYELASHES,15
PARAPSORIASIS,15
MUMPS,15
DISSEMINATED BACILLUS CALMETTE-GUERIN INFECTION,15
ANOGENITAL DYSPLASIA,15
SINGLE UMBILICAL ARTERY,15
ANIMAL ATTACK,15
GRAVITATIONAL OEDEMA,15
NEUROLOGICAL PROCEDURAL COMPLICATION,15
INFANT IRRITABILITY,15
MUCOSAL HYPERTROPHY,15
FALLOPIAN TUBE DISORDER,15
ULCERATIVE GASTRITIS,15
ANTERIOR CHAMBER DISORDER,15
NEUROBORRELIOSIS,15
TYPE 2 LEPRA REACTION,15
PUTAMEN HAEMORRHAGE,15
GRAM STAIN POSITIVE,15
BIOPSY LIVER,15
NO REACTION ON PREVIOUS EXPOSURE TO DRUG,15
PARATHYROID GLAND OPERATION,15
DENTAL FISTULA,15
SELF-CONSCIOUSNESS,15
BONE FISSURE,15
PRODUCT SUBSTITUTION ERROR,15
BRONCHIAL FISTULA,15
BONE MARROW MYELOGRAM ABNORMAL,15
INCISION SITE ABSCESS,15
PENILE BLISTER,15
CYSTITIS RADIATION,15
VIRAL VASCULITIS,15
MENSTRUAL DISCOMFORT,15
TINEA VERSICOLOUR,15
GENITAL DISCOLOURATION,15
ALEXITHYMIA,15
NECK DEFORMITY,15
HAIR GROWTH RATE ABNORMAL,15
KIDNEY DUPLEX,15
APPLICATION SITE OEDEMA,15
HAIRY CELL LEUKAEMIA,15
DYSCALCULIA,15
CYTOTOXIC OEDEMA,15
MENINGITIS STREPTOCOCCAL,15
DUCTAL ADENOCARCINOMA OF PANCREAS,15
"DELUSIONAL DISORDER, PERSECUTORY TYPE",15
SCLERAL DISCOLOURATION,15
"DRUG DEPENDENCE, ANTEPARTUM",15
BLOOD PARATHYROID HORMONE ABNORMAL,15
DECREASED VIBRATORY SENSE,15
MYELOMA CAST NEPHROPATHY,15
BRONCHOPNEUMOPATHY,15
NEOPLASM PROSTATE,15
VICTIM OF CHEMICAL SUBMISSION,15
SCHWANNOMA,15
JOINT TUBERCULOSIS,15
VARICELLA VIRUS TEST POSITIVE,15
BLOOD TRIGLYCERIDES DECREASED,15
DECREASED GAIT VELOCITY,15
NAIL CUTICLE FISSURE,15
MEDICAL DEVICE SITE SWELLING,15
POST PROCEDURAL STROKE,15
DRUG HALF-LIFE INCREASED,15
PANCREATIC ENZYMES DECREASED,14
IMPLANT SITE BRUISING,14
LOSS OF BLADDER SENSATION,14
LENS DISLOCATION,14
INTESTINAL CONGESTION,14
NECROSIS ISCHAEMIC,14
LIP NEOPLASM MALIGNANT STAGE UNSPECIFIED,14
HYPNOPOMPIC HALLUCINATION,14
POST THROMBOTIC SYNDROME,14
OXYGEN CONSUMPTION,14
HYPNAGOGIC HALLUCINATION,14
PANCREATIC TOXICITY,14
LHERMITTE^S SIGN,14
HYPERTENSIVE NEPHROPATHY,14
PARANEOPLASTIC ENCEPHALOMYELITIS,14
HYPERVITAMINOSIS,14
INTESTINAL MALROTATION,14
POST PROCEDURAL HAEMATURIA,14
ILEOCOLECTOMY,14
INSULIN-REQUIRING TYPE 2 DIABETES MELLITUS,14
PNEUMOBILIA,14
MULTIPLE SYSTEM ATROPHY,14
PERIPORTAL OEDEMA,14
HUMAN T-CELL LYMPHOTROPIC VIRUS TYPE I INFECTION,14
OSTEORRHAGIA,14
JUGULAR VEIN OCCLUSION,14
INJECTION SITE ECZEMA,14
NON-PITTING OEDEMA,14
OCULAR DEMODICOSIS,14
ORTHOSIS USER,14
PERIPHERAL NERVE OPERATION,14
OSTEOMYELITIS BACTERIAL,14
INAPPROPRIATE SINUS TACHYCARDIA,14
MENINGOMYELOCELE,14
KIDNEY MALFORMATION,14
NORMAL TENSION GLAUCOMA,14
OSMOLAR GAP INCREASED,14
INAPPROPRIATE RELEASE OF PRODUCT FOR DISTRIBUTION,14
MEDIASTINUM NEOPLASM,14
MEDULLOBLASTOMA,14
LABELLED DRUG-DISEASE INTERACTION ISSUE,14
NON-HIGH-DENSITY LIPOPROTEIN CHOLESTEROL DECREASED,14
PENILE DISCOMFORT,14
METASTASES TO THORAX,14
OVARIAN HAEMORRHAGE,14
OESTRADIOL DECREASED,14
PARIETAL LOBE STROKE,14
NEUROGLYCOPENIA,14
NEUROMUSCULAR BLOCK PROLONGED,14
NEUROMUSCULAR BLOCKADE,14
POSTICTAL PSYCHOSIS,14
POVERTY OF SPEECH,14
OESOPHAGEAL POLYP,14
PROCTOCOLECTOMY,14
PENILE CONTUSION,14
MEDICAL DEVICE SITE JOINT INFECTION,14
MONOCLONAL B-CELL LYMPHOCYTOSIS,14
MODIFIED RADICAL MASTECTOMY,14
PROSTATIC HAEMORRHAGE,14
MALIGNANT MELANOMA STAGE I,14
MISLEADING LABORATORY TEST RESULT,14
HUMAN ANTICHIMERIC ANTIBODY POSITIVE,14
NO DEVICE MALFUNCTION,14
KERATITIS BACTERIAL,14
RIGHT ATRIAL ENLARGEMENT,14
ACQUIRED APPARENT MINERALOCORTICOID EXCESS,14
ALOPECIA TOTALIS,14
DIABETIC GASTROPARESIS,14
BLOOD MERCURY ABNORMAL,14
HEPATITIS B SURFACE ANTIGEN POSITIVE,14
HAEMOPHILIA,14
BLOOD PRODUCT TRANSFUSION DEPENDENT,14
SICKLE CELL ANAEMIA,14
CATHETER SITE DISCOLOURATION,14
DIABETIC GANGRENE,14
HEPATITIS ALCOHOLIC,14
ACUTE OESOPHAGEAL MUCOSAL LESION,14
BONE FORMATION DECREASED,14
BONE GIANT CELL TUMOUR BENIGN,14
BONE GIANT CELL TUMOUR MALIGNANT,14
ADAMTS13 ACTIVITY ABNORMAL,14
ABDOMINAL WALL WOUND,14
PUNCTURE SITE INFLAMMATION,14
HAEMOSTASIS,14
VARICOPHLEBITIS,14
SUSAC^S SYNDROME,14
RENAL ARTERY OCCLUSION,14
CERVIX INFLAMMATION,14
SKULL FRACTURED BASE,14
BLOOD IMMUNOGLOBULIN E ABNORMAL,14
CEREBROSPINAL FLUID RETENTION,14
RENAL CANCER STAGE IV,14
FOREIGN BODY IN RESPIRATORY TRACT,14
ARTERIAL SPASM,14
ANTICOAGULATION DRUG LEVEL BELOW THERAPEUTIC,14
BLOOD INSULIN DECREASED,14
SKIN GRAFT REJECTION,14
T-CELL PROLYMPHOCYTIC LEUKAEMIA,14
RIGHT ATRIAL DILATATION,14
PULMONARY ARTERY OCCLUSION,14
DUODENAL OBSTRUCTION,14
PURGING,14
SAPHO SYNDROME,14
VOCAL CORD PARESIS,14
THYROID ATROPHY,14
BASOSQUAMOUS CARCINOMA,14
C-TELOPEPTIDE INCREASED,14
BED BUG INFESTATION,14
EYELID BLEEDING,14
EPSTEIN-BARR VIRUS POSITIVE MUCOCUTANEOUS ULCER,14
BRAIN COMPRESSION,14
ADMINISTRATION SITE DISCOMFORT,14
EYE DEGENERATIVE DISORDER,14
EUSTACHIAN TUBE OBSTRUCTION,14
UVULITIS,14
RHEUMATOID VASCULITIS,14
EXPOSURE VIA INHALATION,14
SCHIZOAFFECTIVE DISORDER BIPOLAR TYPE,14
THROMBOSIS WITH THROMBOCYTOPENIA SYNDROME,14
SEPARATION ANXIETY DISORDER,14
CARDIAC THERAPEUTIC PROCEDURE,14
TOOTH DEPOSIT,14
ADENOIDAL HYPERTROPHY,14
THERAPEUTIC NERVE ABLATION,14
ACCELERATED HYPERTENSION,14
CARDIAC VALVE ABSCESS,14
PULMONARY BULLA,14
SELF-INDUCED VOMITING,14
PULMONARY CONTUSION,14
ECTROPION,14
ALCOHOLIC KETOACIDOSIS,14
FAT EMBOLISM,14
ELECTROCARDIOGRAM Q WAVE ABNORMAL,14
THORACIC RADICULOPATHY,14
UMBILICAL CORD ABNORMALITY,14
CHLOROPSIA,14
RENAL EMBOLISM,14
ANTI-GLOMERULAR BASEMENT MEMBRANE DISEASE,14
AUTOIMMUNE VASCULITIS,14
AUTOIMMUNE ARTHRITIS,14
CHRONIC LYMPHOCYTIC LEUKAEMIA TRANSFORMATION,14
ACQUIRED OESOPHAGEAL WEB,14
PSEUDOCYST,14
GASTROINTESTINAL ISCHAEMIA,14
SPUTUM CULTURE POSITIVE,14
SPINAL CORD HERNIATION,14
ANGIOGRAM,14
SUBMANDIBULAR ABSCESS,14
CORYNEBACTERIUM SEPSIS,14
GASTROINTESTINAL MUCOSAL EXFOLIATION,14
ACINETOBACTER SEPSIS,14
ASTROCYTOMA,14
BINOCULAR EYE MOVEMENT DISORDER,14
TRANSPLANTATION ASSOCIATED FOOD ALLERGY,14
VERTEBROBASILAR STROKE,14
CORONARY ARTERY EMBOLISM,14
CORONARY ARTERY ANEURYSM,14
CIRCUMCISION,14
RAPID EYE MOVEMENTS SLEEP ABNORMAL,14
STREPTOCOCCAL ENDOCARDITIS,14
SPLENIC EMBOLISM,14
TUMOUR INFLAMMATION,14
SPLEEN ISCHAEMIA,14
RASH SCARLATINIFORM,14
BLOOD ALDOSTERONE INCREASED,14
CHRONIC DISEASE DECOMPENSATION,14
ACQUIRED ATTR AMYLOIDOSIS,14
ANTI FACTOR V ANTIBODY,14
GASTROINTESTINAL CANCER METASTATIC,14
CONGENITAL CYTOMEGALOVIRUS INFECTION,14
TRANCE,14
REFUSAL OF TREATMENT BY RELATIVE,14
GUT FERMENTATION SYNDROME,14
PSEUDOHYPONATRAEMIA,14
GAS POISONING,14
CHORIOMENINGITIS LYMPHOCYTIC,14
GLYCOGEN STORAGE DISEASE TYPE II,14
BLOOD FOLATE INCREASED,14
GASTRIC STENOSIS,14
GASTROENTERITIS CRYPTOSPORIDIAL,14
URINARY STRAINING,14
COAGULATION FACTOR V LEVEL ABNORMAL,14
TUMOUR ULCERATION,14
STIFF TONGUE,14
CONCOMITANT DRUG EFFECT DECREASED,14
CRYPTITIS,14
OLIGOARTHRITIS,13
RETINAL DYSTROPHY,13
INFECTIVE EXACERBATION OF ASTHMA,13
INFECTIOUS THYROIDITIS,13
PEAK EXPIRATORY FLOW RATE DECREASED,13
APPLICATION SITE MASS,13
GENITOURINARY SYMPTOM,13
FAILED INDUCTION OF LABOUR,13
FAMILIAL MEDITERRANEAN FEVER,13
OROPHARYNGEAL OEDEMA,13
ADMINISTRATION SITE INFLAMMATION,13
EYE PARAESTHESIA,13
MIXED DEAFNESS,13
MOLE EXCISION,13
TRICUSPID VALVE THICKENING,13
FAECAL CALPROTECTIN DECREASED,13
TONGUE ROUGH,13
APPLICATION SITE INFECTION,13
FACTOR V INHIBITION,13
REYNOLD^S SYNDROME,13
TRI-IODOTHYRONINE FREE INCREASED,13
INFERIOR VENA CAVA STENOSIS,13
VOCAL CORD INFLAMMATION,13
ADMINISTRATION SITE HAEMORRHAGE,13
TONGUE EXFOLIATION,13
ACQUIRED LEFT VENTRICLE OUTFLOW TRACT OBSTRUCTION,13
UROGENITAL DISORDER,13
PENILE BURNING SENSATION,13
IMPLANT SITE HAEMORRHAGE,13
TRACHEAL FISTULA,13
BLOOD COPPER INCREASED,13
RENAL PAPILLARY NECROSIS,13
FORCED EXPIRATORY VOLUME INCREASED,13
FOREIGN BODY IN SKIN OR SUBCUTANEOUS TISSUE,13
PENILE CURVATURE,13
BLOOD LACTIC ACID,13
FOETAL MALPOSITION,13
BLOOD KETONE BODY,13
ARTERIOVENOUS FISTULA SITE HAEMORRHAGE,13
FUNGAL DISEASE CARRIER,13
MICROCYTOSIS,13
BLOOD IMMUNOGLOBULIN M ABNORMAL,13
RENAL CANCER RECURRENT,13
METATARSALGIA,13
OESOPHAGEAL INTRAMURAL HAEMATOMA,13
RENAL VASCULAR THROMBOSIS,13
GENITAL TRACT INFLAMMATION,13
TRANSPOSITION OF THE GREAT VESSELS,13
MITOCHONDRIAL CYTOPATHY,13
ARTICULAR CALCIFICATION,13
IDIOPATHIC PANCREATITIS,13
PELVIC BONE INJURY,13
ARTHROPOD INFESTATION,13
PERFORMANCE ENHANCING PRODUCT USE,13
RETICULOCYTOSIS,13
INCISION SITE HAEMATOMA,13
PENILE OEDEMA,13
PENIS INJURY,13
NASAL VESTIBULITIS,13
METAMYELOCYTE COUNT INCREASED,13
OROPHARYNGEAL CANCER,13
BLOOD CHLORIDE ABNORMAL,13
METASTASES TO ABDOMINAL WALL,13
IMPLANTABLE CARDIAC MONITOR INSERTION,13
EXPOSURE VIA INGESTION,13
ERYTHEMA INFECTIOSUM,13
EXERTIONAL RHABDOMYOLYSIS,13
VITREOUS HAZE,13
CHRONIC CORONARY SYNDROME,13
ANAL BLISTER,13
SUDDEN VISUAL LOSS,13
PIGMENTATION LIP,13
SOMNOLENCE NEONATAL,13
CSF OLIGOCLONAL BAND PRESENT,13
VASCULAR FRAGILITY,13
OXYGEN SATURATION IMMEASURABLE,13
ANAEMIA OF MALIGNANT DISEASE,13
CULTURE POSITIVE,13
CHOLINERGIC REBOUND SYNDROME,13
SOCIAL FEAR,13
CHOLELITHOTOMY,13
CHEST WALL TUMOUR,13
LYMPHATIC SYSTEM NEOPLASM,13
CERVICAL INCOMPETENCE,13
PHARYNGO-OESOPHAGEAL DIVERTICULUM,13
DELUSION OF REPLACEMENT,13
JOINT ANKYLOSIS,13
POOR DENTAL CONDITION,13
JEJUNOSTOMY,13
MACULAR DETACHMENT,13
DENTAL PROSTHESIS PLACEMENT,13
ANTIDEPRESSANT DRUG LEVEL ABOVE THERAPEUTIC,13
DEVELOPMENTAL COORDINATION DISORDER,13
DEVICE COMPUTER ISSUE,13
NODULAR RASH,13
LUMBOSACRAL RADICULOPATHY,13
ANAL CYST,13
ANTERIOR SPINAL ARTERY SYNDROME,13
COOMBS NEGATIVE HAEMOLYTIC ANAEMIA,13
ANGIOMYOLIPOMA,13
VEIN DISCOLOURATION,13
PLATELET DYSFUNCTION,13
OVERGROWTH FUNGAL,13
COMPLICATION OF DELIVERY,13
LIP SQUAMOUS CELL CARCINOMA,13
STOMA SITE INDURATION,13
COMPLEMENT FACTOR ABNORMAL,13
NEUROPSYCHIATRIC LUPUS,13
COLITIS EROSIVE,13
SPLENIC HAEMATOMA,13
COAGULATION FACTOR DECREASED,13
SUBACUTE COMBINED CORD DEGENERATION,13
COUGH VARIANT ASTHMA,13
COPPER DEFICIENCY,13
PNEUMOCYSTIS TEST POSITIVE,13
LARYNX IRRITATION,13
SPINAL SYNOVIAL CYST,13
LARYNGOMALACIA,13
PNEUMONIA ACINETOBACTER,13
SUBCAPSULAR HEPATIC HAEMATOMA,13
SUBCHORIONIC HAEMORRHAGE,13
PNEUMONIA LIPOID,13
CORPORA CAVERNOSA SURGERY,13
NEUTROPHIL TOXIC GRANULATION PRESENT,13
LOW SET EARS,13
ISCHAEMIC NEPHROPATHY,13
DEVICE INAPPROPRIATE SHOCK DELIVERY,13
TANGENTIALITY,13
SARS-COV-2 ANTIBODY TEST POSITIVE,13
THORACIC HAEMORRHAGE,13
VISUAL BRIGHTNESS,13
AIRWAY PEAK PRESSURE INCREASED,13
RABBIT SYNDROME,13
ENCHONDROMATOSIS,13
AGEP-DRESS OVERLAP,13
CALCIUM IONISED INCREASED,13
ENDOCRINE TOXICITY,13
PERIPARTUM CARDIOMYOPATHY,13
MEDICAL DEVICE ENTRAPMENT,13
MEDICAL DEVICE SITE DISCOMFORT,13
OBSTRUCTIVE SHOCK,13
MEDICAL DEVICE SITE IRRITATION,13
SELECTIVE IGA IMMUNODEFICIENCY,13
VITREORETINAL TRACTION SYNDROME,13
EPIPHYSIOLYSIS,13
PERINEAL SWELLING,13
SACCADIC EYE MOVEMENT DISORDER,13
ERYTHEMA INDURATUM,13
MEDICAL DIET,13
OVARIAN VEIN THROMBOSIS,13
MEDICATION ERROR IN TRANSFER OF CARE,13
PERINEAL DISORDER,13
NECROTIC LYMPHADENOPATHY,13
EXCESSIVE SEXUAL FANTASIES,13
TOBACCO ABUSE,13
ELBOW DEFORMITY,13
SEMEN ANALYSIS ABNORMAL,13
DEVICE USER INTERFACE ISSUE,13
TENOTOMY,13
TANNING,13
MALARIA,13
IRIS NEOVASCULARISATION,13
PORTAL VENOUS GAS,13
PHARYNGEAL CANCER,13
PORTO-SINUSOIDAL VASCULAR DISORDER,13
PHANTOM LIMB SYNDROME,13
SINGLE COMPONENT OF A TWO-COMPONENT PRODUCT ADMINISTERED,13
SIDEROBLASTIC ANAEMIA,13
CATHETERISATION CARDIAC ABNORMAL,13
DISSEMINATED PARACOCCIDIOIDOMYCOSIS,13
MALIGNANT NEOPLASM OF SPINAL CORD,13
CATECHOLAMINE CRISIS,13
PERITONEAL ABSCESS,13
DRUG DELIVERY SYSTEM REMOVAL,13
DRUG LEVEL CHANGED,13
POST PROCEDURAL OEDEMA,13
NEONATAL HYPOTENSION,13
TESTICULAR HAEMORRHAGE,13
CAROTID ENDARTERECTOMY,13
TESTICULAR MASS,13
DUCHENNE MUSCULAR DYSTROPHY,13
TESTICULAR OEDEMA,13
SENSORY PROCESSING SENSITIVITY,13
SENSORY LEVEL ABNORMAL,13
INTESTINAL ADENOCARCINOMA,13
INSTILLATION SITE ERYTHEMA,13
CONGENITAL EYE DISORDER,13
MYOMECTOMY,13
ATRIAL PRESSURE INCREASED,13
HODGKIN^S DISEASE REFRACTORY,13
AUTOIMMUNE THYROID DISORDER,13
MUCOSAL IRRITATION,13
PARAGANGLION NEOPLASM,13
AUTOPHOBIA,13
NAIL AVULSION,13
MYOCARDIAC ABSCESS,13
OPTIC PERINEURITIS,13
MUSCLE ENZYME INCREASED,13
PARVOVIRUS B19 INFECTION REACTIVATION,13
AUTOIMMUNE RETINOPATHY,13
HYPERCAPNIC COMA,13
GRAFT INFECTION,13
ABSCESS BACTERIAL,13
HERBAL INTERACTION,13
HEPATITIS B VIRUS TEST POSITIVE,13
HEPATITIS C VIRUS TEST POSITIVE,13
B-LYMPHOCYTE COUNT INCREASED,13
HYPOGLOBULINAEMIA,13
TYMPANOSCLEROSIS,13
BENIGN LUNG NEOPLASM,13
URINARY CASTS,13
OPTIC NERVE CUPPING,13
OPTIC NERVE COMPRESSION,13
ATHEROEMBOLISM,13
HUMAN BITE,13
HEPATIC ISCHAEMIA,13
PARANEOPLASTIC DERMATOMYOSITIS,13
PULMONARY ARTERY ANEURYSM,13
XANTHELASMA,13
PROHORMONE BRAIN NATRIURETIC PEPTIDE INCREASED,13
ORAL BACTERIAL INFECTION,13
MUCOCUTANEOUS RASH,13
PROGRESSIVE SUPRANUCLEAR PALSY,13
HERPANGINA,13
INDOLENT SYSTEMIC MASTOCYTOSIS,12
BRAIN TUMOUR OPERATION,12
HARVEY-BRADSHAW INDEX INCREASED,12
HARVEY-BRADSHAW INDEX ABNORMAL,12
PAROXYSMAL SYMPATHETIC HYPERACTIVITY,12
CRANIAL NERVE PALSIES MULTIPLE,12
VESICOURETERIC REFLUX,12
CERVIX INJURY,12
FAILURE TO SUSPEND MEDICATION,12
CYTOMEGALOVIRUS DUODENITIS,12
ADENOVIRUS TEST POSITIVE,12
HYPERSENSITIVITY MYOCARDITIS,12
BREAST CANCER IN SITU,12
LACTOBACILLUS INFECTION,12
INDUCED LABOUR,12
RETINAL PIGMENT EPITHELIUM CHANGE,12
FOETAL ANTICONVULSANT SYNDROME,12
VESSEL PUNCTURE SITE HAEMATOMA,12
PHILADELPHIA CHROMOSOME NEGATIVE,12
MENINGITIS FUNGAL,12
HEPATITIS INFECTIOUS MONONUCLEOSIS,12
BREAST INJURY,12
ASYMPTOMATIC BACTERIURIA,12
ACANTHAMOEBA INFECTION,12
SYRINGOMYELIA,12
INFECTIVE EXACERBATION OF CHRONIC OBSTRUCTIVE AIRWAYS DISEASE,12
OESOPHAGEAL OEDEMA,12
BACILLARY ANGIOMATOSIS,12
ADMINISTRATION SITE DISCOLOURATION,12
HAEMOGLOBIN,12
MYCOBACTERIUM KANSASII INFECTION,12
INFECTIOUS CRYSTALLINE KERATOPATHY,12
HER2 NEGATIVE BREAST CANCER,12
RETROGNATHIA,12
PERICARDIAL CYST,12
CEREBROVASCULAR INSUFFICIENCY,12
AMYLASE DECREASED,12
ULTRASOUND SCAN ABNORMAL,12
LOWER RESPIRATORY TRACT INFLAMMATION,12
BONE FRAGMENTATION,12
LABELLED DRUG-DISEASE INTERACTION MEDICATION ERROR,12
PSEUDOHALLUCINATION,12
OVARIAN ABSCESS,12
FIBROCYSTIC BREAST DISEASE,12
UTERINE MALPOSITION,12
INADEQUATE ASEPTIC TECHNIQUE IN USE OF PRODUCT,12
PULMONARY VENOUS THROMBOSIS,12
BONE DEVELOPMENT ABNORMAL,12
TOOTH RESORPTION,12
FISTULA INFLAMMATION,12
TOOTH RESTORATION,12
CSF HIV ESCAPE SYNDROME,12
LABILE HYPERTENSION,12
LABORATORY TEST,12
OESOPHAGEAL HYPOMOTILITY,12
FLUOROSIS,12
IMPLANT SITE SWELLING,12
LUNG DIFFUSION TEST ABNORMAL,12
PENILE INFECTION,12
ACANTHOSIS NIGRICANS,12
VULVOVAGINITIS,12
LUMBAR HERNIA,12
FOETAL ARRHYTHMIA,12
SURGICAL PROCEDURE REPEATED,12
SUPRAVENTRICULAR TACHYARRHYTHMIA,12
APPLICATION SITE WOUND,12
ABDOMINAL WALL HAEMORRHAGE,12
CHRONIC LEUKAEMIA,12
HAIR INJURY,12
CUTANEOUS T-CELL LYMPHOMA STAGE I,12
FEBRILE INFECTION-RELATED EPILEPSY SYNDROME,12
ATHEROSCLEROTIC PLAQUE RUPTURE,12
SOFT TISSUE ATROPHY,12
ANTICOAGULATION DRUG LEVEL INCREASED,12
SOLAR DERMATITIS,12
REST REGIMEN,12
AVIAN INFLUENZA,12
OROPHARYNGEAL DISCOLOURATION,12
EYE INFECTION STAPHYLOCOCCAL,12
EXPOSURE TO CONTAMINATED DEVICE,12
APPLICATION SITE HYPOAESTHESIA,12
PHARYNGEAL INJURY,12
TERTIARY ADRENAL INSUFFICIENCY,12
PARADOXICAL SKIN REACTION,12
VIRAL SKIN INFECTION,12
ALLERGIC RESPIRATORY DISEASE,12
DRUG CLEARANCE INCREASED,12
HEPATIC ARTERY STENOSIS,12
ENDOCRINE PANCREATIC DISORDER,12
PERIVENTRICULAR LEUKOMALACIA,12
VAGINAL ABSCESS,12
MALIGNANT SPLENIC NEOPLASM,12
PERIPANCREATIC FLUID COLLECTION,12
WRONG DOSAGE FORMULATION,12
SCHISTOCYTOSIS,12
ENDOMETRIAL THINNING,12
ENDOSCOPIC RETROGRADE CHOLANGIOPANCREATOGRAPHY,12
ADRENERGIC SYNDROME,12
THYROID CALCIFICATION,12
CAUDAL REGRESSION SYNDROME,12
SARS-COV-2 TEST NEGATIVE,12
WOUND TREATMENT,12
SARS-COV-2 RNA INCREASED,12
SERRATIA SEPSIS,12
POST PROCEDURAL PULMONARY EMBOLISM,12
OSTEOARTHROPATHY,12
AORTIC VALVE DISEASE MIXED,12
VISCERAL PAIN,12
POST-DEPLETION B-CELL RECOVERY,12
VISCERAL VENOUS THROMBOSIS,12
HEPATIC FIBROSIS MARKER INCREASED,12
CARDIAC VALVE THICKENING,12
BASAL GANGLIA INFARCTION,12
SENSATION OF BLOOD FLOW,12
AORTIC SURGERY,12
BARTONELLOSIS,12
CARDIAC ASSISTANCE DEVICE USER,12
PARATHYROID GLAND ENLARGEMENT,12
NEONATAL DYSPNOEA,12
SEPSIS ASSOCIATED ACUTE KIDNEY INJURY,12
INTESTINAL FIBROSIS,12
PERITONEAL EFFLUENT ABNORMAL,12
NONINFECTIVE CHORIORETINITIS,12
PERITONEAL NEOPLASM,12
NONINFECTIOUS PERITONITIS,12
DRUG TITRATION,12
NEONATAL HYPOCALCAEMIA,12
PERIORBITAL HAEMORRHAGE,12
ENZYME LEVEL ABNORMAL,12
UPPER RESPIRATORY FUNGAL INFECTION,12
ANTINUCLEAR ANTIBODY,12
SINUS POLYP DEGENERATION,12
PORTOSPLENOMESENTERIC VENOUS THROMBOSIS,12
ABSCESS SOFT TISSUE,12
DIABETIC HYPERGLYCAEMIC COMA,12
HYPEROSMOLAR STATE,12
BENIGN ETHNIC NEUTROPENIA,12
PHARYNGEAL ENANTHEMA,12
BACTERIAL TEST,12
PARADOXICAL EMBOLISM,12
DEVICE FASTENER ISSUE,12
VITREOUS DEGENERATION,12
OROPHARYNGEAL SWELLING,12
HYDROSALPINX,12
MENINGEAL DISORDER,12
HEPATITIS D,12
HYPERPARATHYROIDISM TERTIARY,12
MACULAR THICKENING,12
BREAST ULCERATION,12
ADMINISTRATION SITE INFECTION,12
DERMATITIS HERPETIFORMIS,12
ANTITHROMBIN III DECREASED,12
THYROTOXIC PERIODIC PARALYSIS,12
INTRAPARTUM HAEMORRHAGE,12
DIEULAFOY^S VASCULAR MALFORMATION,12
EOSINOPHILIC CELLULITIS,12
POST PROCEDURAL BILE LEAK,12
THYROID PAIN,12
PERIORBITAL DISCOMFORT,12
POST INFECTION GLOMERULONEPHRITIS,12
SALPINGO-OOPHORECTOMY BILATERAL,12
SALPINGO-OOPHORECTOMY,12
INJECTED LIMB MOBILITY DECREASED,12
ADMINISTRATION SITE WARMTH,12
SALIVARY GLAND NEOPLASM,12
VACCINATION SITE OEDEMA,12
SALIVARY GLAND MASS,12
INVESTIGATION,12
DIET REFUSAL,12
DIASTOLIC HYPOTENSION,12
INVOLUNTARY MEDICAL TREATMENT,12
PERINEAL ULCERATION,12
DIASTOLIC HYPERTENSION,12
VIBRATORY SENSE INCREASED,12
UNWANTED PREGNANCY,12
METASTASES TO UTERUS,12
MUSCLE OEDEMA,12
NASAL NECROSIS,12
GASTROINTESTINAL VASCULAR MALFORMATION HAEMORRHAGIC,12
LOOP ELECTROSURGICAL EXCISION PROCEDURE,12
BILIRUBIN URINE PRESENT,12
ANOXIA,12
GASTROENTERITIS STAPHYLOCOCCAL,12
CLINOMANIA,12
GASTROENTEROPANCREATIC NEUROENDOCRINE TUMOUR DISEASE,12
MICROVILLOUS INCLUSION DISEASE,12
ILLOGICAL THINKING,12
HIGH DENSITY LIPOPROTEIN ABNORMAL,12
HIGH GRADE B-CELL LYMPHOMA BURKITT-LIKE LYMPHOMA RECURRENT,12
VENTRICULAR DYSKINESIA,12
AUTOIMMUNE ENTEROPATHY,12
RECTAL CANCER RECURRENT,12
GRANULOMATOUS PNEUMONITIS,12
CONVULSIVE THRESHOLD LOWERED,12
PSEUDARTHROSIS,12
BLOOD ELECTROLYTES INCREASED,12
CORNEAL EPITHELIOPATHY,12
GASTRIC CYST,12
IMMUNE-MEDIATED MYELITIS,12
WATER INTOXICATION,12
SPINAL INSTABILITY,12
GASTRIC ADENOMA,12
PSEUDOALDOSTERONISM,12
HERPES SIMPLEX VIRAEMIA,12
CORNEAL TOXICITY,12
ANTEMORTEM BLOOD DRUG LEVEL ABNORMAL,12
SUBCORNEAL PUSTULAR DERMATOSIS,12
IMMUNE-MEDIATED CYTOPENIA,12
PELVIC MISALIGNMENT,12
IMMUNE-MEDIATED CHOLESTASIS,12
UTERINE CERVICAL LACERATION,12
ANAL PROLAPSE,12
STRESSED EATING,12
LEFT VENTRICLE OUTFLOW TRACT OBSTRUCTION,12
IMMUNE-MEDIATED NEUROLOGICAL DISORDER,12
GAUCHER^S DISEASE,12
ORAL DISCHARGE,12
HYPOTENSIVE CRISIS,12
PLATELETCRIT DECREASED,12
ASPIRATION BONE MARROW,12
ASPIRATION JOINT,12
OLFACTORY GROOVE MENINGIOMA,12
ANKLE DEFORMITY,12
MYOCARDIAL RUPTURE,12
NEUROLOGICAL INFECTION,12
BLADDER CANCER STAGE IV,12
RADIATION INDUCED FATIGUE,12
PATERNAL EXPOSURE TIMING UNSPECIFIED,12
OVERFLOW DIARRHOEA,12
ANGIOLYMPHOID HYPERPLASIA WITH EOSINOPHILIA,12
URINE OUTPUT,12
LIPASE ABNORMAL,12
LEUKODERMA,12
BIOPSY SKIN ABNORMAL,12
SPLENIC MARGINAL ZONE LYMPHOMA,12
BLOOD CALCITONIN INCREASED,12
LIVER TENDERNESS,12
PELVIC FLOOR MUSCLE WEAKNESS,12
COINFECTION,12
AUTOIMMUNE DERMATITIS,12
GRAFT VERSUS HOST DISEASE ORAL,12
CONJUNCTIVAL DISORDER,12
COMBINED IMMUNODEFICIENCY,12
NEUROFIBROMATOSIS,12
NEUROPSYCHIATRIC SYNDROME,12
GENITAL ODOUR,12
COLON CANCER STAGE III,12
SPONDYLOLYSIS,12
STOMA SITE RASH,12
CORONARY ARTERY PERFORATION,12
OROPHARYNGEAL GONOCOCCAL INFECTION,12
TRACTIONAL RETINAL DETACHMENT,12
BLOOD KETONE BODY PRESENT,12
ANAL INJURY,12
ARTERIAL STENT INSERTION,12
PIRIFORMIS SYNDROME,12
LARGE INTESTINE EROSION,12
HAEMANGIOMA CONGENITAL,12
CORONARY OSTIAL STENOSIS,12
SPINAL FLATTENING,12
FUCHS^ SYNDROME,12
SUBDURAL HYGROMA,12
SPINAL CLAUDICATION,11
APOPTOTIC COLONOPATHY,11
INJECTION SITE DERMATITIS,11
LEUKAEMIA CUTIS,11
OROANTRAL FISTULA,11
TUMOUR EMBOLISM,11
ANTITHROMBIN III DEFICIENCY,11
THYROTOXIC CARDIOMYOPATHY,11
CELL-MEDIATED IMMUNE DEFICIENCY,11
HYSTEROTOMY,11
PENILE EROSION,11
PUBIC PAIN,11
MALIGNANT FIBROUS HISTIOCYTOMA,11
ALPHA TUMOUR NECROSIS FACTOR INCREASED,11
SALMONELLA SEPSIS,11
SALPINGO-OOPHORECTOMY UNILATERAL,11
CENTRAL NERVOUS SYSTEM NECROSIS,11
PROSTATIC MASS,11
EOSINOPHILIC GASTRITIS,11
ENTEROBACTER TEST POSITIVE,11
PULMONARY AMYLOIDOSIS,11
HAEMATOPOIETIC NEOPLASM,11
ADRENALECTOMY,11
BAND NEUTROPHIL COUNT DECREASED,11
CATHETER SITE SCAB,11
SPOROTRICHOSIS,11
BURSA DISORDER,11
URINE ALCOHOL TEST POSITIVE,11
CHRONIC RECURRENT MULTIFOCAL OSTEOMYELITIS,11
GONOCOCCAL INFECTION,11
APPARENT MINERALOCORTICOID EXCESS,11
ENTEROCOLITIS BACTERIAL,11
DISORDER OF ORBIT,11
FUNGAL ABSCESS CENTRAL NERVOUS SYSTEM,11
PH URINE INCREASED,11
ENTROPION,11
DISEASE ACTIVITY SCORE,11
ENZYME INHIBITION,11
ABNORMAL CORD INSERTION,11
GENITOURINARY TRACT NEOPLASM,11
STRANGULATED HERNIA,11
LISTERIA SEPSIS,11
VENOUS OXYGEN SATURATION DECREASED,11
BILIARY TRACT OPERATION,11
IRON BINDING CAPACITY TOTAL DECREASED,11
SPLENIC CYST,11
PERINEAL FISTULA,11
BRONCHIAL IRRITATION,11
OPHTHALMIC ARTERY OCCLUSION,11
NEUROENDOCRINE TUMOUR OF THE LUNG,11
BACTEROIDES BACTERAEMIA,11
ATYPICAL MYCOBACTERIAL LYMPHADENITIS,11
PUNCTURE SITE SWELLING,11
SPLENIC ARTERY ANEURYSM,11
INFUSION SITE DRYNESS,11
EXERTIONAL HEADACHE,11
BACTERIAL PROSTATITIS,11
IIIRD NERVE PARESIS,11
OROPHARYNGITIS FUNGAL,11
POROKERATOSIS,11
FUNGURIA,11
TYPE 3 DIABETES MELLITUS,11
OESOPHAGOBRONCHIAL FISTULA,11
GENERAL PHYSICAL CONDITION,11
TARDIVE AKATHISIA,11
ABDOMINAL WOUND DEHISCENCE,11
PELIOSIS HEPATIS,11
POST CHOLECYSTECTOMY SYNDROME,11
INJECTION SITE MOVEMENT IMPAIRMENT,11
UPPER MOTOR NEURONE LESION,11
TRACHEAL DEVIATION,11
IDIOPATHIC ANGIOEDEMA,11
MOROSE,11
SACROILIAC FUSION,11
INVOLUNTARY VOCALISATION,11
PARANASAL SINUS HAEMORRHAGE,11
ROSEOLOVIRUS TEST POSITIVE,11
CONJUNCTIVAL IRRITATION,11
LIVER ABLATION,11
NON-EPILEPTIC PAROXYSMAL EVENT,11
ABNORMAL CLOTTING FACTOR,11
CHRONIC MYOCARDITIS,11
INFUSION SITE PHLEBITIS,11
SINUS PERFORATION,11
IRIS CYST,11
RENAL CYST HAEMORRHAGE,11
THYROGLOBULIN INCREASED,11
CATHETER SITE GRANULOMA,11
GINGIVAL DISCOLOURATION,11
MUSCLE OPERATION,11
INTESTINAL ATONY,11
PERIPHERAL PARALYSIS,11
LIFE SUPPORT,11
AORTIC WALL HYPERTROPHY,11
ELECTROCARDIOGRAM T WAVE ALTERNANS,11
NEONATAL GASTROINTESTINAL DISORDER,11
GLOMERULONEPHRITIS CHRONIC,11
PSEUDOCHOLINESTERASE DEFICIENCY,11
PERITONEAL HAEMATOMA,11
CARCINOID CRISIS,11
ALANINE AMINOTRANSFERASE,11
INTESTINAL INTRAEPITHELIAL LYMPHOCYTES INCREASED,11
WOUND CLOSURE,11
MEAN CELL HAEMOGLOBIN CONCENTRATION ABNORMAL,11
AUTOIMMUNE ANAEMIA,11
ANISOMETROPIA,11
PERIPHERAL NERVE DECOMPRESSION,11
PALPABLE PURPURA,11
FORESKIN OEDEMA,11
MYELODYSPLASTIC SYNDROME TRANSFORMATION,11
ELECTROCARDIOGRAM QRS COMPLEX SHORTENED,11
BASE EXCESS DECREASED,11
PANCREAS TRANSPLANT REJECTION,11
HYPONATRAEMIC SYNDROME,11
NONINFECTIVE SIALOADENITIS,11
NEONATAL CHOLESTASIS,11
LIGHT CHAIN ANALYSIS ABNORMAL,11
PROLACTIN-PRODUCING PITUITARY TUMOUR,11
HEPATIC INFARCTION,11
BLOOD LACTIC ACID DECREASED,11
MASTICATORY PAIN,11
VENA CAVA EMBOLISM,11
LIMB HYPOPLASIA CONGENITAL,11
SUBMAXILLARY GLAND ENLARGEMENT,11
HYPERCREATINAEMIA,11
PERITONEAL ADHESIONS,11
THALAMIC STROKE,11
THERAPEUTIC RESPONSE PROLONGED,11
VASCULAR PROCEDURE COMPLICATION,11
DYSTONIC TREMOR,11
LICE INFESTATION,11
SCROTAL ERYTHEMA,11
HYPOPROTHROMBINAEMIA,11
GINGIVAL PRURITUS,11
DREAMY STATE,11
VIRAL PERICARDITIS,11
VAGINAL CANCER,11
CASTLEMAN^S DISEASE,11
BILIARY CYST,11
COMPLEMENT FACTOR DECREASED,11
ALLERGY TO SURGICAL SUTURES,11
PRODUCT MEASURED POTENCY ISSUE,11
PARASPINAL ABSCESS,11
TRICHOPHYTOSIS,11
CATHETER MANAGEMENT,11
ENDOMETRIAL CANCER STAGE IV,11
BLOOD LUTEINISING HORMONE INCREASED,11
THYMUS ENLARGEMENT,11
TRICHOMONIASIS,11
ANXIETY DISORDER DUE TO A GENERAL MEDICAL CONDITION,11
TRANSPLANT EVALUATION,11
SPOUSAL ABUSE,11
APLASIA CUTIS CONGENITA,11
THYMECTOMY,11
DRUG RECHALLENGE POSITIVE,11
CAPNOCYTOPHAGA INFECTION,11
DRUG METABOLITE LEVEL HIGH,11
GLAUCOMA SURGERY,11
GLAUCOMA DRAINAGE DEVICE PLACEMENT,11
RENAL NECROSIS,11
INSTILLATION SITE PRURITUS,11
AGNOSIA,11
POSTMORTEM BLOOD DRUG LEVEL INCREASED,11
ENCEPHALITIS BRAIN STEM,11
INSTILLATION SITE FOREIGN BODY SENSATION,11
CAMPYLOBACTER TEST POSITIVE,11
HEPATIC CANCER RECURRENT,11
CAPILLARY NAIL REFILL TEST ABNORMAL,11
SCROTAL CELLULITIS,11
OSTEITIS DEFORMANS,11
ANAL FISTULA INFECTION,11
HEPATIC VEIN OCCLUSION,11
URETHRAL DISCHARGE,11
HEPATIC ATROPHY,11
MOUTH CYST,11
VARICELLA MENINGITIS,11
URTICARIA CHOLINERGIC,11
CUTANEOUS NOCARDIOSIS,11
PROCEDURAL PNEUMOTHORAX,11
DEFICIENCY OF BILE SECRETION,11
RETINAL ARTERY EMBOLISM,11
PNEUMONECTOMY,11
ANTI-THYROID ANTIBODY POSITIVE,11
DEGENERATIVE AORTIC VALVE DISEASE,11
BREAST ATROPHY,11
RETINITIS VIRAL,11
HUMAN EHRLICHIOSIS,11
LASER SURGERY,11
ANTIACETYLCHOLINE RECEPTOR ANTIBODY POSITIVE,11
RETINOSCHISIS,11
OOPHORITIS,11
INFECTION MASKED,11
MYCOBACTERIUM TEST POSITIVE,11
DENGUE HAEMORRHAGIC FEVER,11
CUTANEOUS MALACOPLAKIA,11
JOINT INJECTION,11
BONE MARROW TRANSPLANT REJECTION,11
CSF CULTURE POSITIVE,11
COR PULMONALE CHRONIC,11
RETENTION CYST,11
GROSS MOTOR DELAY,11
BONE MARROW OEDEMA SYNDROME,11
FLUID REPLACEMENT,11
URINARY CYSTECTOMY,11
UMBILICAL HAEMORRHAGE,11
RETAINED PLACENTA OR MEMBRANES,11
HAEMORRHAGIC VASCULITIS,11
PNEUMOCONIOSIS,11
CERVIX DYSTOCIA,11
AMOEBIASIS,11
BLOOD ETHANOL INCREASED,11
LUNG ADENOCARCINOMA STAGE III,11
GASTRINOMA,11
FALLOPIAN TUBE CANCER,11
KAWASAKI^S DISEASE,11
CHEMICAL BURNS OF EYE,11
URINARY OCCULT BLOOD,11
MESENTERIC ARTERY STENOSIS,11
PAROPHTHALMIA,11
AUTONOMIC DYSREFLEXIA,11
PRODUCT CONTAMINATION CHEMICAL,11
VASCULAR ACCESS SITE DISCOMFORT,11
CHIMERISM,11
OEDEMA DUE TO CARDIAC DISEASE,11
INFANT SEDATION,11
BLOOD ZINC DECREASED,11
VASCULAR ACCESS SITE BRUISING,11
PULSE PRESSURE DECREASED,11
CRYSTAL ARTHROPATHY,11
INFANTILE DIARRHOEA,11
CYCLOTHYMIC DISORDER,11
DECEREBRATE POSTURE,11
GASTROENTERITIS LISTERIA,11
RECTAL POLYP,11
RHINOPLASTY,11
TONSILLITIS BACTERIAL,11
PANCREATIC FISTULA,11
GASTROENTERITIS SAPOVIRUS,11
ACUTE LYMPHOCYTIC LEUKAEMIA REFRACTORY,11
PHYLLODES TUMOUR,11
BORDETELLA INFECTION,11
BREAST HAEMORRHAGE,11
GASTROINTESTINAL ARTERIOVENOUS MALFORMATION,11
CYSTITIS KLEBSIELLA,11
CORONARY ARTERY DILATATION,11
METAPLASIA,11
HEREDITARY NON-POLYPOSIS COLORECTAL CANCER SYNDROME,11
BLOOD PRESSURE ORTHOSTATIC DECREASED,11
ANAEMIA OF PREGNANCY,11
PULMONARY MICROEMBOLI,11
INBORN ERROR OF LIPID METABOLISM,11
GASTRIC CANCER STAGE IV,11
EXPOSURE VIA PARTNER,11
NEURAL TUBE DEFECT,11
RENAL GRAFT INFECTION,11
COAGULATION FACTOR V LEVEL DECREASED,11
ORAL MUCOSAL ROUGHENING,11
PARVIMONAS MICRA INFECTION,11
TOTAL CHOLESTEROL/HDL RATIO DECREASED,11
RHEGMATOGENOUS RETINAL DETACHMENT,11
LUNG CARCINOMA CELL TYPE UNSPECIFIED STAGE III,11
RESPIRATORY PARALYSIS,11
URINE CALCIUM/CREATININE RATIO INCREASED,11
JAW CYST,11
NEUTROPENIA NEONATAL,11
MACULAR TELANGIECTASIA,11
RESPIRATORY PAPILLOMA,11
NASAL TURBINATE ABNORMALITY,11
TRANSITIONAL CELL CARCINOMA RECURRENT,11
PNEUMOTHORAX TRAUMATIC,11
UNEMPLOYMENT,11
EXPOSURE VIA BODY FLUID,11
DENTAL PLAQUE,11
OESOPHAGEAL WALL HYPERTROPHY,11
INFECTIVE GLOSSITIS,11
MENINGITIS NONINFECTIVE,11
CEREBROSPINAL FISTULA,11
DENTAL ATTRITION,11
DENTAL BONE GRAFT,11
ACUTE CUTANEOUS LUPUS ERYTHEMATOSUS,11
PROTHROMBIN LEVEL INCREASED,11
INFECTIVE SPONDYLITIS,11
MYOCARDITIS INFECTIOUS,11
PSYCHOGENIC LOSS OF APPETITE,11
SKIN SQUAMOUS CELL CARCINOMA METASTATIC,11
HAEMORRHAGE CORONARY ARTERY,11
ABDOMINAL CAVITY DRAINAGE,11
HERPES SIMPLEX COLITIS,11
ACINETOBACTER BACTERAEMIA,11
ARTERIAL THERAPEUTIC PROCEDURE,11
UTERINE CERVICAL PAIN,11
LIVER TRANSPLANT FAILURE,11
HEREDITARY ALPHA TRYPTASAEMIA,10
PHOSPHOLIPIDOSIS,10
LEWIS-SUMNER SYNDROME,10
STENOTROPHOMONAS TEST POSITIVE,10
CAST APPLICATION,10
INTERNAL HERNIA,10
CHEST TUBE INSERTION,10
PSEUDOMONAS AERUGINOSA MENINGITIS,10
VASCULAR ACCESS SITE INFECTION,10
LYMPH NODE CALCIFICATION,10
LOW DENSITY LIPOPROTEIN,10
LIGHT CHAIN ANALYSIS DECREASED,10
SWEAT GLAND INFECTION,10
CHEST WALL HAEMATOMA,10
URETHRAL CARUNCLE,10
HEPATIC IRON OVERLOAD,10
TESTICULAR ABSCESS,10
CONGENITAL MUSCULOSKELETAL DISORDER OF SKULL,10
LINEAGE SWITCH LEUKAEMIA,10
PICKWICKIAN SYNDROME,10
CHONDROMALACIA,10
ECTRODACTYLY,10
SPECIFIC GRAVITY URINE INCREASED,10
LARYNGEAL INFLAMMATION,10
SPINAL MENINGEAL CYST,10
CONFABULATION,10
AXONAL AND DEMYELINATING POLYNEUROPATHY,10
CUTIBACTERIUM ACNES INFECTION,10
CHORDAE TENDINAE RUPTURE,10
SUBCLAVIAN ARTERY OCCLUSION,10
CAROTID ARTERY STENT INSERTION,10
INTESTINAL MUCOSAL TEAR,10
B SYMPTOMS,10
STAPHYLOCOCCAL SCALDED SKIN SYNDROME,10
SPECIFIC GRAVITY URINE ABNORMAL,10
SOMATIC HALLUCINATION,10
INTESTINAL ATRESIA,10
SPINAL CORD INJURY THORACIC,10
NONINFECTIVE OOPHORITIS,10
B-CELL LYMPHOMA REFRACTORY,10
ANTERIOR CHAMBER FIBRIN,10
HMG COA REDUCTASE ANTIBODY TEST,10
AUTOIMMUNE LYMPHOPROLIFERATIVE SYNDROME,10
SMALL INTESTINAL ULCER HAEMORRHAGE,10
MUSCULOSKELETAL PROCEDURAL COMPLICATION,10
CEREBRAL MICROANGIOPATHY,10
CORYNEBACTERIUM BACTERAEMIA,10
PNEUMOCOCCAL BACTERAEMIA,10
NEUROSURGERY,10
VERNAL KERATOCONJUNCTIVITIS,10
LEIOMYOSARCOMA,10
PLEUROPERITONEAL COMMUNICATION,10
DENTURE WEARER,10
PLEUROPARENCHYMAL FIBROELASTOSIS,10
PROSOPAGNOSIA,10
CRUSH SYNDROME,10
PLEURISY BACTERIAL,10
POLYRADICULONEUROPATHY,10
LUNG ADENOCARCINOMA RECURRENT,10
SINUPLASTY,10
LEPTOSPIROSIS,10
SINOBRONCHITIS,10
HIPPOCAMPAL SCLEROSIS,10
PORTAL VEIN OCCLUSION,10
CONJOINED TWINS,10
ATYPICAL MYCOBACTERIAL LOWER RESPIRATORY TRACT INFECTION,10
POOR SCHOOL ATTENDANCE,10
T-LYMPHOCYTE COUNT INCREASED,10
PINGUECULA,10
PROPULSIVE GAIT,10
SKIN CANCER METASTATIC,10
PARANASAL SINUS MUCOSAL HYPERTROPHY,10
DIABETIC BLINDNESS,10
CENTRAL NERVOUS SYSTEM VIRAL INFECTION,10
ANAPLASTIC LARGE CELL LYMPHOMA T- AND NULL-CELL TYPES RECURRENT,10
VERTEBRAL ARTERY OCCLUSION,10
CONTRAST MEDIA DEPOSITION,10
HEPATITIS G,10
VESSEL PUNCTURE SITE PAIN,10
LABELLED DRUG-FOOD INTERACTION MEDICATION ERROR,10
PHARYNGEAL CYST,10
MACULAR PIGMENTARY CHANGES,10
SINUSITIS ASPERGILLUS,10
DELUSION OF REFERENCE,10
LYMPHORRHOEA,10
SUBRETINAL FIBROSIS,10
CATHETER SITE PAPULE,10
ORAL ADMINISTRATION COMPLICATION,10
PERSEVERATION,10
CYTOMEGALOVIRUS SYNDROME,10
LYMPHOCYTE COUNT,10
CYTOMEGALOVIRUS MUCOCUTANEOUS ULCER,10
CATHETER REMOVAL,10
LARGE INTESTINE BENIGN NEOPLASM,10
SUBRETINAL HAEMATOMA,10
DOPAMINE TRANSPORTER SCINTIGRAPHY ABNORMAL,10
K-RAS GENE MUTATION,10
INTRA-ABDOMINAL PRESSURE INCREASED,10
CHEMICAL BURN OF RESPIRATORY TRACT,10
AUTOIMMUNE NEUROPATHY,10
ANTI-MYELIN-ASSOCIATED GLYCOPROTEIN ASSOCIATED POLYNEUROPATHY,10
SMALL INTESTINAL ANASTOMOSIS,10
VENTRICULAR FLUTTER,10
MALPOSITIONED TEETH,10
PHLEBITIS SUPERFICIAL,10
PERSISTENT POSTURAL-PERCEPTUAL DIZZINESS,10
PLEURAL INFECTION,10
COMPLEMENT FACTOR C3 INCREASED,10
LOCALISED MELANOMA,10
HIV-ASSOCIATED NEUROCOGNITIVE DISORDER,10
LACK OF INFUSION SITE ROTATION,10
DELAYED HAEMOLYTIC TRANSFUSION REACTION,10
COLONY STIMULATING FACTOR THERAPY,10
CD8 LYMPHOCYTES DECREASED,10
DELAYED DELIVERY,10
ANOMALY OF EXTERNAL EAR CONGENITAL,10
NEUROPATHIC PRURITUS,10
MUSCULOSKELETAL INJURY,10
POLYNEUROPATHY CHRONIC,10
ALPHA HYDROXYBUTYRATE DEHYDROGENASE INCREASED,10
NEONATAL RESPIRATORY ARREST,10
CD4 LYMPHOCYTES ABNORMAL,10
MALIGNANT MELANOMA STAGE IV,10
NEONATAL PNEUMONIA,10
CATHETER SITE SCAR,10
SPINAL IMPLANTATION,10
ACINETOBACTER TEST POSITIVE,10
ALCOHOLIC SEIZURE,10
PANCREATITIS HAEMORRHAGIC,10
ENTEROCOLONIC FISTULA,10
BREAST INDURATION,10
RESIDUAL URINE VOLUME INCREASED,10
INFECTIVE MYOSITIS,10
SARCOMA METASTATIC,10
BURKITT^S LYMPHOMA STAGE IV,10
IMMATURE GRANULOCYTE PERCENTAGE INCREASED,10
BULLOUS KERATOPATHY,10
SALT CRAVING,10
RETINOPATHY PROLIFERATIVE,10
EPIDIDYMAL CYST,10
GASTROENTERITIS AEROMONAS,10
PERICARDITIS MALIGNANT,10
BRUCELLOSIS,10
METASTASES TO DIAPHRAGM,10
UTERINE ATONY,10
ADMINISTRATION SITE INDURATION,10
GASTRITIS FUNGAL,10
GASTROINTESTINAL DILATION PROCEDURE,10
MEDICAL DEVICE SITE ERYTHEMA,10
PANCREATOGENOUS DIABETES,10
FLOPPY EYELID SYNDROME,10
CALCIUM IONISED DECREASED,10
GENITAL DISCHARGE,10
GRAFT THROMBOSIS,10
ORCHIDECTOMY,10
SCHIZOPHRENIFORM DISORDER,10
REACTION TO SWEETENER,10
MUSCLE HYPOXIA,10
VITAMIN C DECREASED,10
CAFFEINE ALLERGY,10
MENINGORADICULITIS,10
FEV1/FVC RATIO ABNORMAL,10
FEVER NEONATAL,10
PULMONARY FISTULA,10
ULTRASOUND ABDOMEN ABNORMAL,10
ACUTE MYELOMONOCYTIC LEUKAEMIA,10
BINOCULAR VISUAL DYSFUNCTION,10
BREAST HYPERPLASIA,10
GASTRIC XANTHOMA,10
ACQUIRED PORPHYRIA,10
INFUSION SITE ULCER,10
IMPLANT SITE EXTRAVASATION,10
HABITUAL ABORTION,10
MEGAKARYOCYTES DECREASED,10
IMMUNE-MEDIATED PERICARDITIS,10
ACTINOMYCOTIC SEPSIS,10
TRACHEOSTOMY INFECTION,10
TISSUE RUPTURE,10
ACTIVITIES OF DAILY LIVING ASSESSMENT,10
HEART VALVE CALCIFICATION,10
PURE WHITE CELL APLASIA,10
PULMONARY IMAGING PROCEDURE ABNORMAL,10
HAEMANGIOMA OF SPLEEN,10
HAEMATOMA EVACUATION,10
INFUSION SITE COLDNESS,10
ORAL PAPILLOMA,10
ACTIVATED PI3 KINASE DELTA SYNDROME,10
PENILE DERMATITIS,10
BLOOD LUTEINISING HORMONE DECREASED,10
UTERINE CONTRACTIONS ABNORMAL,10
EUSTACHIAN TUBE PATULOUS,10
OCCUPATIONAL EXPOSURE TO DUST,10
ROMBERG TEST POSITIVE,10
NASAL CYST,10
VITREOUS ADHESIONS,10
MENINGITIS ESCHERICHIA,10
RETINAL DRUSEN,10
TYPICAL AURA WITHOUT HEADACHE,10
MENINGITIS ENTEROVIRAL,10
ROTATOR CUFF TEAR ARTHROPATHY,10
MEDICALLY INDUCED PRETERM BIRTH,10
N-TERMINAL PROHORMONE BRAIN NATRIURETIC PEPTIDE ABNORMAL,10
INFLAMMATORY MYOFIBROBLASTIC TUMOUR,10
PERINEAL NECROSIS,10
GASTRIC ISCHAEMIA,10
FOETAL MALNUTRITION,10
NECROTISING FASCIITIS STREPTOCOCCAL,10
UNWANTED AWARENESS DURING ANAESTHESIA,10
APPENDICITIS NONINFECTIVE,10
TRANSCRANIAL ELECTRICAL MOTOR EVOKED POTENTIAL MONITORING ABNORMAL,10
MENISCOPATHY,10
SCAR INFLAMMATION,10
ALBUMIN GLOBULIN RATIO INCREASED,10
INSULIN-LIKE GROWTH FACTOR ABNORMAL,10
OCULOMUCOCUTANEOUS SYNDROME,10
RETINAL ANEURYSM,10
UMBILICAL CORD SHORT,10
FAECALITH,10
FAECAL OCCULT BLOOD,10
ELECTROCARDIOGRAM ST-T CHANGE,10
TUBERCULOSIS OF GENITOURINARY SYSTEM,10
ELECTROCARDIOGRAM T WAVE AMPLITUDE DECREASED,10
WHITE BLOOD CELLS URINE ABNORMAL,10
RAOULTELLA ORNITHINOLYTICA INFECTION,10
SCLERAL HYPERAEMIA,10
OESTROGEN RECEPTOR ASSAY POSITIVE,10
HARLEQUIN SYNDROME,10
BORDERLINE GLAUCOMA,10
TONGUE THRUST,10
RETINAL PIGMENTATION,10
HYPOGONADISM MALE,10
OSTEOCHONDRODYSPLASIA,10
UROBILINOGEN URINE INCREASED,10
INTERCAPILLARY GLOMERULOSCLEROSIS,10
HAPTOGLOBIN ABNORMAL,10
HYPERGASTRINAEMIA,10
MESANGIOPROLIFERATIVE GLOMERULONEPHRITIS,10
RETINAL DEPOSITS,10
ALCOHOLIC PANCREATITIS,10
TRUNCUS ARTERIOSUS PERSISTENT,10
FALSE POSITIVE TUBERCULOSIS TEST,10
PERI-IMPLANTITIS,10
TONSILLAR NEOPLASM,10
ATRIOVENTRICULAR DISSOCIATION,10
GLUTAMATE DEHYDROGENASE INCREASED,10
ORAL TOXICITY,10
TUBERCULOMA,10
URINE OUTPUT FLUCTUATION,10
MERALGIA PARAESTHETICA,10
HANGNAIL,10
FALLOPIAN TUBE ADHESION,10
RADIATION OVERDOSE,10
CARDIAC NEOPLASM UNSPECIFIED,10
CARDIAC MONITORING,10
URINE OXALATE INCREASED,10
EMBRYONAL RHABDOMYOSARCOMA,10
RENAL PERIVASCULAR EPITHELIOID CELL TUMOUR,10
UVEAL MELANOMA,10
CARBOHYDRATE INTOLERANCE,10
ADJUSTED CALCIUM DECREASED,10
UROGENITAL HAEMORRHAGE,10
ULTRASOUND DOPPLER ABNORMAL,10
BRAIN NATRIURETIC PEPTIDE DECREASED,10
GENITAL NEOPLASM MALIGNANT FEMALE,10
NEGATIVE SYMPTOMS IN SCHIZOPHRENIA,10
RETAINED PRODUCTS OF CONCEPTION,10
BRAIN NATRIURETIC PEPTIDE ABNORMAL,10
VISUAL PROCESSING DISORDER,10
PECTUS EXCAVATUM,10
ENCEPHALOCELE,10
GENITAL INFECTION FEMALE,10
BRCA1 GENE MUTATION,10
SCLEROMALACIA,10
ENCAPSULATING PERITONEAL SCLEROSIS,10
GENITAL INJURY,10
SCLEREMA,10
OVARIAN CANCER STAGE III,9
FEMORAL NERVE INJURY,9
REPETITIVE STRAIN INJURY,9
HYPERTENSION NEONATAL,9
AMYOTROPHY,9
HEREDITARY OPTIC ATROPHY,9
VASCULAR NEOPLASM,9
MESENTERIC NEOPLASM,9
CHORIORETINAL SCAR,9
BILIARY ABSCESS,9
IMPLANT SITE ERYTHEMA,9
CHORDOMA,9
HAEMORRHAGIC PNEUMONIA,9
MUCOSAL PAIN,9
BRACHIAL PLEXOPATHY,9
BLOOD PRESSURE DIFFERENCE OF EXTREMITIES,9
RETINAL CYST,9
SOLAR URTICARIA,9
AUTOLOGOUS HAEMATOPOIETIC STEM CELL TRANSPLANT,9
ANTI A ANTIBODY POSITIVE,9
ADACTYLY,9
LACTOBACILLUS BACTERAEMIA,9
TRACHEAL INJURY,9
NASAL NEOPLASM,9
TOOTH HYPOPLASIA,9
OEDEMA BLISTER,9
FOETAL MONITORING ABNORMAL,9
TONSILLITIS STREPTOCOCCAL,9
ACUTE BIPHENOTYPIC LEUKAEMIA,9
METASTASES TO OESOPHAGUS,9
BILE ACIDS ABNORMAL,9
BODY HEIGHT ABNORMAL,9
CSF CELL COUNT INCREASED,9
VERTEBRAL WEDGING,9
HEREDITARY HAEMORRHAGIC TELANGIECTASIA,9
OVARIAN ADHESION,9
AQUAGENIC WRINKLING OF PALMS,9
ARRESTED LABOUR,9
LUPUS ENDOCARDITIS,9
ACUTE MOTOR AXONAL NEUROPATHY,9
POLYCYSTIC LIVER DISEASE,9
BLOOD STEM CELL HARVEST,9
BILE DUCT NECROSIS,9
CUTANEOUS TUBERCULOSIS,9
ARM AMPUTATION,9
BILIARY CATHETER INSERTION,9
BONE ATROPHY,9
SODIUM RETENTION,9
INCISION SITE PRURITUS,9
FIBRINOUS BRONCHITIS,9
SOCIAL (PRAGMATIC) COMMUNICATION DISORDER,9
HAEMORRHAGIC EROSIVE GASTRITIS,9
SOMATIC SYMPTOM DISORDER OF PREGNANCY,9
VASCULAR GRAFT COMPLICATION,9
IMPLANT SITE NECROSIS,9
CYANOPSIA,9
BONE MARROW LEUKAEMIC CELL INFILTRATION,9
RESIDUAL SYMPTOM,9
HERNIA HIATUS REPAIR,9
ULTRASOUND KIDNEY ABNORMAL,9
PIERCING ASSOCIATED COMPLICATION,9
CORNEAL IRRITATION,9
RENAL IMPAIRMENT NEONATAL,9
PLEURAL NEOPLASM,9
COLORECTAL CANCER STAGE IV,9
RASH FOLLICULAR,9
PLASMA CELLS DECREASED,9
STOMATITIS NECROTISING,9
MITRAL VALVE SCLEROSIS,9
TULARAEMIA,9
COLON CANCER STAGE II,9
CONGENITAL VESICOURETERIC REFLUX,9
VASCULAR WALL HYPERTROPHY,9
NAIL PIGMENTATION,9
HYSTEROSCOPY,9
VASCULAR STENT INSERTION,9
NEUROTROPHIC KERATOPATHY,9
"BLOOD 1,25-DIHYDROXYCHOLECALCIFEROL DECREASED",9
MITRAL VALVE ATRESIA,9
COLLAGENOUS GASTRITIS,9
MORVAN SYNDROME,9
ORBITAL SWELLING,9
OVARIAN EPITHELIAL CANCER RECURRENT,9
IDIOPATHIC INFLAMMATORY MYOPATHY,9
GENITAL DRYNESS,9
LEMIERRE SYNDROME,9
HISTAMINE ABNORMAL,9
GRANDIOSITY,9
PLEURAL CALCIFICATION,9
HYPOHAEMOGLOBINAEMIA,9
HYPOTONIC-HYPORESPONSIVE EPISODE,9
RADIOISOTOPE UPTAKE INCREASED,9
BIPHASIC MESOTHELIOMA,9
CONGENITAL FOOT MALFORMATION,9
ASSISTED SUICIDE,9
LIGAMENTUM FLAVUM HYPERTROPHY,9
PROSTHETIC CARDIAC VALVE THROMBOSIS,9
ACOUSTIC STIMULATION TESTS ABNORMAL,9
TRIPLOPIA,9
GLOSSOPTOSIS,9
CONGENITAL HYPOPLASIA OF DEPRESSOR ANGULARIS ORIS MUSCLE,9
MYOCARDIAL NECROSIS,9
ORBITAL APEX SYNDROME,9
MONONUCLEOSIS SYNDROME,9
VASOMOTOR RHINITIS,9
STOMA SITE DISCOMFORT,9
Q FEVER,9
CONGENITAL MUSCULOSKELETAL DISORDER OF SPINE,9
AUTOIMMUNE BLISTERING DISEASE,9
PLATELET AGGREGATION ABNORMAL,9
OLFACTORY DYSFUNCTION,9
LIP SCAB,9
MYOCARDIAL CALCIFICATION,9
URINE SODIUM INCREASED,9
ORBITAL INFECTION,9
PELVIC CONGESTION,9
COGAN^S SYNDROME,9
ACTIVATED PARTIAL THROMBOPLASTIN TIME ABNORMAL,9
GASTRIC CANCER RECURRENT,9
CORNEAL CYST,9
CORNEAL ENDOTHELIITIS,9
NEUTROPHIL COUNT NORMAL,9
GASTRIC VOLVULUS,9
MICROGNATHIA,9
OVARIAN CYSTECTOMY,9
LARYNGEAL MASS,9
GASTRIC MUCOSAL HYPERTROPHY,9
LOSS OF DREAMING,9
CITRATE TOXICITY,9
ABDOMINAL HERNIA REPAIR,9
NASAL FLARING,9
BIOPSY BREAST,9
BLOOD GLUCOSE,9
ARTERIOVENOUS FISTULA OPERATION,9
H3N2 INFLUENZA,9
CORONARY REVASCULARISATION,9
NASAL MUCOSAL DISCOLOURATION,9
NEUROCRYPTOCOCCOSIS,9
PUNCTURE SITE REACTION,9
HAEMATOTYMPANUM,9
FRACTURE DISPLACEMENT,9
SUBPERIOSTEAL ABSCESS,9
AURAL POLYP,9
LARYNGECTOMY,9
OXIDATIVE STRESS,9
LARYNGITIS VIRAL,9
ARTERITIS INFECTIVE,9
TRANSURETHRAL BLADDER RESECTION,9
HIPPOCAMPAL ATROPHY,9
GASTROINTESTINAL WALL THINNING,9
RECTAL ATRESIA,9
PNEUMATURIA,9
URTICARIA PRESSURE,9
COAGULATION FACTOR VIII LEVEL DECREASED,9
BLOOD CATECHOLAMINES INCREASED,9
GRANULOCYTOSIS,9
GASTROINTESTINAL MALFORMATION,9
HYPOCOMPLEMENTAEMIA,9
ILIAC ARTERY OCCLUSION,9
URTICARIA THERMAL,9
BLOOD COPPER DECREASED,9
BING-NEEL SYNDROME,9
ACQUIRED PHIMOSIS,9
NEUROENDOCRINE CARCINOMA OF PROSTATE,9
RECTAL LESION,9
GASTROINTESTINAL ADENOCARCINOMA,9
HIGH DENSITY LIPOPROTEIN,9
AUTOIMMUNE EYE DISORDER,9
ANOVULATORY CYCLE,9
AUTOIMMUNE HEPARIN-INDUCED THROMBOCYTOPENIA,9
KERATORHEXIS,9
LYMPHANGIECTASIA INTESTINAL,9
THYROTOXIC MYOPATHY,9
MEDICAL DEVICE SITE INFLAMMATION,9
CELLULITIS PHARYNGEAL,9
POTTER^S SYNDROME,9
SALMONELLA TEST POSITIVE,9
BULBOSPINAL MUSCULAR ATROPHY CONGENITAL,9
DIHYDROPYRIMIDINE DEHYDROGENASE DEFICIENCY,9
SIGNET-RING CELL CARCINOMA,9
EPENDYMOMA,9
OSTEOSARCOMA RECURRENT,9
INTRAPULMONARY LYMPHADENOPATHY,9
MALIGNANT GLIOMA,9
BURN INFECTION,9
VIITH NERVE INJURY,9
VITAMIN K DECREASED,9
BURNS FIRST DEGREE,9
PROGRESSIVE BULBAR PALSY,9
MALIGNANT MELANOMA STAGE III,9
VITAMIN E DECREASED,9
ENDOVENOUS ABLATION,9
INTRAMEDULLARY ROD INSERTION,9
PULMONARY AIR LEAKAGE,9
THYROID DERMATOPATHY,9
ATRIAL SEPTAL DEFECT REPAIR,9
DIFFUSE CUTANEOUS MASTOCYTOSIS,9
INGUINAL HERNIA REPAIR,9
SHRINKING LUNG SYNDROME,9
TINEA CAPITIS,9
EXPLODING HEAD SYNDROME,9
EXPIRATORY RESERVE VOLUME DECREASED,9
AMINOACIDURIA,9
PALATAL ULCER,9
MALABSORPTION FROM INJECTION SITE,9
RIGHT ATRIAL PRESSURE INCREASED,9
RIGHT VENTRICLE OUTFLOW TRACT OBSTRUCTION,9
ADMINISTRATION SITE NODULE,9
MALE GENITAL ATROPHY,9
IRON BINDING CAPACITY TOTAL INCREASED,9
ADMINISTRATION SITE OEDEMA,9
PAIN ASSESSMENT,9
VACCINATION SITE INFLAMMATION,9
PREALBUMIN INCREASED,9
ERYTHROPOIESIS ABNORMAL,9
IRIS DISORDER,9
DIAGNOSTIC PROCEDURE,9
BRONCHOMALACIA,9
NON-COMPACTION CARDIOMYOPATHY,9
PULMONARY HILUM MASS,9
BENIGN BONE NEOPLASM,9
SALIVARY DUCT OBSTRUCTION,9
HYPERINTENSITY IN BRAIN DEEP NUCLEI,9
NEONATAL LUPUS ERYTHEMATOSUS,9
URETHRITIS NONINFECTIVE,9
EAR CANAL ERYTHEMA,9
VAGINAL MUCOSAL BLISTERING,9
SCROTAL ULCER,9
INTESTINAL HAEMATOMA,9
NONINFECTIVE CONJUNCTIVITIS,9
RABIES,9
DYSMETROPSIA,9
CARCINOMA IN SITU,9
HYPERCHROMIC ANAEMIA,9
ELECTROCARDIOGRAM QT SHORTENED,9
URINARY TRACT TOXICITY,9
EAR INFECTION STAPHYLOCOCCAL,9
HYPERGLYCAEMIC CRISIS,9
PERIPHERAL SPONDYLOARTHRITIS,9
VAGINAL LESION,9
THERAPEUTIC DRUG MONITORING ANALYSIS NOT PERFORMED,9
VIRAL UVEITIS,9
ELECTIVE SURGERY,9
CARDIAC VALVE RUPTURE,9
NORMAL LABOUR,9
VIRILISM,9
HEPATIC HYDROTHORAX,9
OSTEOMA,9
BARTHOLIN^S ABSCESS,9
DRUG SPECIFIC ANTIBODY ABSENT,9
DISSOCIATIVE AMNESIA,9
INTESTINE TRANSPLANT REJECTION,9
POST PROCEDURAL DRAINAGE,9
OSSEOUS CRYPTOCOCCOSIS,9
POSTPARTUM DISORDER,9
INTRACARDIAC PRESSURE INCREASED,9
MEDICAL AID IN DYING,9
CATASTROPHIC REACTION,9
MALIGNANT URINARY TRACT NEOPLASM,9
DOPAMINE SUPERSENSITIVITY PSYCHOSIS,9
APOCRINE BREAST CARCINOMA,9
SCLERAL DISORDER,9
DRAIN REMOVAL,9
CARBOHYDRATE ANTIGEN 27.29 INCREASED,9
ENDARTERECTOMY,9
HYPERBILIRUBINAEMIA NEONATAL,9
CANCER SCREENING ABNORMAL,9
VITAMIN B1 INCREASED,9
URETERAL NEOPLASM,9
NONINFECTIOUS MYELITIS,9
CAPILLARY PERMEABILITY INCREASED,9
ENAMEL ANOMALY,9
CAPUT SUCCEDANEUM,9
MEAN PLATELET VOLUME ABNORMAL,9
PORIOMANIA,9
COUGH DECREASED,9
MENINGITIS HERPES,9
BRAIN STEM GLIOMA,9
JANUS KINASE 2 MUTATION,9
DETOXIFICATION,9
HYPERPLASIA ADRENAL,9
DESQUAMATIVE INFLAMMATORY VAGINITIS,9
MENINGOCELE,9
SKIN HYPERPLASIA,9
ANTIDEPRESSANT DRUG LEVEL INCREASED,9
BRAF GENE MUTATION,9
RHEUMATOID MENINGITIS,9
INFLAMMATORY PSEUDOTUMOUR,9
RETINAL PERIVASCULAR SHEATHING,9
ADJACENT SEGMENT DEGENERATION,9
INFLAMMATORY MARKER DECREASED,9
MACROCEPHALY,9
RHABDOMYOSARCOMA,9
BRAF V600E MUTATION POSITIVE,9
ANTICONVULSANT DRUG LEVEL ABOVE THERAPEUTIC,9
RHABDOID TUMOUR,9
CEREBROSPINAL FLUID CIRCULATION DISORDER,9
POLYPOIDAL CHOROIDAL VASCULOPATHY,9
MULTIPLE EPIPHYSEAL DYSPLASIA,9
VOCAL CORD DYSFUNCTION,9
POLYMORPHIC LIGHT ERUPTION,9
EYE NAEVUS,9
AMPUTEE,9
CFTR GENE MUTATION,9
RETROPERITONEAL MASS,9
JOINT FLUID DRAINAGE,9
TONGUE EROSION,9
DENGUE VIRAEMIA,9
POLYNEUROPATHY IN MALIGNANT DISEASE,9
EYELID RETRACTION,9
ADMINISTRATION SITE IRRITATION,9
MENOPAUSAL DISORDER,9
MULTISYSTEM INFLAMMATORY SYNDROME IN ADULTS,9
UMBILICAL DISCHARGE,9
OTOLITHIASIS,9
INFECTION PROTOZOAL,9
SWEAT TEST ABNORMAL,9
JOINT LAXITY,9
INTERNAL INJURY,9
EXPOSURE TO CONTAMINATED AIR,9
UMBILICAL CORD VASCULAR DISORDER,9
ATYPICAL MYCOBACTERIUM TEST POSITIVE,9
UTERINE TACHYSYSTOLE,9
BREAST DISORDER FEMALE,9
INCREASED VENTRICULAR PRELOAD,9
AORTO-CARDIAC FISTULA,8
CERVIX SCARRING,8
NEUROFIBROMA,8
TONGUE FUNGAL INFECTION,8
NEPHROANGIOSCLEROSIS,8
COLORECTOSTOMY,8
MUCOSAL PROLAPSE SYNDROME,8
METABOLIC MYOPATHY,8
NEGATIVE CARDIAC INOTROPIC EFFECT,8
LYMPHOCYTIC HYPOPHYSITIS,8
ARTIFICIAL MENOPAUSE,8
CANDIDA ENDOPHTHALMITIS,8
MEAN CELL HAEMOGLOBIN,8
TRAUMATIC SHOCK,8
TRENCH FEVER,8
CARCINOGENICITY,8
PERITONEAL THICKENING,8
THROMBIN TIME PROLONGED,8
AXILLARY NERVE INJURY,8
CAPRIPOX VIRAL INFECTION,8
COLON GANGRENE,8
MYOFASCITIS,8
CHONDRITIS,8
TOOTH DISLOCATION,8
PAIN MANAGEMENT,8
PERINATAL STROKE,8
BLASTOCYSTIS INFECTION,8
PANCREATIC LEAK,8
STIFF LEG SYNDROME,8
MONOCYTE CHEMOTACTIC PROTEIN-1 INCREASED,8
TONIC POSTURING,8
CARDIAC PERFORATION,8
BLADDER CYST,8
PANCREAS TRANSPLANT,8
CARDIAC VALVE FIBROELASTOMA,8
LIMBAL SWELLING,8
MASTOIDECTOMY,8
LYMPHANGIOMA,8
MAXILLOFACIAL PAIN,8
TROPONIN DECREASED,8
STERILE PYURIA,8
CHEYNE-STOKES RESPIRATION,8
STENT-GRAFT ENDOLEAK,8
CARDIAC PSEUDOANEURYSM,8
TRYPTASE,8
MASTOID DISORDER,8
URINARY TRACT INFECTION VIRAL,8
AORTIC INTRAMURAL HAEMATOMA,8
LYMPHATIC MALFORMATION,8
CARDIOPLEGIA,8
AORTIC PSEUDOANEURYSM,8
PHYSICAL ABUSE,8
MIXED DEMENTIA,8
TETANUS,8
COMPLEMENT FACTOR C4 DECREASED,8
LIPASE DECREASED,8
SWOLLEN TEAR DUCT,8
PARANOID PERSONALITY DISORDER,8
ASOCIAL BEHAVIOUR,8
TETHERED CORD SYNDROME,8
BLADDER TRABECULATION,8
PERIPHERAL NERVE PALSY,8
BLADDER REPAIR,8
PERITONEAL CYST,8
NEONATAL ANURIA,8
PEPTOSTREPTOCOCCUS INFECTION,8
APPLICATION SITE PUSTULES,8
PAEDIATRIC ACUTE-ONSET NEUROPSYCHIATRIC SYNDROME,8
STOMA SITE COMPLICATION,8
BLADDER OUTLET OBSTRUCTION,8
LIP INFECTION,8
LITHOTRIPSY,8
ATRIAL STANDSTILL,8
SYNOVECTOMY,8
TARSAL TUNNEL SYNDROME,8
URINARY BLADDER POLYP,8
TICK-BORNE FEVER,8
MUCOCUTANEOUS CANDIDIASIS,8
PARAPHILIA,8
PENILE HAEMATOMA,8
MALE REPRODUCTIVE TRACT DISORDER,8
ANTERIOR CHAMBER CLEAVAGE SYNDROME,8
PELVIC OPERATION,8
TATTOO ASSOCIATED SKIN REACTION,8
MEGAKARYOCYTES ABNORMAL,8
MYELOCYTOSIS,8
CLAUDICATION OF JAW MUSCLES,8
SUBCLAVIAN ARTERY STENOSIS,8
CELLULITIS STREPTOCOCCAL,8
BENIGN CARDIAC NEOPLASM,8
MUSCLE CONTUSION,8
MEDICAL DEVICE SITE THROMBOSIS,8
PITUITARY GLAND OPERATION,8
TOE WALKING,8
PEMPHIGOID GESTATIONIS,8
MICROSCOPIC ENTERITIS,8
PANCREATIC ENZYME ABNORMALITY,8
PERICORONITIS,8
CEREBELLAR TUMOUR,8
LOWER RESPIRATORY TRACT INFECTION FUNGAL,8
ANTIMITOCHONDRIAL ANTIBODY POSITIVE,8
MUCOEPIDERMOID CARCINOMA OF SALIVARY GLAND,8
TRACHEAL MASS,8
CEPHALO-PELVIC DISPROPORTION,8
PALINDROMIC RHEUMATISM,8
MYELODYSPLASTIC SYNDROME UNCLASSIFIABLE,8
MAGICAL THINKING,8
PERINEAL CELLULITIS,8
BENIGN FAMILIAL PEMPHIGUS,8
URINARY TRACT OPERATION,8
TRACHEOSTOMY MALFUNCTION,8
TYMPANIC MEMBRANE HYPERAEMIA,8
METASTASES TO PROSTATE,8
MYOCLONIC DYSTONIA,8
T-LYMPHOCYTE COUNT ABNORMAL,8
PERICHONDRITIS,8
VARICELLA ZOSTER SEPSIS,8
LUNG LOBECTOMY,8
COLD AGGLUTININS,8
MIGRAINE-TRIGGERED SEIZURE,8
BIOPSY BONE MARROW ABNORMAL,8
COELIAC ARTERY COMPRESSION SYNDROME,8
COELIAC ARTERY OCCLUSION,8
NECROTISING ULCERATIVE GINGIVOSTOMATITIS,8
URETHRAL INJURY,8
NEAR DROWNING,8
MUCOSAL NECROSIS,8
UROSTOMY,8
NASAL VALVE COLLAPSE,8
PLACENTAL OEDEMA,8
TERATOMA,8
NEUROENDOCRINE TUMOUR OF THE LUNG METASTATIC,8
THYMOMA MALIGNANT,8
STREPTOCOCCAL ABSCESS,8
PIGMENT NEPHROPATHY,8
AORTIC ANEURYSM REPAIR,8
BASILAR ARTERY THROMBOSIS,8
BREAST FIBROSIS,8
BENIGN UTERINE NEOPLASM,8
TRABECULECTOMY,8
BLOOD CORTICOTROPHIN ABNORMAL,8
PARKINSONIAN REST TREMOR,8
CLINICALLY ISOLATED SYNDROME,8
PHAEOCHROMOCYTOMA MALIGNANT,8
URTICARIAL DERMATITIS,8
LUNG ASSIST DEVICE THERAPY,8
MYCOBACTERIAL PERITONITIS,8
CEREBRAL VASCULAR OCCLUSION,8
PERICARDITIS INFECTIVE,8
PH BODY FLUID ABNORMAL,8
BUSCHKE-LOWENSTEIN^S TUMOUR,8
PERIORBITAL INFECTION,8
MEDICAL DEVICE SITE EROSION,8
BENIGN RECURRENT INTRAHEPATIC CHOLESTASIS,8
PARANEOPLASTIC PEMPHIGUS,8
NECROTISING SCLERITIS,8
OXALOSIS,8
ANORECTAL VARICES HAEMORRHAGE,8
BENIGN RENAL NEOPLASM,8
CHEST SCAN ABNORMAL,8
AURICULAR SWELLING,8
GRANULOCYTES ABNORMAL,8
HCOV-OC43 INFECTION,8
HYPERTROPHIC SCAR,8
FALLOPIAN TUBE CYST,8
PRODUCT STRENGTH CONFUSION,8
DEVELOPMENTAL GLAUCOMA,8
DERMATOPATHIC LYMPHADENOPATHY,8
DERMATITIS ARTEFACTA,8
DERMAL ABSORPTION INCREASED,8
HAEMOPHILUS TEST POSITIVE,8
JC VIRUS CSF TEST POSITIVE,8
FOLLICULAR THYROID CANCER,8
JEJUNAL STENOSIS,8
FALLOPIAN TUBE OBSTRUCTION,8
PULMONARY VASCULAR RESISTANCE ABNORMALITY,8
"DELUSIONAL DISORDER, EROTOMANIC TYPE",8
HAPTOGLOBIN INCREASED,8
HASHIMOTO^S ENCEPHALOPATHY,8
ACANTHOLYSIS,8
AMMONIA,8
DEVICE EFFECT DECREASED,8
ACCIDENTAL HIGH SPINAL ANAESTHESIA,8
ADHESIOLYSIS,8
DISEASE IN REMISSION,8
INTRAUTERINE INFECTION,8
OMENTECTOMY,8
RENAL PHOSPHOLIPIDOSIS,8
DIFFUSE IDIOPATHIC SKELETAL HYPEROSTOSIS,8
DIAPHRAGM MUSCLE WEAKNESS,8
GUT DERIVED INFECTION,8
HYPOAESTHESIA TEETH,8
DEVICE MATERIAL OPACIFICATION,8
ACID-BASE BALANCE DISORDER MIXED,8
DIABETIC HYPEROSMOLAR COMA,8
PORTAL TRACT INFLAMMATION,8
SIRENOMELIA,8
AMINO ACID LEVEL ABNORMAL,8
ACID FAST BACILLI INFECTION,8
PUNCTURE SITE INFECTION,8
FALSE POSITIVE RADIOISOTOPE INVESTIGATION RESULT,8
NOCARDIA SEPSIS,8
INFANTILE VOMITING,8
HYPERPLASTIC CHOLECYSTOPATHY,8
CUTANEOUS T-CELL LYMPHOMA RECURRENT,8
OTOSPONDYLOMEGAEPIPHYSEAL DYSPLASIA,8
INCISION SITE ULCER,8
PULMONARY FUNCTION TEST,8
ACTIVATION SYNDROME,8
CUFFITIS,8
VULVAL HAEMORRHAGE,8
CSF VOLUME INCREASED,8
KYPHOSCOLIOSIS,8
CSF PRESSURE INCREASED,8
LABOUR COMPLICATION,8
SPERMATIC VEIN THROMBOSIS,8
CREATININE URINE INCREASED,8
LACRIMATION DISORDER,8
LACTATION PUERPERAL INCREASED,8
ABNORMAL PRODUCT OF CONCEPTION,8
CRANIAL OPERATION,8
ABORTION OF ECTOPIC PREGNANCY,8
NIPPLE ENLARGEMENT,8
KIDNEY CONTUSION,8
KERATOLYSIS EXFOLIATIVA ACQUIRED,8
SLIPPING RIB SYNDROME,8
CYTOMEGALOVIRUS MYOCARDITIS,8
HYPERPHOSPHATASAEMIA,8
PRIMARY HYPERALDOSTERONISM,8
KERATITIS INTERSTITIAL,8
CYSTINURIA,8
CYSTIC LUNG DISEASE,8
CYSTIC FIBROSIS LUNG,8
INCISIONAL DRAINAGE,8
PRIMARY HYPOGONADISM,8
AMYLOID ARTHROPATHY,8
CYSTIC FIBROSIS GASTROINTESTINAL DISEASE,8
SMALL INTESTINE NEUROENDOCRINE TUMOUR,8
HYPEROXALURIA,8
SMALL INTESTINE POLYP,8
ABSCESS OF EYELID,8
INTRAOCULAR PRESSURE FLUCTUATION,8
FACTOR VIII ACTIVITY DECREASED,8
COTARD^S SYNDROME,8
FUNGAL RHINITIS,8
ADRENAL GLAND CANCER METASTATIC,8
ENOSTOSIS,8
VITAMIN E DEFICIENCY,8
OESOPHAGITIS HAEMORRHAGIC,8
ADRENAL THROMBOSIS,8
INJECTION SITE JOINT PAIN,8
ENDOMETRIAL HYPERPLASIA WITH CELLULAR ATYPIA,8
IIIRD NERVE DISORDER,8
SCINTILLATING SCOTOMA,8
GENDER DYSPHORIA,8
GAIT DEVIATION,8
WERNICKE-KORSAKOFF SYNDROME,8
SCOLIOSIS SURGERY,8
INNER EAR INFLAMMATION,8
SCOPULARIOPSIS INFECTION,8
OCULAR ISCHAEMIC SYNDROME,8
SCROTAL CYST,8
GASTROINTESTINAL TUBE REMOVAL,8
GASTROINTESTINAL NEUROENDOCRINE CARCINOMA,8
SARCOMATOID CARCINOMA,8
GASTRITIS VIRAL,8
RICKETS,8
RED BLOOD CELLS URINE,8
GALLBLADDER MASS,8
GASTRIC PH INCREASED,8
PREALBUMIN DECREASED,8
ERYTHROPENIA,8
IMMUNE RECOVERY UVEITIS,8
EXPOSURE TO RADIATION,8
ORCHITIS NONINFECTIVE,8
ERDHEIM-CHESTER DISEASE,8
ADMINISTRATION SITE RASH,8
LIMB AMPUTATION,8
EPIGLOTTIC OEDEMA,8
ADNEXA UTERI MASS,8
ILIUM FRACTURE,8
OCCULT BLOOD,8
SCROTAL DERMATITIS,8
INSULIN RESISTANT DIABETES,8
DISSEMINATED ENTEROVIRAL INFECTION,8
FRUCTOSE INTOLERANCE,8
GLOMERULAR VASCULAR DISORDER,8
GLOMERULONEPHRITIS ACUTE,8
ALLERGIC KERATITIS,8
INTESTINAL MUCOSAL HYPERTROPHY,8
ACQUIRED AMEGAKARYOCYTIC THROMBOCYTOPENIA,8
GLUCOSE TOLERANCE TEST ABNORMAL,8
WITHDRAWAL HYPERTENSION,8
ORAL PUSTULE,8
INTRA-OCULAR INJECTION,8
SEXUALLY ACTIVE,8
GLYCOSYLATED HAEMOGLOBIN,8
INTRACARDIAC MASS,8
ALLOIMMUNISATION,8
DIVERTICULITIS INTESTINAL HAEMORRHAGIC,8
DIVERSION COLITIS,8
SHOULDER DYSTOCIA,8
PRESBYACUSIS,8
SEPSIS SYNDROME,8
FOOD CONTAMINATION,8
EARLY RETIREMENT,8
ELECTROCARDIOGRAM QRS COMPLEX ABNORMAL,8
HYPOZINCAEMIA,8
ACQUIRED EPIDERMOLYSIS BULLOSA,8
EYELASH DISCOLOURATION,8
INTENTIONAL MISUSE OF DRUG DELIVERY SYSTEM,8
WHITE BLOOD CELLS URINE,8
RADIOTHERAPY TO BRAIN,8
RENAL CYST RUPTURED,8
SECONDARY HYPERTHYROIDISM,8
INTERVENTRICULAR SEPTUM RUPTURE,8
ADMINISTRATION SITE DISCHARGE,8
IMPAIRED INSULIN SECRETION,8
EGFR GENE OVEREXPRESSION,8
GITELMAN^S SYNDROME,8
ECTOPIC PREGNANCY TERMINATION,8
ECTOPIC ATRIAL RHYTHM,8
INTERVENTIONAL PROCEDURE,8
PROLAPSE REPAIR,8
RETINAL MIGRAINE,8
FLAVOBACTERIUM INFECTION,8
PLATELET TOXICITY,8
VENA CAVA FILTER INSERTION,8
PSEUDOPORPHYRIA,8
INCARCERATED INGUINAL HERNIA,8
OVARIAN STROMAL HYPERPLASIA,8
HERNIA OBSTRUCTIVE,8
LARGE INTESTINE ANASTOMOSIS,8
VENIPUNCTURE,8
PLETHYSMOGRAPHY,8
PSEUDOFOLLICULITIS,8
INCISION SITE DISCOMFORT,8
SPINAL MENINGIOMA BENIGN,8
NEUROSENSORY HYPOACUSIS,8
CORNEAL ENDOTHELIAL DISORDER,8
ORAL HYPERAESTHESIA,8
SPLENITIS,8
VENTRICLE RUPTURE,8
SQUAMOUS CELL CARCINOMA OF THE VULVA,8
FEMALE SEXUAL DYSFUNCTION,8
VENOUS STENOSIS,8
CORNEAL ABSCESS,8
OPTIC GLIOMA,8
PROSTATE CANCER STAGE II,8
OVARIAN GRANULOSA CELL TUMOUR,8
PROSTATIC ARTERY EMBOLISATION,8
RESTENOSIS,8
OPTIC DISC DISORDER,8
PSEUDOMONAS PERITONITIS,8
ANALGESIC DRUG LEVEL ABOVE THERAPEUTIC,8
FIBROBLAST GROWTH FACTOR 23 INCREASED,8
VULVOVAGINAL EXFOLIATION,8
SQUAMOUS CELL CARCINOMA OF THE PAROTID GLAND,8
HEPATITIS C RNA INCREASED,8
STEM CELL THERAPY,8
CORYNEBACTERIUM TEST POSITIVE,8
CORNEAL THICKENING,8
OVARIAN FIBROMA,8
CONJUNCTIVAL DEFECT,8
PULMONARY ARTERIAL WEDGE PRESSURE INCREASED,8
ANGIOCARDIOGRAM,8
PROSTATIC OBSTRUCTION,8
ACUTE PULMONARY HISTOPLASMOSIS,8
FOETAL RENAL IMPAIRMENT,8
SPINAL ROD INSERTION,8
LEUKONYCHIA,8
COOMBS TEST POSITIVE,8
VULVOVAGINAL ULCERATION,8
PROSTHETIC CARDIAC VALVE REGURGITATION,8
SPLENIC ARTERY THROMBOSIS,8
17-HYDROXYPROGESTERONE INCREASED,8
LARGE INTESTINAL POLYPECTOMY,8
ABDOMINAL REBOUND TENDERNESS,8
PROTEIN INDUCED BY VITAMIN K ABSENCE OR ANTAGONIST II INCREASED,8
CORTICAL VISUAL IMPAIRMENT,8
LENTIGO MALIGNA,8
LESION EXCISION,8
HIDRADENOCARCINOMA,8
LASER THERAPY,8
PROSTHETIC CARDIAC VALVE STENOSIS,8
LARYNGEAL PAPILLOMA,8
VENOUS PRESSURE JUGULAR INCREASED,8
HEPATITIS C ANTIBODY POSITIVE,8
BARTHOLINITIS,7
URINE PHOSPHORUS INCREASED,7
INTERVERTEBRAL DISC ANNULAR TEAR,7
EASTERN COOPERATIVE ONCOLOGY GROUP PERFORMANCE STATUS,7
ACUTE POSTOPERATIVE SIALADENITIS,7
BLADDER IRRIGATION,7
EYELID EROSION,7
SELECTIVE MUTISM,7
URINE POTASSIUM INCREASED,7
BREAST ENGORGEMENT,7
ELECTROCARDIOGRAM QT INTERVAL,7
GINGIVAL EROSION,7
AORTIC VALVE REPAIR,7
NASAL MUCOSAL ULCER,7
HERNIA PERFORATION,7
CARDIAC IRON OVERLOAD,7
ELECTROCARDIOGRAM P WAVE ABNORMAL,7
HYPOTENSIVE TRANSFUSION REACTION,7
EYELID CONTUSION,7
MATERNAL CONDITION AFFECTING FOETUS,7
SECONDARY SYPHILIS,7
SEGMENTED HYALINISING VASCULITIS,7
ANOMALOUS PULMONARY VENOUS CONNECTION,7
CARDIAC REHABILITATION THERAPY,7
STOMA SITE WOUND,7
SELENIUM DEFICIENCY,7
HYPOSOMNIA,7
ECTOPIC ACTH SYNDROME,7
GLAUCOMATOUS OPTIC NEUROPATHY,7
EAR MALFORMATION,7
TRIPLE POSITIVE BREAST CANCER,7
BREAST DISCOLOURATION,7
LIPOPROTEIN INCREASED,7
VAGINAL POLYP,7
SEVERE INVASIVE STREPTOCOCCAL INFECTION,7
MALOCCLUSION,7
VIRAL MYOSITIS,7
ADJUSTMENT DISORDER WITH MIXED ANXIETY AND DEPRESSED MOOD,7
MALLET FINGER,7
PLASMA CELL MASTITIS,7
OSTEOPOROSIS POSTMENOPAUSAL,7
BIOPSY SKIN,7
INTRA-UTERINE CONTRACEPTIVE DEVICE INSERTION,7
VASCULITIC ULCER,7
OESOPHAGEAL NEOPLASM,7
PROCTITIS VIRAL,7
PYELONEPHRITIS FUNGAL,7
PLANTAR ERYTHEMA,7
TONGUE NECROSIS,7
ACTIVATED PARTIAL THROMBOPLASTIN TIME RATIO INCREASED,7
TENODESIS,7
PLAGUE,7
DISSEMINATED VARICELLA,7
PASTEURELLA INFECTION,7
ANTIVIRAL DRUG LEVEL ABOVE THERAPEUTIC,7
VIRAL HEPATITIS CARRIER,7
BREAST COMPLICATION ASSOCIATED WITH DEVICE,7
RADIAL PULSE ABNORMAL,7
EAR INFECTION VIRAL,7
POST PROCEDURAL PRURITUS,7
DYSSOMNIA,7
PANOPHTHALMITIS,7
HUMAN EPIDERMAL GROWTH FACTOR RECEPTOR POSITIVE,7
INTESTINAL FISTULA INFECTION,7
LIPOMATOSIS,7
PERITONEAL LESION,7
GLOMERULONEPHROPATHY,7
DUODENAL OPERATION,7
RETRACTED NIPPLE,7
MATERNAL USE OF ILLICIT DRUGS,7
PROSTATE EXAMINATION ABNORMAL,7
MANUFACTURING LABORATORY ANALYTICAL TESTING ISSUE,7
HYPOPHENYLALANINAEMIA,7
PLASMA CELL MYELOMA IN REMISSION,7
DRUG-DEVICE INTERACTION,7
MONOCYTE PERCENTAGE DECREASED,7
STOMATOCOCCAL INFECTION,7
TRISOMY 13,7
RADIATION HEPATITIS,7
TRACHEAL PAIN,7
TESTICULAR CANCER METASTATIC,7
RETINOPATHY HAEMORRHAGIC,7
VAGINAL OPERATION,7
COMMINUTED FRACTURE,7
SCROTAL GANGRENE,7
PLEOMORPHIC ADENOMA,7
ANGIOIMMUNOBLASTIC T-CELL LYMPHOMA RECURRENT,7
EPIPHYSEAL FRACTURE,7
ANGIOKERATOMA,7
MYOCARDIAL HAEMORRHAGE,7
MEDICAL DEVICE SITE REACTION,7
MEDICAL DEVICE SITE RASH,7
BREATH SOUNDS,7
GASTROINTESTINAL AMYLOIDOSIS,7
APPARENT DEATH,7
BLOOD TESTOSTERONE FREE INCREASED,7
INHIBITING ANTIBODIES,7
BLOOD CREATINE PHOSPHOKINASE,7
BULLOUS IMPETIGO,7
SECONDARY CEREBELLAR DEGENERATION,7
INJECTION SITE CALCIFICATION,7
RECTAL INJURY,7
OESOPHAGEAL-PULMONARY FISTULA,7
INJECTION SITE DEFORMATION,7
ANGIOTENSIN CONVERTING ENZYME INCREASED,7
OESOPHAGECTOMY,7
EXTERNAL EAR PAIN,7
HISTONE ANTIBODY POSITIVE,7
ANGIOTENSIN CONVERTING ENZYME INHIBITOR FOETOPATHY,7
GASTROINTESTINAL MUCOSAL NECROSIS,7
LID LAG,7
INFLUENZA IMMUNISATION,7
IMMATURE RESPIRATORY SYSTEM,7
UTERINE HAEMATOMA,7
APPLICATION SITE HAEMATOMA,7
GASTRIC BANDING,7
VITREOUS FIBRIN,7
BLOOD GROWTH HORMONE ABNORMAL,7
EXERCISE TOLERANCE INCREASED,7
PELVIC ORGAN INJURY,7
BRONCHIAL HAEMORRHAGE,7
GASTRIC DYSPLASIA,7
ARTERIOVENOUS FISTULA SITE COMPLICATION,7
MEIGS^ SYNDROME,7
PLATELET DISTRIBUTION WIDTH DECREASED,7
MEIBOMIANITIS,7
TINEA FACIEI,7
MICROENCEPHALY,7
MENINGEAL NEOPLASM,7
IMMUNE-MEDIATED OPTIC NEURITIS,7
TICK-BORNE VIRAL ENCEPHALITIS,7
APPLICATION SITE FOLLICULITIS,7
ERYTHROPSIA,7
ROSAI-DORFMAN SYNDROME,7
ACQUIRED TRACHEO-OESOPHAGEAL FISTULA,7
IMMUNE RECONSTITUTION INFLAMMATORY SYNDROME ASSOCIATED KAPOSI^S SARCOMA,7
BLOOD ELASTASE DECREASED,7
ANGIOSARCOMA METASTATIC,7
CONGENITAL INGUINAL HERNIA,7
ENTERIC NEUROPATHY,7
PROSTATIC URETHRAL LIFT PROCEDURE,7
CONGENITAL MONORCHIDISM,7
PREGNANCY WITH CONTRACEPTIVE PATCH,7
OESOPHAGEAL CARCINOMA RECURRENT,7
LEUKOSTASIS SYNDROME,7
PERICARDITIS TUBERCULOUS,7
OVARIAN NECROSIS,7
RENAL CANCER STAGE III,7
IDEAS OF REFERENCE,7
HERPES ZOSTER CUTANEOUS DISSEMINATED,7
INSULIN C-PEPTIDE DECREASED,7
TRAUMATIC LIVER INJURY,7
ICTAL BRADYCARDIA SYNDROME,7
FACIOBRACHIAL DYSTONIC SEIZURE,7
THROMBECTOMY,7
OSTEOCHONDROMA,7
IMMUNOLOGY TEST ABNORMAL,7
RESPIRATORY FATIGUE,7
INTENSIVE CARE UNIT DELIRIUM,7
BLEPHARAL PIGMENTATION,7
OESTROGEN DEFICIENCY,7
TRI-IODOTHYRONINE FREE ABNORMAL,7
ELECTROCUTION,7
CONGENITAL PYELOCALIECTASIS,7
PERICARDITIS FUNGAL,7
REACTION TO AZO-DYES,7
PROTHROMBIN TIME RATIO INCREASED,7
MEDICAL DEVICE SITE CELLULITIS,7
BLOOD PROLACTIN DECREASED,7
MENINGITIS CHEMICAL,7
MEDICAL DEVICE SITE BURN,7
UTERINE HYPERTONUS,7
GASTROOESOPHAGEAL SPHINCTER INSUFFICIENCY,7
MILIARY PNEUMONIA,7
OESOPHAGOGASTRODUODENOSCOPY,7
ENDOSCOPY ABNORMAL,7
INJECTION SITE MACULE,7
IMMUNE-MEDIATED PROCTITIS,7
INJECTION SITE MUSCLE WEAKNESS,7
ENDOMETRIAL NEOPLASM,7
OVARIAN OPERATION,7
SCHNITZLER^S SYNDROME,7
TRANSVALVULAR PRESSURE GRADIENT INCREASED,7
MINERALOCORTICOID DEFICIENCY,7
ADVANCED SYSTEMIC MASTOCYTOSIS,7
ENDOMETRIAL CANCER METASTATIC,7
ENDOLYMPHATIC HYDROPS,7
MEDIASTINAL HAEMATOMA,7
BLOOD BILIRUBIN UNCONJUGATED DECREASED,7
FLAP SURGERY,7
PELVIC CYST,7
ARTHROSCOPIC SURGERY,7
PERSISTENT LEFT SUPERIOR VENA CAVA,7
MALIGNANT NEOPLASM OF AMPULLA OF VATER,7
BRAINSTEM COMPRESSION,7
CERUMEN REMOVAL,7
UNEXPECTED VAGINAL BLEEDING ON HORMONAL IUD,7
KERATITIS VIRAL,7
LONG QT SYNDROME CONGENITAL,7
FAT INTOLERANCE,7
LARYNGITIS BACTERIAL,7
LYMPHANGIOLEIOMYOMATOSIS,7
BONE LESION EXCISION,7
SWEAT DISCOLOURATION,7
LYMPHADENITIS VIRAL,7
NERVE DEGENERATION,7
HEART RATE VARIABILITY INCREASED,7
HEART SOUNDS,7
CHEST WALL ABSCESS,7
NEUROENDOCRINE BREAST TUMOUR,7
BORRELIA TEST POSITIVE,7
LYMPH NODE PALPABLE,7
CORNEAL EXFOLIATION,7
PROPHYLAXIS OF NAUSEA AND VOMITING,7
OROCUTANEOUS FISTULA,7
CHLORINE SENSITIVITY,7
KETOSIS-PRONE DIABETES MELLITUS,7
LUPUS VASCULITIS,7
HEMIATAXIA,7
KIDNEY CONGESTION,7
PROPHYLAXIS AGAINST TRANSPLANT REJECTION,7
CYSTOSCOPY,7
KARYOTYPE ANALYSIS ABNORMAL,7
AMYLASE ABNORMAL,7
PITUITARY TUMOUR REMOVAL,7
AMNIOTIC CAVITY DISORDER,7
SPIROCHAETAL INFECTION,7
ANTIALLERGIC THERAPY,7
PROBIOTIC THERAPY,7
OEDEMA DUE TO HEPATIC DISEASE,7
BIOPSY LYMPH GLAND,7
BENIGN SALIVARY GLAND NEOPLASM,7
FOLLICULAR LYMPHOMA STAGE III,7
HYDROMETRA,7
OPTIC DISC DRUSEN,7
FASTING,7
BENIGN PANCREATIC NEOPLASM,7
CLINODACTYLY,7
UNDERSENSING,7
UTERINE POLYPECTOMY,7
DANDY-WALKER SYNDROME,7
DACRYOADENITIS ACQUIRED,7
MYRINGITIS,7
APPLICATION SITE PURPURA,7
BOWEL OBSTRUCTION SURGERY,7
UNEVALUABLE THERAPY,7
POLYGLANDULAR AUTOIMMUNE SYNDROME TYPE II,7
ADENOID CYSTIC CARCINOMA,7
CYTOKINE ABNORMAL,7
SNAPPING HIP SYNDROME,7
BELLIGERENCE,7
HEMICLONIC SEIZURE,7
CHRONIC EOSINOPHILIC RHINOSINUSITIS,7
BANDAEMIA,7
VASCULAR GRAFT INFECTION,7
CHROMOSOME ANALYSIS ABNORMAL,7
LABOUR PAIN,7
SPEECH LATENCY,7
HEPATIC ECHINOCOCCIASIS,7
VASCULAR HYALINOSIS,7
PARATHYROID HYPERPLASIA,7
URETERAL STENT REMOVAL,7
SPERMATOZOA PROGRESSIVE MOTILITY DECREASED,7
CREST SYNDROME,7
HYPERFIBRINOGENAEMIA,7
SPECIALIST CONSULTATION,7
ATROPHIC GLOSSITIS,7
LUMBAR PUNCTURE ABNORMAL,7
BASAL CELL NAEVUS SYNDROME,7
LOW LUNG COMPLIANCE,7
SPINA BIFIDA OCCULTA,7
LUDWIG ANGINA,7
HEPATIC INFECTION FUNGAL,7
PRIMARY MEDIASTINAL LARGE B-CELL LYMPHOMA RECURRENT,7
NEURITIS CRANIAL,7
VENTRICULAR PRE-EXCITATION,7
PNEUMONIA SERRATIA,7
SUNSCREEN SENSITIVITY,7
PROGRESSIVE RELAPSING MULTIPLE SCLEROSIS,7
OPSOCLONUS MYOCLONUS,7
NERVOUS SYSTEM INJURY,7
LUPUS ENTERITIS,7
PULMONARY HAEMATOMA,7
PSYCHOTIC DISORDER DUE TO A GENERAL MEDICAL CONDITION,7
SUPERIOR VENA CAVA OCCLUSION,7
CHONDRODYSPLASIA PUNCTATA,7
CUTANEOUS COLLAGENOUS VASCULOPATHY,7
BALANITIS CANDIDA,7
ABORTION INCOMPLETE,7
LUNG SQUAMOUS CELL CARCINOMA METASTATIC,7
CHONDROSARCOMA,7
URETHRAL POLYP,7
BORDERLINE OVARIAN TUMOUR,7
HEPATIC CYST RUPTURED,7
NASAL ODOUR,7
OUT OF SPECIFICATION TEST RESULTS,7
HYPERAMMONAEMIC CRISIS,7
PULMONARY ANGIOPLASTY,7
CSF VOLUME DECREASED,7
BONE SCAN ABNORMAL,7
KUSSMAUL RESPIRATION,7
TRACHEAL COMPRESSION,7
CHORIORETINOPATHY,7
CHOROIDAL COLOBOMA,7
NASOPHARYNGEAL CANCER,7
BENZODIAZEPINE DRUG LEVEL INCREASED,7
HEAD AND NECK CANCER METASTATIC,7
MULTICENTRIC RETICULOHISTIOCYTOSIS,7
OVARIAN EPITHELIAL CANCER,7
BRAIN EMPYEMA,7
CENTRAL AUDITORY PROCESSING DISORDER,7
SPLENIC INJURY,7
MALFORMATION VENOUS,7
CENTRAL NERVOUS SYSTEM INJURY,7
FAILED BACK SURGERY SYNDROME,7
HAEMATOPOIETIC STEM CELL MOBILISATION,7
URINARY HEXOSE TETRASACCHARIDE INCREASED,7
URINARY GLYCOSAMINOGLYCANS INCREASED,7
NON-24-HOUR SLEEP-WAKE DISORDER,7
HAEMATURIA TRAUMATIC,7
DIABETIC HEPATOPATHY,7
MYOCARDITIS MYCOTIC,7
INFANTILE BACK ARCHING,7
ANTINUCLEAR ANTIBODY NEGATIVE,7
ASTROVIRUS TEST POSITIVE,7
DEXTROCARDIA,7
MALABSORPTION FROM APPLICATION SITE,7
ORNITHINE TRANSCARBAMOYLASE DEFICIENCY,7
ODONTOGENIC CYST,7
BILIARY HAMARTOMA,7
MUCOPOLYSACCHARIDOSIS I,7
PORPHYRIA NON-ACUTE,7
NEUTRALISING ANTIBODIES,7
LYMPHOMATOID PAPULOSIS,7
URINARY FISTULA,7
BRAIN MALFORMATION,7
CONJUNCTIVAL EROSION,7
CEREBELLAR MICROHAEMORRHAGE,7
TRACHEAL OBSTRUCTION,7
MALIGNANT NEOPLASM OF EYELID,7
GRAFT OVERGROWTH,7
MYOGLOBIN URINE PRESENT,7
FACTITIOUS DISORDER,7
NEONATAL PNEUMOTHORAX,7
RESPIRATORY TRACT MALFORMATION,7
MALIGNANT MESENTERIC NEOPLASM,7
RETINAL WHITE DOTS SYNDROME,7
BIOPSY KIDNEY ABNORMAL,7
HYPOGLYCAEMIA UNAWARENESS,7
FACTOR VII DEFICIENCY,7
ANTITHYROID ARTHRITIS SYNDROME,7
GRANULOCYTES MATURATION ARREST,7
HUMAN METAPNEUMOVIRUS TEST POSITIVE,7
TUMOUR OBSTRUCTION,7
CD4 LYMPHOCYTES INCREASED,7
COLLATERAL CIRCULATION,7
PH URINE DECREASED,7
ANASTOMOTIC ULCER HAEMORRHAGE,7
FAECAL ELASTASE CONCENTRATION DECREASED,7
INTRAOSSEOUS MENINGIOMA,7
POST PROCEDURAL CELLULITIS,7
PURULENT PERICARDITIS,7
CELL MARKER INCREASED,7
AZOOSPERMIA,7
SIMILAR REACTION ON PREVIOUS EXPOSURE TO DRUG,7
MUCOSA VESICLE,7
PSEUDOMYXOMA PERITONEI,7
OVULATION DISORDER,7
APPLICATION SITE COLDNESS,7
CONTRAST MEDIA TOXICITY,7
ACUTE RIGHT VENTRICULAR FAILURE,7
JEJUNAL PERFORATION,7
SYSTEMIC IMMUNE ACTIVATION,7
ABDOMINAL WALL OEDEMA,7
PHARYNGEAL POLYP,7
CONVALESCENT,7
DENTAL CLEANING,7
ADENOIDITIS,7
CEREBRAL VENTRICULAR RUPTURE,7
BRACHIOCEPHALIC VEIN THROMBOSIS,7
BIFASCICULAR BLOCK,7
PERIARTICULAR THENAR ERYTHEMA WITH ONYCHOLYSIS,7
ABDOMINAL WALL PAIN,7
URINE COPPER INCREASED,7
HYPERTELORISM,7
DELIRIUM TREMENS,7
LYMPHOSTASIS,7
OOPHORECTOMY BILATERAL,7
RETINAL INFARCTION,7
HANTAVIRAL INFECTION,7
VARICOSE VEIN OPERATION,7
BETA 2 MICROGLOBULIN URINE INCREASED,7
DEPENDENT PERSONALITY DISORDER,7
URINARY CONTROL NEUROSTIMULATOR IMPLANTATION,7
GANGLIOGLIOMA,7
ABDOMINAL WALL INFECTION,7
MUCOSAL INFECTION,7
AMMONIA DECREASED,7
COAGULATION TIME SHORTENED,7
JAUNDICE HEPATOCELLULAR,7
PULSE PRESSURE INCREASED,7
ANORECTAL VARICES,7
MACULAR SCAR,7
TRACHEAL INFLAMMATION,7
MYXOID CYST,7
HAEMOGLOBIN URINE PRESENT,7
COCKROACH ALLERGY,7
UTERINE OPERATION,7
CONTRACTED BLADDER,7
LIVER SCAN ABNORMAL,7
PENILE NECROSIS,6
FULL BLOOD COUNT,6
TRABECULOPLASTY,6
RENAL CELL CARCINOMA STAGE I,6
VULVOVAGINITIS TRICHOMONAL,6
PENILE CANCER,6
ACUTE HAEMORRHAGIC ULCERATIVE COLITIS,6
IMPLANT SITE HAEMATOMA,6
GALLBLADDER NEOPLASM,6
ACTINOMYCOTIC PULMONARY INFECTION,6
FUNDOSCOPY ABNORMAL,6
FRONTAL LOBE EPILEPSY,6
IMMUNE-MEDIATED SCLERITIS,6
METASTASES TO THYROID,6
FOETAL-MATERNAL HAEMORRHAGE,6
FRACTURE TREATMENT,6
FOLLICULAR DISORDER,6
ARTERIAL CATHETERISATION,6
BLOOD TESTOSTERONE FREE DECREASED,6
METASTASES TO SALIVARY GLAND,6
RENAL ARTERY STENT PLACEMENT,6
ARTERIAL FIBROSIS,6
NASAL MUCOSAL BLISTERING,6
RENAL AND LIVER TRANSPLANT,6
BLOOD LEAD INCREASED,6
GALLBLADDER FISTULA,6
BLOOD PRESSURE NORMAL,6
STENOTROPHOMONAS SEPSIS,6
GAMMA-GLUTAMYLTRANSFERASE DECREASED,6
HEMIANAESTHESIA,6
HYPERPHENYLALANINAEMIA,6
HEART AND LUNG TRANSPLANT,6
UNHEALTHY LIFESTYLE,6
BENIGN HEPATIC NEOPLASM,6
HEAT OEDEMA,6
PARAVENOUS DRUG ADMINISTRATION,6
PROGESTERONE INCREASED,6
UNDIFFERENTIATED CONNECTIVE TISSUE DISEASE,6
HENOCH-SCHONLEIN PURPURA NEPHRITIS,6
PROGRESSIVE FAMILIAL INTRAHEPATIC CHOLESTASIS,6
HEPATIC ARTERY ANEURYSM,6
ABORTION EARLY,6
PULMONARY ENDARTERECTOMY,6
WRONG DOSAGE FORM,6
UNEVALUABLE INVESTIGATION,6
HEAD LAG,6
PROGRESSIVE MASSIVE FIBROSIS,6
URINE KETONE BODY,6
HAEMOCONCENTRATION,6
PUNCTURE SITE ABSCESS,6
ULCERATIVE DUODENITIS,6
PULMONARY VENOUS HYPERTENSION,6
PULMONARY VEIN OCCLUSION,6
PAROXYSMAL EXTREME PAIN DISORDER,6
WOUND HAEMATOMA,6
ABSCESS STERILE,6
BEZOLD-JARISCH REFLEX,6
HAIRY CELL LEUKAEMIA RECURRENT,6
MUIR-TORRE SYNDROME,6
PARACOCCIDIOIDES INFECTION,6
BENIGN TUMOUR EXCISION,6
WOUND INFECTION FUNGAL,6
BASILAR ARTERY OCCLUSION,6
HEPATIC CALCIFICATION,6
WAXY FLEXIBILITY,6
ABDOMINAL HERNIA OBSTRUCTIVE,6
ABDOMINAL WALL CYST,6
PROSTATIC CALCIFICATION,6
MYOCARDITIS BACTERIAL,6
AUTOIMMUNE PERICARDITIS,6
HORMONE REPLACEMENT THERAPY,6
ATYPICAL STEVENS-JOHNSON SYNDROME,6
AUTOIMMUNE ENCEPHALOPATHY,6
HUMAN EPIDERMAL GROWTH FACTOR RECEPTOR NEGATIVE,6
YAO SYNDROME,6
MYOCARDIAL BRIDGING,6
AUTOIMMUNE CHOLANGITIS,6
HISTOPLASMOSIS CUTANEOUS,6
HIV INFECTION CDC CATEGORY C,6
PARANASAL SINUS ABSCESS,6
AUTONOMIC FAILURE SYNDROME,6
PARANEOPLASTIC RETINOPATHY,6
PULMONARY CAPILLARY HAEMANGIOMATOSIS,6
PARAGANGLION NEOPLASM MALIGNANT,6
HEPATIC INFECTION BACTERIAL,6
PROLIFERATIVE VITREORETINOPATHY,6
HEPATITIS A ANTIBODY POSITIVE,6
WRONG ROUTE,6
ATYPICAL LYMPHOCYTES INCREASED,6
OPIATES POSITIVE,6
URETHRAL VALVES,6
URINARY SEDIMENT,6
BACTERIAL FOOD POISONING,6
HYDROCHOLECYSTIS,6
X-RAY GASTROINTESTINAL TRACT ABNORMAL,6
B-LYMPHOCYTE COUNT ABNORMAL,6
HEREDITARY DISORDER,6
PROSTATE CANCER STAGE III,6
URINE OSMOLARITY DECREASED,6
ASTROCYTOMA MALIGNANT,6
HYPOCALCAEMIC SEIZURE,6
BLOOD ALDOSTERONE DECREASED,6
GENITAL CYST,6
GENITAL EROSION,6
TRAUMATIC INTRACRANIAL HAEMATOMA,6
OESTRADIOL ABNORMAL,6
RASMUSSEN ENCEPHALITIS,6
GENITAL INFECTION BACTERIAL,6
GENITAL INFECTION MALE,6
BLOOD BRAIN BARRIER DEFECT,6
IATROGENIC INFECTION,6
WHITE BLOOD CELL ANALYSIS ABNORMAL,6
PRODUCT LABEL COUNTERFEIT,6
BLEBITIS,6
RASH MACULOVESICULAR,6
HYPOTONY MACULOPATHY,6
BLOOD BETA-D-GLUCAN POSITIVE,6
OESOPHAGOGASTRODUODENOSCOPY ABNORMAL,6
GROWTH HORMONE-PRODUCING PITUITARY TUMOUR,6
ORGAN TRANSPLANT,6
MICROEMBOLISM,6
RED BLOOD CELL SEDIMENTATION RATE,6
RED BLOOD CELL MORPHOLOGY ABNORMAL,6
GASTRIC PNEUMATOSIS,6
WEIGHT CONTROL,6
MICROPENIS,6
BLOOD CULTURE NEGATIVE,6
GELASTIC SEIZURE,6
MICROTIA,6
BLOOD CREATININE,6
RECTAL OBSTRUCTION,6
TRANSIENT LINGUAL PAPILLITIS,6
ILIAC ARTERY STENOSIS,6
NARCOTIC BOWEL SYNDROME,6
GINGIVAL CYST,6
URINE URIC ACID INCREASED,6
HYPOTHERMIA NEONATAL,6
GRANULICATELLA INFECTION,6
BIOPSY MUSCLE ABNORMAL,6
TUMOUR EXUDATION,6
GRAFT ISCHAEMIA,6
PAPILLARY MUSCLE RUPTURE,6
PASH SYNDROME,6
URINE OSMOLARITY INCREASED,6
GRANULOCYTE PERCENTAGE DECREASED,6
BLADDER ULCER,6
ARRHYTHMOGENIC RIGHT VENTRICULAR DYSPLASIA,6
PRODUCT QUALITY CONTROL ISSUE,6
ORAL PIGMENTATION,6
PURPURA SENILE,6
PARVOVIRUS B19 TEST POSITIVE,6
GROWTH ACCELERATED,6
PYELONEPHRITIS CHRONIC,6
MORAXELLA TEST POSITIVE,6
GLYCOGEN STORAGE DISORDER,6
GLUTATHIONE DECREASED,6
RADIATION ASSOCIATED HAEMORRHAGE,6
RADIATION FIBROSIS,6
GLOSSOPHARYNGEAL NERVE PARALYSIS,6
BLADDER DIVERTICULUM,6
TRIGEMINAL PALSY,6
TRIGEMINAL NEUROPATHY,6
BLADDER NECK OBSTRUCTION,6
ORBITAL HAEMATOMA,6
GLABELLAR REFLEX ABNORMAL,6
NAIL FOLD INFLAMMATION,6
HYPOSPERMIA,6
GINGIVITIS ULCERATIVE,6
RADICAL PROSTATECTOMY,6
BLOOD TRIGLYCERIDES,6
BROWN TUMOUR,6
ACUTE MONOCYTIC LEUKAEMIA,6
JOINT HYPEREXTENSION,6
PAIN THRESHOLD DECREASED,6
LYSOSOMAL STORAGE DISORDER,6
DEMODICIDOSIS,6
VESSEL PUNCTURE SITE HAEMORRHAGE,6
JOB CHANGE,6
PHARYNGEAL STENOSIS,6
SYSTEMIC BACTERIAL INFECTION,6
SKIN NEOPLASM BLEEDING,6
SYSTEMIC SCLEROSIS PULMONARY,6
SYSTOLIC ANTERIOR MOTION OF MITRAL VALVE,6
SKIN LESION REMOVAL,6
ANTIDEPRESSANT DRUG LEVEL BELOW THERAPEUTIC,6
ISOIMMUNE HAEMOLYTIC DISEASE,6
NEOPLASM OF APPENDIX,6
VARICELLA ENCEPHALITIS,6
TACHYCARDIA PAROXYSMAL,6
TACITURNITY,6
DEVICE MONITORING PROCEDURE NOT PERFORMED,6
PALATE INJURY,6
DELIRIUM FEBRILE,6
CEREBROVASCULAR ARTERIOVENOUS MALFORMATION,6
SKIN COSMETIC PROCEDURE,6
DELAYED SLEEP PHASE,6
VASCULAR ACCESS SITE SWELLING,6
VASCULAR ACCESS SITE OCCLUSION,6
LYMPHATIC OBSTRUCTION,6
OTITIS MEDIA BACTERIAL,6
POLYGLANDULAR DISORDER,6
VERTICAL INFECTION TRANSMISSION,6
NEPHROGENIC SYSTEMIC FIBROSIS,6
CERVIX NEOPLASM,6
PHLEBOLITH,6
AMOEBIC DYSENTERY,6
DEDIFFERENTIATED LIPOSARCOMA,6
DEFORMITY THORAX,6
DEGENERATION OF UTERINE LEIOMYOMA,6
CERVIX CARCINOMA STAGE 0,6
POLYOMAVIRUS TEST POSITIVE,6
ANTIANDROGEN THERAPY,6
CERVICAL DISCHARGE,6
DELAYED PUBERTY,6
VARICOSE VEINS PELVIC,6
CEPHALHAEMATOMA,6
DEVICE PRIMING,6
KERATOPLASTY,6
NON-HODGKIN^S LYMPHOMA STAGE IV,6
INTRADUCTAL PAPILLOMA OF BREAST,6
OSTEORADIONECROSIS,6
NEONATAL OVERSEDATION,6
TENOLYSIS,6
SHORTENED CERVIX,6
NON-PROLIFERATIVE RETINOPATHY,6
DOLICHOCOLON,6
MALIGNANT SWEAT GLAND NEOPLASM,6
DOSAGE NOT ADJUSTED,6
PERITONSILLITIS,6
INTESTINAL TRANSIT TIME INCREASED,6
INTESTINAL TRANSIT TIME DECREASED,6
INTESTINAL STRANGULATION,6
SERRATIA BACTERAEMIA,6
SERPIGINOUS CHOROIDITIS,6
DRUG THERAPEUTIC INCOMPATIBILITY,6
SEROUS CYSTADENOCARCINOMA OVARY,6
VIRAL TONSILLITIS,6
DUODENAL NEOPLASM,6
DISSEMINATED GONOCOCCAL INFECTION,6
MALIGNANT MENINGIOMA METASTATIC,6
SKIN ANGIOSARCOMA,6
PROCRASTINATION,6
CENTRAL NERVOUS SYSTEM STIMULATION,6
PORTAL VEIN DILATATION,6
DIABETIC VASCULAR DISORDER,6
IRIS HYPOPIGMENTATION,6
ANTISOCIAL PERSONALITY DISORDER,6
VIBRATION SYNDROME,6
IRIDOCELE,6
PHAEOHYPHOMYCOTIC BRAIN ABSCESS,6
MALIGNANT DYSPHAGIA,6
DIGEORGE^S SYNDROME,6
POST MICTURITION DRIBBLE,6
ANTITHROMBIN III INCREASED,6
VIRAL ACANTHOMA,6
DISRUPTIVE MOOD DYSREGULATION DISORDER,6
CD4 LYMPHOCYTE PERCENTAGE DECREASED,6
MALIGNANT MELANOMA OF SITES OTHER THAN SKIN,6
NEONATAL RESPIRATORY ACIDOSIS,6
TENDON DISLOCATION,6
NON-HODGKIN^S LYMPHOMA STAGE III,6
SMALL INTESTINE CARCINOMA METASTATIC,6
KERATOUVEITIS,6
DYSACUSIS,6
SPONTANEOUS RUPTURE OF MEMBRANES,6
LIPOMA EXCISION,6
STOMATITIS HAEMORRHAGIC,6
LEUKAEMIA IN REMISSION,6
CONGENITAL URETEROCELE,6
COLOBOMA,6
CONJUNCTIVAL CYST,6
LEPROMATOUS LEPROSY,6
STRANGURY,6
NEUROENDOCRINE TUMOUR OF THE RECTUM,6
STREPTOBACILLUS INFECTION,6
CONJUNCTIVAL PALLOR,6
ANASTOMOTIC HAEMORRHAGE,6
CONJUNCTIVAL RETRACTION,6
SPLENIC CALCIFICATION,6
LEFT VENTRICULAR END-DIASTOLIC PRESSURE INCREASED,6
PLACENTAL INFARCTION,6
ANASTOMOTIC FISTULA,6
STRESS ULCER,6
CONTRACEPTIVE IMPLANT,6
SPONTANEOUS HYPHAEMA,6
COMA HEPATIC,6
VENTRICULAR ASSIST DEVICE INSERTION,6
CONGENITAL SKIN DIMPLES,6
CONGENITAL CORONARY ARTERY MALFORMATION,6
PLATELET DISTRIBUTION WIDTH INCREASED,6
LIGAMENTITIS,6
CONGENITAL GASTRIC ANOMALY,6
NEUROMUSCULAR PAIN,6
LIGAMENT CALCIFICATION,6
CONGENITAL ANISOCORIA,6
CONGENITAL ABSENCE OF BILE DUCTS,6
CONGENITAL INTESTINAL MALFORMATION,6
PLATELET PRODUCTION DECREASED,6
STAG HORN CALCULUS,6
COMPUTERISED TOMOGRAM ABDOMEN ABNORMAL,6
CONGENITAL MEGAURETER,6
COMPUTERISED TOMOGRAM,6
COMPULSIVE CHEEK BITING,6
CONGENITAL NYSTAGMUS,6
CONGENITAL PULMONARY AIRWAY MALFORMATION,6
COMPLEMENT FACTOR C4 INCREASED,6
PLASMODIUM FALCIPARUM INFECTION,6
LIVING ALONE,6
PLACENTA ACCRETA,6
PHRENIC NERVE INJURY,6
SPHINGOMONAS PAUCIMOBILIS INFECTION,6
CREATININE URINE ABNORMAL,6
LACRIMAL STRUCTURAL DISORDER,6
NEURECTOMY,6
SPEECH-LANGUAGE THERAPY,6
CHOROIDAL HAEMORRHAGE,6
CHOROIDAL DYSTROPHY,6
VERTEBROBASILAR ARTERY STENOSIS,6
CSF SHUNT OPERATION,6
CHORIORETINAL DISORDER,6
VERTEBROBASILAR INSUFFICIENCY,6
LUNG NEOPLASM SURGERY,6
VASCULAR DEVICE USER,6
POLIOMYELITIS,6
CULTURE STOOL POSITIVE,6
CUTANEOUS T-CELL LYMPHOMA REFRACTORY,6
CYCLIC NEUTROPENIA,6
SUPPORTIVE CARE,6
SMOOTH MUSCLE ANTIBODY POSITIVE,6
SMEGMA ACCUMULATION,6
CHRONIC LYMPHOCYTIC INFLAMMATION WITH PONTINE PERIVASCULAR ENHANCEMENT RESPONSIVE TO STEROIDS,6
VENTRICULAR REMODELLING,6
LDL/HDL RATIO INCREASED,6
CRANIAL SUTURES WIDENING,6
SUBACUTE HEPATIC FAILURE,6
VENTRICULAR DYSSYNCHRONY,6
SUBARACHNOID HAEMATOMA,6
PITUITARY TUMOUR RECURRENT,6
SPINAL STROKE,6
CORNEAL IMPLANT,6
LARYNGEAL NECROSIS,6
LARYNGEAL HAEMORRHAGE,6
SPINAL LIGAMENT OSSIFICATION,6
SUBDURAL ABSCESS,6
LOSS OF VISUAL CONTRAST SENSITIVITY,6
LARYNGEAL DYSPNOEA,6
PNEUMONIA MORAXELLA,6
VASCULAR RESISTANCE PULMONARY INCREASED,6
CILIARY BODY DISORDER,6
PINEOCYTOMA,6
COSTAL CARTILAGE FRACTURE,6
SPINAL CORD INJURY LUMBAR,6
CRANIAL NERVE DECOMPRESSION,6
SEPTUM PELLUCIDUM AGENESIS,6
INTRANASAL HYPOAESTHESIA,6
TESTOSTERONE DEFICIENCY SYNDROME,6
MENINGOENCEPHALITIS AMOEBIC,6
ADMINISTRATION SITE CELLULITIS,6
EYELID MYOCLONUS,6
VITH NERVE DISORDER,6
VOCAL CORD HAEMORRHAGE,6
EOSINOPHILIC OTITIS MEDIA,6
PERICARDITIS ADHESIVE,6
THYROIDITIS ACUTE,6
EPIGLOTTIS DYSFUNCTION,6
RUBELLA,6
MEDICAL DEVICE SITE PRURITUS,6
PERINEPHRIC COLLECTION,6
SALIVARY GLAND CYST,6
OCULAR SARCOIDOSIS,6
INFUSION SITE STREAKING,6
ORTHOSTATIC HEADACHE,6
BRONCHOSCOPIC LUNG VOLUME REDUCTION,6
ADRENAL CORTEX NECROSIS,6
FACIAL MYOKYMIA,6
ADJUSTMENT DISORDER WITH ANXIETY,6
FACTOR VIII DEFICIENCY,6
BRACHIAL PLEXUS INJURY,6
INJECTION SITE PHLEBITIS,6
INJECTION SITE MUSCLE ATROPHY,6
TONSILLAR ERYTHEMA,6
INCREASED LIVER STIFFNESS,6
ENDOSCOPY GASTROINTESTINAL,6
FAILURE TO ANASTOMOSE,6
INJECTION SITE JOINT INFECTION,6
MEDICAL DEVICE SITE ABSCESS,6
BURSA REMOVAL,6
ADRENAL INSUFFICIENCY NEONATAL,6
THYROID GLAND ABSCESS,6
ENTEROCOLITIS FUNGAL,6
ENTHESOPHYTE,6
BURN OF INTERNAL ORGANS,6
ERYTHEMA MIGRANS,6
MENINGOCOCCAL BACTERAEMIA,6
SCLERAL HAEMORRHAGE,6
REVASCULARISATION PROCEDURE,6
ADMINISTRATION SITE INDENTATION,6
INFERIOR VENA CAVAL OCCLUSION,6
MELANOSIS,6
PRECURSOR T-LYMPHOBLASTIC LYMPHOMA/LEUKAEMIA,6
EXPLORATORY OPERATION,6
MEMBRANOUS-LIKE GLOMERULOPATHY WITH MASKED IGG-KAPPA DEPOSITS,6
BRIEF PSYCHOTIC DISORDER WITH MARKED STRESSORS,6
EXPOSURE TO HOUSEHOLD CHEMICALS,6
ERYTHRODERMIC ATOPIC DERMATITIS,6
PERIHEPATIC DISCOMFORT,6
INFLAMMATORY CARCINOMA OF THE BREAST,6
APPLICATION SITE EXTRAVASATION,6
TONGUE ABSCESS,6
NECROBIOSIS,6
RHESUS ANTIBODIES POSITIVE,6
RHEUMATIC HEART DISEASE,6
EXCESSIVE EXERCISE,6
EXCESSIVE DYNAMIC AIRWAY COLLAPSE,6
PERICARDITIS LUPUS,6
PERINEAL ERYTHEMA,6
ERYTHROID DYSPLASIA,6
POST PROCEDURAL URINE LEAK,6
OCULAR RETROBULBAR HAEMORRHAGE,6
PREMATURE MENARCHE,6
INFECTIVE CORNEAL ULCER,6
TONGUE DYSPLASIA,6
ESCHERICHIA PERITONITIS,6
EYEGLASSES THERAPY,6
RIGHT VENTRICULAR SYSTOLIC PRESSURE DECREASED,6
VACCINATION SITE BRUISING,6
EYE PROSTHESIS INSERTION,6
EYE OPACITY,6
APPLICATION SITE INDURATION,6
INFUSION SITE HYPERTROPHY,6
ORTHOGNATHIC SURGERY,6
CALCIFICATION METASTATIC,6
TONSILLAR EXUDATE,6
BREAST PROSTHESIS REMOVAL,6
VAGINAL CANCER METASTATIC,6
APHAKIA,6
BONE NON-UNION,6
FELTY^S SYNDROME,6
SEMINOMA,6
VISUAL PERSEVERATION,6
CARCINOID HEART DISEASE,6
THORACOTOMY,6
MAYER-ROKITANSKY-KUSTER-HAUSER SYNDROME,6
THORACIC SPINAL STENOSIS,6
OESOPHAGEAL COMPRESSION,6
ALCOHOL DETOXIFICATION,6
ECHINOCOCCIASIS,6
INTENTIONAL REMOVAL OF DRUG DELIVERY SYSTEM BY PATIENT,6
NEOEHRLICHIOSIS,6
ALCOHOL PROBLEM,6
CARDIAC STEATOSIS,6
THORACIC CAVITY DRAINAGE,6
ALCOHOL TEST FALSE POSITIVE,6
PROCALCITONIN DECREASED,6
ELECTROCARDIOGRAM LOW VOLTAGE,6
ELECTROCARDIOGRAM J WAVE ABNORMAL,6
FIBRILLARY GLOMERULONEPHRITIS,6
FIBRIN DEGRADATION PRODUCTS INCREASED,6
FINE MOTOR DELAY,6
CARDIAC PACEMAKER REMOVAL,6
FIRST BITE SYNDROME,6
FLAP NECROSIS,6
ALCOHOLIC HANGOVER,6
AORTIC PERFORATION,6
SCROTAL HAEMORRHAGE,6
VULVAR EROSION,6
FEAR OF SURGERY,6
PERIPROSTHETIC METALLOSIS,6
OSTECTOMY,6
RENOVASCULAR HYPERTENSION,6
ADENOCARCINOMA OF APPENDIX,6
INCISION SITE VESICLES,6
TOTAL COMPLEMENT ACTIVITY DECREASED,6
PROCEDURAL PANCREATITIS,6
MESONEPHRIC DUCT CYST,6
AQUAGENIC PRURITUS,6
EAR LOBE INFECTION,6
CAMPTOCORMIA,6
SENILE OSTEOPOROSIS,6
AORTIC INJURY,6
ALICE IN WONDERLAND SYNDROME,6
CAMPYLOBACTER BACTERAEMIA,6
SCROTAL DISORDER,6
CANNABIS INTERACTION,6
POSTOPERATIVE RESPIRATORY DISTRESS,6
THROMBOSIS PROPHYLAXIS,6
ENCEPHALITIS FUNGAL,6
EMOTIONAL DISORDER OF CHILDHOOD,6
NUCLEATED RED CELLS,6
CAPNOCYTOPHAGA SEPSIS,6
CANCER WITH A HIGH TUMOUR MUTATIONAL BURDEN,6
VITAMIN A INCREASED,6
OESOPHAGEAL PAPILLOMA,5
ARTERIAL STIFFNESS,5
ARTERIAL BYPASS OPERATION,5
VASCULAR RESISTANCE SYSTEMIC,5
UTERINE HYPOTONUS,5
VASCULAR RESISTANCE SYSTEMIC DECREASED,5
OVARIAN RUPTURE,5
OPSOCLONUS,5
ANGIOSARCOMA RECURRENT,5
AUDITORY NERVE DISORDER,5
NEUTROPHIL MORPHOLOGY ABNORMAL,5
OVERWORK,5
VENTRICULAR FAILURE,5
PANCREATIC HAEMORRHAGE,5
ARTERIAL INSUFFICIENCY,5
ORAL HERPES ZOSTER,5
ARTERIAL PERFORATION,5
NEUTROPHIL PELGER-HUET ANOMALY PRESENT,5
ANEURYSM REPAIR,5
VASCULITIS GASTROINTESTINAL,5
NEURONE-SPECIFIC ENOLASE INCREASED,5
VULVAR DYSPLASIA,5
ABDOMINAL PANNICULECTOMY,5
NEUROTRANSMITTER LEVEL ALTERED,5
YELLOW NAIL SYNDROME,5
ORAL DYSPLASIA,5
WAIST CIRCUMFERENCE DECREASED,5
ANKLE IMPINGEMENT,5
OVERSENSING,5
ANEURYSMAL BONE CYST,5
X-RAY LIMB ABNORMAL,5
ABDOMINAL HERNIA INFECTION,5
VENTRICULAR ASYSTOLE,5
ACUTE GRAFT VERSUS HOST DISEASE ORAL,5
ARTERIAL FLOW VELOCITY DECREASED,5
ATRIAL APPENDAGE CLOSURE,5
OVARIAN CYST TORSION,5
VISUAL ANALOGUE SCALE,5
AORTOENTERIC FISTULA,5
AIRWAY SECRETION CLEARANCE THERAPY,5
ALVEOLAR LUNG DISEASE,5
VESTIBULITIS,5
UROSTOMY COMPLICATION,5
AMINO ACID METABOLISM DISORDER,5
OESOPHAGOGASTROSCOPY,5
VITAMIN B6 ABNORMAL,5
AMNIOCENTESIS ABNORMAL,5
VESSEL PUNCTURE SITE INJURY,5
ACCIDENTAL EXPOSURE TO PRODUCT BY ELDERLY PERSON,5
AEROCOCCUS URINAE INFECTION,5
ARTHROPOD SCRATCH,5
MYXOFIBROSARCOMA,5
ADVERSE EVENT FOLLOWING IMMUNISATION,5
AMNIORRHOEA,5
ACCESSORY SPLEEN,5
VAGINAL DYSPLASIA,5
PANCREATIC CALCIFICATION,5
WOUND EVISCERATION,5
ORBITAL HAEMORRHAGE,5
NEONATAL GASTROINTESTINAL HAEMORRHAGE,5
ORBITAL CYST,5
ALLERGIC EOSINOPHILIA,5
VAGINAL NEOPLASM,5
NEONATAL HYPONATRAEMIA,5
ALLERGIC BRONCHITIS,5
VAGINAL PH ABNORMAL,5
ASTHMA LATE ONSET,5
OMENTAL INFARCTION,5
ALLERGY TO SYNTHETIC FABRIC,5
ALCOHOLIC,5
NAIL ATROPHY,5
ASTHMA PROPHYLAXIS,5
NON-OBSTRUCTIVE CARDIOMYOPATHY,5
ALCOHOL TEST POSITIVE,5
VAGINAL STRICTURE,5
VIRAL CARDIOMYOPATHY,5
OBSESSIVE-COMPULSIVE PERSONALITY DISORDER,5
VACUUM EXTRACTOR DELIVERY,5
ANAL FUNGAL INFECTION,5
NERVE OEDEMA,5
ACQUIRED VON WILLEBRAND^S DISEASE,5
VASCULAR COGNITIVE IMPAIRMENT,5
VACCINATION SITE ABSCESS,5
VASCULAR COMPLICATION ASSOCIATED WITH DEVICE,5
ADMINISTRATION SITE ODOUR,5
ANTI-AQUAPORIN-4 ANTIBODY POSITIVE,5
ORTHODONTIC PROCEDURE,5
APPLICATION SITE CELLULITIS,5
NICOTINIC ACID DEFICIENCY,5
ANAESTHESIA ORAL,5
VERTEBRAL LATERAL RECESS STENOSIS,5
ARTERIOVENOUS FISTULA OCCLUSION,5
APPLICATION SITE ECZEMA,5
URINARY TRACT STOMA COMPLICATION,5
ACROSCLEROSIS,5
ORAL MUCOSA HAEMATOMA,5
OPHTHALMOLOGICAL EXAMINATION ABNORMAL,5
OTOSCLEROSIS,5
ADMINISTRATION SITE PAPULE,5
ACCELERATED IDIOVENTRICULAR RHYTHM,5
ATRIAL NATRIURETIC PEPTIDE INCREASED,5
NOCTURNAL HYPERTENSION,5
ANTIBODY TEST NEGATIVE,5
WELLENS^ SYNDROME,5
OESOPHAGITIS CHEMICAL,5
OTITIS EXTERNA FUNGAL,5
ADRENAL CYST,5
AMNIOTIC FLUID INDEX INCREASED,5
VACTERL SYNDROME,5
ARTHRITIS FUNGAL,5
AMPHETAMINES NEGATIVE,5
VACCINATION SITE WARMTH,5
VASCULAR ACCESS MALFUNCTION,5
AMPUTATION STUMP PAIN,5
ANTI-PLATELET ANTIBODY POSITIVE,5
VASCULAR ACCESS SITE HAEMATOMA,5
ANTI-HLA ANTIBODY TEST POSITIVE,5
ABSCESS OF EXTERNAL EAR,5
LUNG ADENOCARCINOMA STAGE I,5
INTRACRANIAL MENINGIOMA MALIGNANT,5
AURICULAR HAEMATOMA,5
DECIDUAL CAST,5
DIFFUSE LARGE B-CELL LYMPHOMA STAGE I,5
INTRATHECAL PUMP INSERTION,5
SHUNT THROMBOSIS,5
INTRANASAL PARAESTHESIA,5
DISSEMINATED LEISHMANIASIS,5
INTRACRANIAL VENOUS SINUS STENOSIS,5
DISSEMINATED SPOROTRICHOSIS,5
SHOULDER DEFORMITY,5
SHIGELLA INFECTION,5
SHIFT TO THE LEFT,5
SEXUAL ABSTINENCE,5
INTESTINAL VASCULAR DISORDER,5
INTESTINAL ULCER PERFORATION,5
POST PROCEDURAL MENINGITIS,5
DRUG METABOLISING ENZYME DECREASED,5
INTESTINAL MUCOSAL ATROPHY,5
DUODENAL ATRESIA,5
DIFFUSE AXONAL INJURY,5
POST CARDIAC ARREST SYNDROME,5
IODINE OVERLOAD,5
SKIN GRAFT INFECTION,5
DECREASED VENTRICULAR PRELOAD,5
DEHYDROEPIANDROSTERONE INCREASED,5
JOINT PROSTHESIS USER,5
JC VIRUS GRANULE CELL NEURONOPATHY,5
DERMATOFIBROSARCOMA PROTUBERANS,5
ISOSTHENURIA,5
DEVICE CAPTURING ISSUE,5
DEVICE EXTRUSION,5
POST ABORTION HAEMORRHAGE,5
ISCHAEMIC ENTERITIS,5
DEVICE INTERACTION,5
PORTAL SHUNT,5
PORTAL SHUNT PROCEDURE,5
IRIS DISCOLOURATION,5
POSITRON EMISSION TOMOGRAM,5
DIAPHRAGMATIC RUPTURE,5
POST STROKE DEPRESSION,5
INTERVERTEBRAL DISC CALCIFICATION,5
SEMEN VISCOSITY DECREASED,5
ENLARGED CLITORIS,5
END-TIDAL CO2 INCREASED,5
ENDOCARDITIS FIBROPLASTICA,5
SCLERAL THINNING,5
POSTPARTUM ANXIETY,5
ENDOMETRIAL CANCER STAGE I,5
ENDOMETRIAL STROMAL SARCOMA,5
SCAPHOCEPHALY,5
SARS-COV-2 VIRAEMIA,5
POSTOPERATIVE THORACIC PROCEDURE COMPLICATION,5
ENTERITIS NECROTICANS,5
ENZYME ACTIVITY INCREASED,5
SARCOMA UTERUS,5
POTASSIUM WASTING NEPHROPATHY,5
EOSINOPHILIC HEPATITIS,5
SALPINGO-OOPHORITIS,5
INHIBITING ANTIBODIES POSITIVE,5
ENCOPRESIS,5
SCROTAL DISCOMFORT,5
SEMEN VISCOSITY ABNORMAL,5
ELECTROCARDIOGRAM QRS COMPLEX,5
ECHOPRAXIA,5
POST VACCINATION SYNDROME,5
POST-ANOXIC MYOCLONUS,5
POST-TRAUMATIC AMNESTIC DISORDER,5
INTERMITTENT EXPLOSIVE DISORDER,5
ECZEMATOUS CHEILITIS,5
SECONDARY THROMBOCYTOSIS,5
POSTHAEMORRHAGIC HYDROCEPHALUS,5
POSTMENOPAUSE,5
ELECTROCARDIOGRAM ST SEGMENT,5
ELECTROCARDIOGRAM T WAVE BIPHASIC,5
SCROTAL INJURY,5
ELLIPTOCYTOSIS,5
SCROTAL EXFOLIATION,5
INSULIN THERAPY,5
EMPHYSEMATOUS PYELONEPHRITIS,5
DECOMPRESSIVE CRANIECTOMY,5
POLYMENORRHAGIA,5
LIVER CONTUSION,5
CYTOLOGY ABNORMAL,5
SQUAMOUS CELL CARCINOMA OF THE VAGINA,5
LICHEN MYXOEDEMATOSUS,5
PLATYPNOEA-ORTHODEOXIA SYNDROME,5
LEUKODYSTROPHY,5
SPONTANEOUS SUBDURAL HAEMATOMA,5
PLEURAL ADHESION,5
CONGENITAL TORTICOLLIS,5
SPONTANEOUS EJACULATION,5
CONJUNCTIVAL BLEB,5
CONJUNCTIVAL DEPOSIT,5
CONJUNCTIVAL DISCOLOURATION,5
LENTICULAR PIGMENTATION,5
SPLENIC NEOPLASM MALIGNANCY UNSPECIFIED,5
PLEURODESIS,5
CONJUNCTIVAL PRIMARY ACQUIRED MELANOSIS,5
PML/RAR ALPHA EXPRESSION,5
SPLENIC CANDIDIASIS,5
LIFE EXPECTANCY SHORTENED,5
STAPHYLOCOCCAL PHARYNGITIS,5
LIGAMENT LAXITY,5
STICKY PLATELET SYNDROME,5
COLLOID BRAIN CYST,5
COLON CANCER STAGE I,5
STOMAL VARICES,5
COLOUR VISION TESTS ABNORMAL,5
COMA ACIDOTIC,5
COMPULSIVE LIP BITING,5
STOMA SITE CANDIDA,5
LIP COSMETIC PROCEDURE,5
CONGENITAL HYDROCEPHALUS,5
CONGENITAL AORTIC ANOMALY,5
CONGENITAL ARTERIAL MALFORMATION,5
STERNAL INJURY,5
LIMB PROSTHESIS USER,5
CONGENITAL ECTOPIC BLADDER,5
STEATOBLEPHARON,5
CONGENITAL HAND MALFORMATION,5
SPLEEN PALPABLE,5
CONTINUOUS HAEMODIAFILTRATION,5
LEFT ATRIAL VOLUME INCREASED,5
SOFT TISSUE FOREIGN BODY,5
CRYOTHERAPY,5
SPEECH SOUND DISORDER,5
CRYSTAL URINE,5
SPECIFIC GRAVITY URINE DECREASED,5
LABELLED DRUG-ALCOHOL INTERACTION ISSUE,5
KORSAKOFF^S SYNDROME,5
KOEBNER PHENOMENON,5
CUTANEOUS SPOROTRICHOSIS,5
PNEUMONIA TOXOPLASMAL,5
CUTANEOUS T-CELL LYMPHOMA STAGE IV,5
CUTIS VERTICIS GYRATA,5
SNAKE BITE,5
KERATOSIS FOLLICULAR,5
SMALL INTESTINAL ULCER PERFORATION,5
CYSTOSCOPY ABNORMAL,5
CYTOGENETIC RESPONSE,5
SPERM CONCENTRATION ZERO,5
CRANIORACHISCHISIS,5
CONTRAINDICATION TO VACCINATION,5
SPINAL RETROLISTHESIS,5
CONUS MEDULLARIS SYNDROME,5
COOMBS INDIRECT TEST POSITIVE,5
LATERAL MEDULLARY SYNDROME,5
SPINAL SUPPORT,5
AUSCULTATION,5
SPINAL SHOCK,5
PNEUMONIA CHLAMYDIAL,5
LARYNGEAL NEOPLASM,5
CRANIAL NERVE INJURY,5
PNEUMONIA HERPES VIRAL,5
CORONARY ARTERY RESTENOSIS,5
CORONARY VEIN STENOSIS,5
CORTICAL DYSPLASIA,5
SPINAL CORD LIPOMA,5
SPINAL CORD ISCHAEMIA,5
COXSACKIE VIRAL INFECTION,5
POUCHITIS INFECTIVE,5
POVERTY,5
ROULEAUX FORMATION,5
PRE-EXISTING DISEASE,5
HYPOPHARYNGEAL CANCER,5
GLOTTAL INCOMPETENCE,5
QUADRANTANOPIA,5
HYPOKALAEMIC SYNDROME,5
GOTTRON^S PAPULES,5
HYPOCITRATURIA,5
GREY ZONE LYMPHOMA,5
PURPURA NON-THROMBOCYTOPENIC,5
PUNCTURE SITE PRURITUS,5
HAEMODIALYSIS COMPLICATION,5
PUNCTURE SITE INJURY,5
HAEMOPHILUS BACTERAEMIA,5
HAEMORRHAGIC HEPATIC CYST,5
HAEMOSIDERIN STAIN,5
PULMONARY VALVE DISEASE,5
"HALLUCINATION, SYNAESTHETIC",5
HAND-FOOT-GENITAL SYNDROME,5
PRODUCT PACKAGING COUNTERFEIT,5
RADIATION MUCOSITIS,5
GLOMERULAR FILTRATION RATE,5
HYSTEROSALPINGO-OOPHORECTOMY,5
GASTROSTOMY TUBE REMOVAL,5
REACTIVE INFECTIOUS MUCOCUTANEOUS ERUPTION,5
REACTIVE CAPILLARY ENDOTHELIAL PROLIFERATION,5
GENERAL PHYSICAL CONDITION NORMAL,5
RATHKE^S CLEFT CYST,5
GENITAL DYSAESTHESIA,5
IDIOPATHIC GENERALISED EPILEPSY,5
RASH PAPULOSQUAMOUS,5
GLIOSARCOMA,5
HYPOXIC ISCHAEMIC ENCEPHALOPATHY NEONATAL,5
RAPID CORRECTION OF HYPONATRAEMIA,5
GINGIVAL ATROPHY,5
RADICULOTOMY,5
GINGIVAL OEDEMA,5
HYPOSPLENISM,5
RADICAL CYSTECTOMY,5
PULMONARY RADIATION INJURY,5
PULMONARY OIL MICROEMBOLISM,5
HEAD DEFORMITY,5
HERPES SIMPLEX MENINGOENCEPHALITIS,5
HEPATOSPLENIC CANDIDIASIS,5
HUMAN PAPILLOMAVIRUS REACTIVATION,5
HEREDITARY MOTOR AND SENSORY NEUROPATHY,5
PSEUDOHYPOALDOSTERONISM,5
PROSTATIC ADENOMA,5
HUMAN CHORIONIC GONADOTROPIN DECREASED,5
HUERTHLE CELL CARCINOMA,5
HERPES SIMPLEX NECROTISING RETINOPATHY,5
HEPATITIS VIRAL TEST POSITIVE,5
PSEUDO-BARTTER SYNDROME,5
HETEROTAXIA,5
HOMOSEXUALITY,5
HIGH-PITCHED CRYING,5
HOLOPROSENCEPHALY,5
PROSTATIC VARICES,5
HISTIOCYTIC SARCOMA,5
HEPATOBILIARY CANCER,5
HEPATITIS CHRONIC ACTIVE,5
PULMONARY INTERSTITIAL EMPHYSEMA SYNDROME,5
HEPATIC ARTERY OCCLUSION,5
PROGESTERONE ABNORMAL,5
HEAVY METAL ABNORMAL,5
HEAVY METAL INCREASED,5
HEINZ BODIES,5
PROGRESSIVE EXTERNAL OPHTHALMOPLEGIA,5
HYPERKERATOSIS FOLLICULARIS ET PARAFOLLICULARIS,5
HYPERINSULINISM,5
HYPERCHYLOMICRONAEMIA,5
PROMISCUITY,5
PULMONARY ARTERIOVENOUS FISTULA,5
PULMONARY ARTERIAL PRESSURE DECREASED,5
HYPERBARIC OXYGEN THERAPY,5
HYPERANDROGENISM,5
PUDENDAL CANAL SYNDROME,5
HYPERALBUMINAEMIA,5
HEPATITIS C RNA,5
REACTIVE PERFORATING COLLAGENOSIS,5
GASTROOESOPHAGEAL HAEMORRHAGE,5
GASTROOESOPHAGEAL CANCER,5
INCREASED FOETAL MOVEMENTS,5
INFECTED INTESTINAL ULCER,5
FACTOR IX DEFICIENCY,5
FAECAL CALPROTECTIN,5
RETINAL PIGMENT EPITHELIOPATHY,5
FAECALURIA,5
FAILED IN VITRO FERTILISATION,5
FALLOPIAN TUBE ABSCESS,5
RETINAL LASER COAGULATION,5
EYELID TUMOUR,5
FAMILIAL TREMOR,5
RETINAL ARTERY THROMBOSIS,5
FASCIOTOMY,5
PRIMARY EFFUSION LYMPHOMA,5
FAT EMBOLISM SYNDROME,5
FATTY ACID DEFICIENCY,5
RETICULOCYTE HAEMOGLOBIN INCREASED,5
INFECTED SEROMA,5
EYELID SCAR,5
RETICULOCYTE COUNT ABNORMAL,5
EXPOSURE TO UNSPECIFIED AGENT,5
EUTHYROID SICK SYNDROME,5
EWING^S SARCOMA RECURRENT,5
PRECANCEROUS LESION EXCISION,5
PRECURSOR B-LYMPHOBLASTIC LYMPHOMA,5
PRECURSOR B-LYMPHOBLASTIC LYMPHOMA RECURRENT,5
EXHIBITIONISM,5
EXPOSURE KERATITIS,5
EXTERNAL AUDITORY CANAL ATRESIA,5
EYELID HAEMATOMA,5
EYE INFECTION INTRAOCULAR,5
EYE LUXATION,5
INFECTIVE KERATITIS,5
RETROPERITONEAL CANCER,5
EYELID ABRASION,5
INFECTIOUS IRIDOCYCLITIS,5
INFECTIOUS DISEASE CARRIER,5
INCISION SITE INFLAMMATION,5
FEMORAL ARTERY ANEURYSM,5
GASTROINTESTINAL MELANOMA,5
REFUSAL OF EXAMINATION,5
FONTANELLE BULGING,5
FOOT AND MOUTH DISEASE,5
FOREIGN BODY IN EAR,5
FRACTURE MALUNION,5
FUNGAL CYSTITIS,5
RENAL ARTERY ARTERIOSCLEROSIS,5
GALLBLADDER ATROPHY,5
REDUCED BLADDER CAPACITY,5
FOLLICULAR LYMPHOMA STAGE IV,5
RED BLOOD CELL COUNT,5
RED BLOOD CELL ANALYSIS ABNORMAL,5
IMMUNE TOLERANCE INDUCTION,5
RECTAL DYSPLASIA,5
RECTAL CANCER STAGE IV,5
GASTROINTESTINAL DYSPLASIA,5
ILIAC ARTERY PERFORATION,5
PRODUCT CAUGHT FIRE,5
RENAL PSEUDOANEURYSM,5
FEMORAL NERVE PALSY,5
IMPLANT SITE PRURITUS,5
FIBULA AGENESIS,5
FIGHT IN SCHOOL,5
FINGER REPAIR OPERATION,5
INABILITY TO CRAWL,5
RESPIRATORY DYSKINESIA,5
IMPLANTABLE DEFIBRILLATOR REPLACEMENT,5
RENIN DECREASED,5
FOETAL CARDIAC ARREST,5
RENAL REPLACEMENT THERAPY,5
RENAL VEIN COMPRESSION,5
FOETAL HEART RATE INCREASED,5
IMPLANT SITE INJURY,5
IMPLANT SITE INFLAMMATION,5
IMPLANT SITE FIBROSIS,5
IMPLANT SITE DISCOLOURATION,5
IMPLANT SITE DISCHARGE,5
LISTERIA ENCEPHALITIS,5
SPINAL SUBDURAL HAEMATOMA,5
COELIAC ARTERY STENOSIS,5
CARDIAC CIRRHOSIS,5
MONOCULAR VISION,5
TESTIS DISCOMFORT,5
CARDIOVASCULAR DECONDITIONING,5
PERISTALSIS VISIBLE,5
CARDIAC VALVE SCLEROSIS,5
BLADDER NEOPLASM SURGERY,5
PERIPORTAL FIBROSIS,5
MASTOCYTOMA,5
CARDIAC RESYNCHRONISATION THERAPY,5
PATIENT RESTRAINT,5
THERAPY NAIVE,5
THERMOHYPERAESTHESIA,5
MIXED OBSTRUCTIVE AND RESTRICTIVE LUNG DISEASE,5
MEDICAL DEVICE SITE INJURY,5
MIXED ADENONEUROENDOCRINE CARCINOMA,5
MAXILLOFACIAL SPACE INFECTION,5
CARCINOID TUMOUR OF THE GASTROINTESTINAL TRACT,5
BLOOD ALKALINE PHOSPHATASE,5
CARCINOEMBRYONIC ANTIGEN DECREASED,5
BLOOD ANDROSTENEDIONE INCREASED,5
MISOPHONIA,5
THROMBOLYSIS,5
CALCIUM METABOLISM DISORDER,5
MEDIASTINAL SHIFT,5
THYROGLOSSAL CYST,5
THYROID ADENOMA,5
CARNITINE DEFICIENCY,5
TROPONIN I ABNORMAL,5
TROUSSEAU^S SIGN,5
MANTLE CELL LYMPHOMA REFRACTORY,5
MAGNETIC RESONANCE IMAGING,5
CEREBELLAR HYPOPLASIA,5
PHARYNGEAL EXUDATE,5
BILIARY NEOPLASM,5
MAGNETIC RESONANCE IMAGING THORACIC ABNORMAL,5
TYMPANOPLASTY,5
TALIPES CORRECTION,5
MALACOPLAKIA GASTROINTESTINAL,5
CENTRAL NERVOUS SYSTEM BACTERIAL INFECTION,5
BIOPSY LIVER ABNORMAL,5
CELL MARKER DECREASED,5
CD4/CD8 RATIO INCREASED,5
CD4/CD8 RATIO DECREASED,5
TUMOUR FISTULISATION,5
CD19 LYMPHOCYTE COUNT ABNORMAL,5
TENDON NECROSIS,5
MALIGNANT NEOPLASM OF RENAL PELVIS,5
TENDON SHEATH DISORDER,5
BIOPSY SITE COMPLICATION,5
TENDON TRANSFER,5
CATHETER SITE DRYNESS,5
CATARACT DIABETIC,5
PERITUMOURAL OEDEMA,5
MANDIBULAR MASS,5
TESTICULAR FAILURE,5
MEDICAL DEVICE SITE DISCHARGE,5
BUNDLE BRANCH BLOCK BILATERAL,5
BILE OUTPUT ABNORMAL,5
TRACHEOBRONCHITIS VIRAL,5
PELVIC SEPSIS,5
BRAIN STENT INSERTION,5
MENSTRUAL HEADACHE,5
MENSTRUATION NORMAL,5
BRACHYCEPHALY,5
PERICARDIAL CALCIFICATION,5
MESENTERIC HAEMORRHAGE,5
BORRELIA INFECTION,5
TRACTION,5
METASTATIC UTERINE CANCER,5
MET GENE AMPLIFICATION,5
TOOTH DEVELOPMENT DISORDER,5
METASTATIC MESOTHELIOMA,5
BLOOD CATECHOLAMINES DECREASED,5
PENILE VASCULAR DISORDER,5
METANEPHRINE URINE INCREASED,5
METASTATIC BRONCHIAL CARCINOMA,5
BLOOD LUTEINISING HORMONE ABNORMAL,5
TORUS FRACTURE,5
TRACHEAL OEDEMA,5
TOTAL COMPLEMENT ACTIVITY INCREASED,5
BLOOD VISCOSITY ABNORMAL,5
BLOOD THYROID STIMULATING HORMONE,5
TOXIC GOITRE,5
METASTASES TO RECTUM,5
BLOOD PRESSURE ORTHOSTATIC ABNORMAL,5
PERICARDIAL MESOTHELIOMA MALIGNANT,5
BLOOD GROWTH HORMONE DECREASED,5
MICROCOCCUS INFECTION,5
BREAST HAEMATOMA,5
BRUCELLA TEST POSITIVE,5
BLOOD CHOLINESTERASE INCREASED,5
MEDICAL DEVICE SITE SCAR,5
BRONCHOPULMONARY DISEASE,5
THYROXINE ABNORMAL,5
BRONCHOALVEOLAR LAVAGE ABNORMAL,5
THYROXINE FREE ABNORMAL,5
BRONCHIAL OEDEMA,5
MICROSTOMIA,5
BRONCHIAL NEOPLASM,5
TISSUE IRRITATION,5
"BRIEF PSYCHOTIC DISORDER, WITH POSTPARTUM ONSET",5
TOBACCO INTERACTION,5
TRANSFUSION RELATED COMPLICATION,5
MICROSLEEP,5
BLOOD ERYTHROPOIETIN DECREASED,5
TOBACCO POISONING,5
TOBACCO USE DISORDER,5
MENINGIOMA MALIGNANT,5
BLOOD FIBRINOGEN ABNORMAL,5
TRANSFERRIN SATURATION,5
MENINGITIS ENTEROCOCCAL,5
TRANSFERRIN INCREASED,5
PERICARDITIS URAEMIC,5
BREAST OEDEMA,5
MUCOPOLYSACCHARIDOSIS II,5
PERIUMBILICAL ABSCESS,5
URETHRAL SPASM,5
URETERAL WALL THICKENING,5
CHRONIC TONSILLITIS,5
BASELINE FOETAL HEART RATE VARIABILITY DISORDER,5
BASOPHIL COUNT ABNORMAL,5
PINEALOBLASTOMA,5
BASOPHILIA,5
SWEAT GLAND DISORDER,5
CHEMOKINE INCREASED,5
UPPER RESPIRATORY TRACT IRRITATION,5
PARATONIA,5
CHEMICAL PERITONITIS,5
CIRCULATING ANTICOAGULANT POSITIVE,5
PHOBIA OF DRIVING,5
CHEMICAL BURN OF ORAL CAVITY,5
SUPERIMPOSED PRE-ECLAMPSIA,5
BACTERIAL TRACHEITIS,5
SWOLLEN JOINT COUNT ABNORMAL,5
SUBCONJUNCTIVAL FIBROSIS,5
PARAPHARYNGEAL SPACE INFECTION,5
AUTOMATISM,5
CHEST CRUSHING,5
CHRONIC PAPILLOMATOUS DERMATITIS,5
CERVIX OPERATION,5
LYMPHADENITIS BACTERIAL,5
LUNG HERNIA,5
CHORIOCARCINOMA,5
SUPERINFECTION FUNGAL,5
SUPERINFECTION VIRAL,5
LUNG CARCINOMA CELL TYPE UNSPECIFIED STAGE II,5
CHROMOPHOBE RENAL CELL CARCINOMA,5
URETERIC HAEMORRHAGE,5
PIK3CA RELATED OVERGROWTH SPECTRUM,5
URETERIC FISTULA,5
BASAL GANGLIA HAEMATOMA,5
CHOLESTEROSIS,5
CHOLERA,5
LUPUS PLEURISY,5
CHRONIC CHEEK BITING,5
URETHRAL CANCER,5
LUMBOSACRAL RADICULOPLEXUS NEUROPATHY,5
CHRONIC GRANULOMATOUS DISEASE,5
MUSCULOSKELETAL DEFORMITY,5
LYMPH NODE HAEMORRHAGE,5
AUTOIMMUNE UVEITIS,5
CHORIORETINAL FOLDS,5
PARANASAL SINUS MASS,5
BENIGN NEOPLASM OF SPINAL CORD,5
CEREBROVASCULAR STENOSIS,5
LYMPHOPLASMACYTOID LYMPHOMA/IMMUNOCYTOMA,5
STROKE IN EVOLUTION,5
LYSOSOMAL ACID LIPASE DEFICIENCY,5
SYPHILIS TEST POSITIVE,5
AUTOIMMUNE APLASTIC ANAEMIA,5
CEREBROSPINAL FLUID DRAINAGE,5
ULTRASOUND ANTENATAL SCREEN ABNORMAL,5
MACULAR DYSTROPHY CONGENITAL,5
MACULAR FIBROSIS,5
LIVER PALPABLE,5
CEREBRAL MICROINFARCTION,5
LIVER IRON CONCENTRATION INCREASED,5
MUCOSAL HYPERAEMIA,5
T-CELL LYMPHOCYTOSIS,5
CEREBRAL CAVERNOUS MALFORMATION,5
CEREBRAL ARTERITIS,5
CERVICAL FRIABILITY,5
SUBACUTE ENDOCARDITIS,5
CERVIX CARCINOMA STAGE IV,5
SUBCAPSULAR SPLENIC HAEMATOMA,5
PARIETAL LOBE EPILEPSY,5
SYMPHYSIOLYSIS,5
MYELOID MATURATION ARREST,5
BENIGN LYMPH NODE NEOPLASM,5
LOOSE ASSOCIATIONS,5
SUBACUTE INFLAMMATORY DEMYELINATING POLYNEUROPATHY,5
LYMPHOCYTIC OESOPHAGITIS,5
PENILE EXFOLIATION,4
RENAL ADENOMA,4
VULVOVAGINAL WARTS,4
URINARY ASCITES,4
PSTPIP1-ASSOCIATED MYELOID-RELATED PROTEINAEMIA INFLAMMATORY SYNDROME,4
RENAL TUBERCULOSIS,4
URETHRAL ABSCESS,4
ZOONOTIC BACTERIAL INFECTION,4
PROSTATE ABLATION,4
PROTEIN C DEFICIENCY,4
PROSTHESIS USER,4
WATER POLLUTION,4
PSEUDOCHOLELITHIASIS,4
UTERINE ABSCESS,4
URINARY TRACT SPASM,4
RENAL VESSEL CONGENITAL ANOMALY,4
TRANSAMINASES,4
RENAL HYPERTROPHY,4
TRANSCATHETER AORTIC VALVE IMPLANTATION,4
TRANSCATHETER ARTERIAL CHEMOEMBOLISATION,4
PSEUDOFRACTURE,4
PROSTATISM,4
RENAL PROCEDURAL COMPLICATION,4
URETHRAL OPERATION,4
URETHRAL REPAIR,4
ORONASAL FISTULA,4
PARASITE ALLERGY,4
RENAL VESSEL DISORDER,4
URINARY TRACT PROCEDURAL COMPLICATION,4
PENETRATING AORTIC ULCER,4
URINARY TRACT MALFORMATION,4
PSEUDOMENINGOCELE,4
YERSINIA TEST POSITIVE,4
PROCEDURAL HYPERTENSION,4
PROSTATIC UROTHELIAL CARCINOMA,4
UTERINE ATROPHY,4
TRACHEAL DILATION PROCEDURE,4
ULNAR DIMELIA,4
RECTAL CANCER STAGE III,4
TRANSGENDER OPERATION,4
URINE CANNABINOIDS INCREASED,4
TRIFASCICULAR BLOCK,4
URINE CALCIUM DECREASED,4
PARATRACHEAL LYMPHADENOPATHY,4
RADIATION SICKNESS SYNDROME,4
TRIGEMINO-CARDIAC REFLEX,4
RADIATION OEDEMA,4
PULMONARY HAEMORRHAGE NEONATAL,4
ORAL VIRAL INFECTION,4
PAO2/FIO2 RATIO DECREASED,4
TRIMETHYLAMINURIA,4
PULMONARY HAEMOSIDEROSIS,4
RADIAL NERVE INJURY,4
QUARANTINE,4
TUBAL RUPTURE,4
RESPIRATORY THERAPY,4
PELVIC GIRDLE PAIN,4
UMBILICAL ERYTHEMA,4
ORAL MUCOSAL SCAR,4
TUMOUR ABLATION,4
ULTRASOUND LIVER ABNORMAL,4
TUMOUR CAVITATION,4
PULMONARY OEDEMA NEONATAL,4
PAROTIDECTOMY,4
PULMONARY PNEUMATOCELE,4
TUMOUR NECROSIS FACTOR RECEPTOR-ASSOCIATED PERIODIC SYNDROME,4
PUNCTURE SITE OEDEMA,4
TURBINOPLASTY,4
PUNCTURE SITE INDURATION,4
PARTICLE THERAPY,4
PULMONARY SEQUESTRATION,4
PARADOXICAL MASSETER MUSCLE BULGING,4
UP AND DOWN PHENOMENON,4
PATIENT ISOLATION,4
URINE PROTEIN/CREATININE RATIO DECREASED,4
PSYCHOMOTOR DISADAPTATION SYNDROME,4
TRANSITIONAL CELL CANCER OF THE RENAL PELVIS AND URETER,4
WEIGHT DECREASE NEONATAL,4
RECTOSIGMOID CANCER METASTATIC,4
RECTAL PROLAPSE REPAIR,4
PROPHYLAXIS,4
PTERYGIUM OPERATION,4
WEIGHT LOSS DIET,4
PELVIC FLOOR REPAIR,4
TRANSMISSION OF AN INFECTIOUS AGENT VIA PRODUCT,4
PULMONARY VALVE REPLACEMENT,4
PUBERTAL FAILURE,4
TRAPEZIECTOMY,4
PELVIC DEFORMITY,4
TRAUMATIC DELIVERY,4
REBOUND ACID HYPERSECRETION,4
TRAUMATIC HEART INJURY,4
PARATHYROID SCAN ABNORMAL,4
PEAU D^ORANGE,4
REACTION TO FOOD ADDITIVE,4
TREMATODE INFECTION,4
TRI-IODOTHYRONINE ABNORMAL,4
WEST NILE VIRUS TEST POSITIVE,4
TRICHOMEGALY,4
TRICHOPHYTIC GRANULOMA,4
URINE SODIUM DECREASED,4
RAPID-ONSET DYSTONIA-PARKINSONISM,4
RADIOTHERAPY TO BONE,4
TRICUSPID VALVE STENOSIS,4
TOXOPLASMA SEROLOGY POSITIVE,4
SARCOMA OF SKIN,4
UTERINE FIBROSIS,4
SPHEROCYTIC ANAEMIA,4
SYSTEMIC CONTACT DERMATITIS,4
SOLID ORGAN TRANSPLANT REJECTION,4
VARICOSE ULCERATION,4
SOMATIC DELUSION,4
SOMATOSENSORY EVOKED POTENTIALS ABNORMAL,4
SOMNIPHOBIA,4
PHILADELPHIA POSITIVE CHRONIC MYELOID LEUKAEMIA,4
SYNKINESIS,4
SPIDER NAEVUS,4
PROCALCITONIN ABNORMAL,4
VERBIGERATION,4
SPINAL ANAESTHESIA,4
PHLYCTENULAR KERATOCONJUNCTIVITIS,4
SYDENHAM^S CHOREA,4
VASCULAR ACCESS SITE CELLULITIS,4
VENTRICULAR HYPERKINESIA,4
VASCULAR ACCESS SITE ERYTHEMA,4
OVARIAN DYSFUNCTION,4
PHARYNGEAL NEOPLASM,4
T-CELL LYMPHOMA REFRACTORY,4
VARICELLA KERATITIS,4
POLYMERASE CHAIN REACTION NEGATIVE,4
SHUNT STENOSIS,4
POST PROCEDURAL COMPLICATION CIRCULATORY,4
TERMINAL AGITATION,4
PERSISTENT FOETAL CIRCULATION,4
PERSONALITY CHANGE DUE TO A GENERAL MEDICAL CONDITION,4
SKIN ADHESION,4
TEMPOROMANDIBULAR JOINT SURGERY,4
TEAR DISCOLOURATION,4
SKIN TEMPERATURE,4
SKIN TEST NEGATIVE,4
SKULL BASE TUMOUR,4
POLYNEUROPATHY IDIOPATHIC PROGRESSIVE,4
PHARYNGEAL EROSION,4
VESSEL PERFORATION,4
SLEEP STUDY,4
SLEEP-RELATED HYPOVENTILATION,4
SMALL CELL LUNG CANCER RECURRENT,4
OVARIAN ENDOMETRIOID CARCINOMA,4
PHOTOPHERESIS,4
VASCULAR ACCESS SITE PRURITUS,4
SUBFASCIAL HAEMATOMA,4
STERILISATION,4
VELOPHARYNGEAL INCOMPETENCE,4
SUBDURAL EFFUSION,4
PITUITARY CYST,4
STERNOTOMY,4
STEROID ACTIVITY,4
VASCULAR RESISTANCE SYSTEMIC INCREASED,4
STERTOR,4
STOMA CARE,4
SUBARACHNOID HAEMORRHAGE NEONATAL,4
STOMA SITE CELLULITIS,4
STOMA SITE DERMATITIS,4
VASCULAR SKIN DISORDER,4
PLASMA CELLS INCREASED,4
STRICTUROPLASTY,4
PLANTAR FASCIAL FIBROMATOSIS,4
PLACENTAL TRANSFUSION SYNDROME,4
SUBDURAL HAEMORRHAGE NEONATAL,4
SUBGALEAL HAEMORRHAGE,4
SPINDLE CELL SARCOMA,4
VASCULAR RESISTANCE PULMONARY DECREASED,4
VASCULAR ACCESS SITE SCAR,4
PAGET^S DISEASE OF NIPPLE,4
SURFACTANT PROTEIN INCREASED,4
SPLEEN OPERATION,4
SPLENIC INFECTION,4
PIGMENT DISPERSION SYNDROME,4
VENOUS STENT INSERTION,4
SPLENIC INFECTION VIRAL,4
PLEURISY VIRAL,4
PLEURAL FISTULA,4
SPONDYLITIC MYELOPATHY,4
VENOUS HYPERTENSION,4
VENOUS ANGIOMA OF BRAIN,4
PLEOMORPHISM,4
PLATELETCRIT INCREASED,4
SPUTUM DECREASED,4
SUBRETINAL HYPERREFLECTIVE EXUDATION,4
PERITONECTOMY,4
SHOULDER GIRDLE PAIN,4
TESTICULAR NEOPLASM,4
PREMATURE BABY DEATH,4
PANCREATIC FIBROSIS,4
RHABDOMYOMA,4
RHEUMATOID FACTOR,4
UVEITIC GLAUCOMA,4
UVEITIS-GLAUCOMA-HYPHAEMA SYNDROME,4
RIGHT VENTRICULAR DIASTOLIC COLLAPSE,4
TONGUE ATROPHY,4
RIGHT VENTRICULAR SYSTOLIC PRESSURE,4
TOBACCO WITHDRAWAL SYMPTOMS,4
POVERTY OF THOUGHT CONTENT,4
ORTHOSTATIC HEART RATE RESPONSE INCREASED,4
RUBULAVIRUS TEST POSITIVE,4
SACROILIAC FRACTURE,4
PERINEAL CYST,4
STRAWBERRY TONGUE,4
OSMOLAR GAP ABNORMAL,4
SARS-COV-2 TEST FALSE POSITIVE,4
RETROPERITONITIS,4
PERICARDIAL DRAINAGE,4
SCAPHOID ABDOMEN,4
OROPHARYNGEAL SURGERY,4
PRIMITIVE NEUROECTODERMAL TUMOUR,4
TOXICOLOGIC TEST ABNORMAL,4
VULVECTOMY,4
VULVAL CELLULITIS,4
TOTAL CHOLESTEROL/HDL RATIO,4
PENILE PLAQUE,4
PENILE SQUAMOUS CELL CARCINOMA,4
UTERINE LEIOMYOSARCOMA,4
TOOTH PULP HAEMORRHAGE,4
VON WILLEBRAND^S FACTOR INHIBITION,4
PANCREATIC PSEUDOCYST RUPTURE,4
RETINAL PHOTOTOXICITY,4
TOOTH MALFORMATION,4
TOOTH DEMINERALISATION,4
TOOTH AGENESIS,4
PREPYLORIC STENOSIS,4
TONSILLAR ULCER,4
VACCINATION SITE MASS,4
POSTPOLYPECTOMY SYNDROME,4
TESTICULAR OPERATION,4
POST-TRAUMATIC HEADACHE,4
SELECTIVE IGG SUBCLASS DEFICIENCY,4
PERIPHERAL NERVE TRANSPOSITION,4
PERIPHERAL PULSE DECREASED,4
SELF ESTEEM INFLATED,4
PERIPHERAL T-CELL LYMPHOMA UNSPECIFIED RECURRENT,4
PERIPHERAL VASCULAR HAEMATOMA,4
VIRAL VECTOR SHEDDING,4
PERIPHERAL VEIN THROMBUS EXTENSION,4
SEPTIC ARTHRITIS STREPTOCOCCAL,4
SEPTIC RASH,4
SEROTONIN DEFICIENCY,4
THALASSAEMIA BETA,4
PANCREAS DIVISUM,4
SEVERE MYOCLONIC EPILEPSY OF INFANCY,4
SEX HORMONE BINDING GLOBULIN DECREASED,4
VIRAL LOAD DECREASED,4
SEXUAL RELATIONSHIP CHANGE,4
POST-TRAUMATIC EPILEPSY,4
PERIPHERAL NERVE NEUROSTIMULATION,4
SCAR EXCISION,4
POSTERIOR CORTICAL ATROPHY,4
PERINEPHRIC OEDEMA,4
SCHISTOSOMIASIS,4
SCHOOL REFUSAL,4
SCROTAL ANGIOKERATOMA,4
VAGINAL ADENOCARCINOMA,4
THYMOMA BENIGN,4
POSTINFARCTION ANGINA,4
THYMIC CYST,4
THYMIC CARCINOMA,4
SCROTAL INFLAMMATION,4
THROMBOANGIITIS OBLITERANS,4
SCROTAL MASS,4
SCROTUM EROSION,4
SCRUB TYPHUS,4
SECONDARY ALDOSTERONISM,4
PERIPHERAL NERVE INFECTION,4
POSTERIOR FOSSA DECOMPRESSION,4
PROTEIN ALBUMIN RATIO INCREASED,4
ZOSTER SINE HERPETE,4
ELECTROMYOGRAM ABNORMAL,4
CSWS SYNDROME,4
CORONAVIRUS TEST,4
MENINGITIS STAPHYLOCOCCAL,4
CORPORAL INJURY,4
CORPUS CALLOSOTOMY,4
CORTISOL FREE URINE INCREASED,4
CRAMP-FASCICULATION SYNDROME,4
CRANIOPLASTY,4
MENINGIOMA SURGERY,4
CRYPTOGENIC CIRRHOSIS,4
CUTANEOUS AMYLOIDOSIS,4
CONE-ROD DYSTROPHY,4
CYCLOSPORIDIUM INFECTION,4
CYST DRAINAGE,4
CYSTIC FIBROSIS CARRIER,4
CYSTIC FIBROSIS HEPATIC DISEASE,4
CYTOMEGALOVIRUS NEPHRITIS,4
DACRYOSTENOSIS CONGENITAL,4
MEDICAL DEVICE SITE ODOUR,4
DEATH OF COMPANION,4
DEEP TISSUE INJURY,4
CORONARY ARTERY INSUFFICIENCY,4
CORNEAL LEUKOMA,4
CORNEAL LACERATION,4
CORNEAL ENDOTHELIAL CELL LOSS,4
METASTASES TO FALLOPIAN TUBE,4
CONGENITAL CHOROID PLEXUS CYST,4
CONGENITAL GENITAL MALFORMATION,4
CONGENITAL HORNER^S SYNDROME,4
CONGENITAL INTESTINAL OBSTRUCTION,4
CONGENITAL JAW MALFORMATION,4
CONGENITAL KNEE DISLOCATION,4
CONGENITAL MYOPIA,4
CONGENITAL SMALL INTESTINAL ATRESIA,4
MESENTERITIS,4
MESENTERIC CYST,4
MESENTERIC ARTERY EMBOLISM,4
CONGENITAL UTERINE ANOMALY,4
MESENTERIC ABSCESS,4
CONJUNCTIVAL MELANOMA,4
CONJUNCTIVAL PIGMENTATION,4
CONJUNCTIVOCHALASIS,4
MENISCUS REMOVAL,4
CONSTRICTED AFFECT,4
DEFICIENCY ANAEMIA,4
DELAYED DARK ADAPTATION,4
DELAYED ENGRAFTMENT,4
DOUBLE HIT LYMPHOMA,4
DOUGLAS^ ABSCESS,4
MATERNAL ALCOHOL USE,4
MASTOID EFFUSION,4
DYSTROPHIC CALCIFICATION,4
MASTITIS FUNGAL,4
EAR DEFORMITY ACQUIRED,4
EAR TUBE REMOVAL,4
ECHOCARDIOGRAM,4
ECTOPIC GASTRIC MUCOSA,4
ECTOPIC PREGNANCY UNDER HORMONAL CONTRACEPTION,4
ECTROPION OF CERVIX,4
ELECTROCARDIOGRAM QT INTERVAL NORMAL,4
ELECTROCONVULSIVE THERAPY,4
MANUFACTURING PRODUCTION ISSUE,4
ELECTROENCEPHALOGRAM,4
MANUFACTURING PRODUCT STORAGE ISSUE,4
ELSCHNIG^S BODIES,4
ENDOBRONCHIAL VALVE IMPLANTATION,4
ENDOCARDIAL DISEASE,4
DOUBLE OUTLET LEFT VENTRICLE,4
DIVERTICULUM OESOPHAGEAL,4
"DELUSIONAL DISORDER, MIXED TYPE",4
DISSOCIATIVE IDENTITY DISORDER,4
DENTAL PARAESTHESIA,4
DENTAL SEPSIS,4
DEPRESCRIBING ERROR,4
DERAILMENT,4
DERMATOLOGIC EXAMINATION ABNORMAL,4
DERMATOPOROSIS,4
DEVICE DEPENDENCE,4
DEVICE PACING ISSUE,4
DEVICE-DEVICE INCOMPATIBILITY,4
MEDIASTINAL LYMPHADENECTOMY,4
DIABETIC KETOACIDOTIC HYPERGLYCAEMIC COMA,4
MEDIASTINAL FIBROSIS,4
DIAPHRAGMATIC INJURY,4
DIFFUSION-WEIGHTED BRAIN MRI ABNORMAL,4
DIGESTIVE ENZYME ABNORMAL,4
DISRUPTION OF THE PHOTORECEPTOR INNER SEGMENT-OUTER SEGMENT,4
MEASLES POST VACCINE,4
DISSEMINATED INTRAVASCULAR COAGULATION IN NEWBORN,4
DISSEMINATED VARICELLA ZOSTER VACCINE VIRUS INFECTION,4
METASTASES TO MOUTH,4
COMPUTERISED TOMOGRAM THORAX,4
ENDOCRINE NEOPLASM,4
CARCINOID TUMOUR OF THE SMALL BOWEL,4
MYECTOMY,4
BRONCHIAL ATRESIA,4
BULLOUS ERYSIPELAS,4
MUSCULOSKELETAL FOREIGN BODY,4
BURSA INJURY,4
C-TELOPEPTIDE DECREASED,4
CAFE AU LAIT SPOTS,4
CALCIFICATION OF MUSCLE,4
CALCULUS URETHRAL,4
CARCINOID TUMOUR OF THE STOMACH,4
METASTASES TO PITUITARY GLAND,4
CARDIAC ARREST NEONATAL,4
MURINE TYPHUS,4
CARDIAC MYXOMA,4
MULTISYSTEM INFLAMMATORY SYNDROME IN CHILDREN,4
CARDIOLIPIN ANTIBODY POSITIVE,4
MULTI-VITAMIN DEFICIENCY,4
CARNITINE DECREASED,4
CAROTID ARTERIAL EMBOLUS,4
CARTILAGE GRAFT,4
BREATH SOUNDS ABSENT,4
BREAST PROSTHESIS USER,4
BRCA2 GENE MUTATION,4
MYELODYSPLASTIC SYNDROME/MYELOPROLIFERATIVE NEOPLASM OVERLAP SYNDROME,4
BLOOD LACTATE DEHYDROGENASE,4
MYXOID LIPOSARCOMA,4
BLOOD LOSS ANAEMIA NEONATAL,4
BLOOD POTASSIUM,4
MYOTONIC DYSTROPHY,4
BLOOD PRESSURE ORTHOSTATIC,4
BLOOD PROLACTIN,4
BODY SURFACE AREA DECREASED,4
BONE FORMATION INCREASED,4
BONE MARROW TUMOUR CELL INFILTRATION,4
BONE SARCOMA,4
BORDERLINE LEPROSY,4
BORDERLINE SEROUS TUMOUR OF OVARY,4
BOTULINUM TOXIN INJECTION,4
MYOCARDIAL NECROSIS MARKER DECREASED,4
BOVINE TUBERCULOSIS,4
BRACHIAL ARTERY ENTRAPMENT SYNDROME,4
BRACHIOCEPHALIC ARTERY OCCLUSION,4
MYELOMALACIA,4
CATECHOLAMINES URINE INCREASED,4
CATHETER SITE EROSION,4
CATHETER SITE EXFOLIATION,4
CHRONIC ACTINIC DERMATITIS,4
CHRONIC LYMPHOCYTIC LEUKAEMIA REFRACTORY,4
MITOCHONDRIAL DNA MUTATION,4
CHRONIC RIGHT VENTRICULAR FAILURE,4
MISSING DOSE RESPONSE RELATIONSHIP,4
CIRCULATING ANTICOAGULANT,4
COAGULATION FACTOR IX LEVEL DECREASED,4
COAGULATION FACTOR X LEVEL ABNORMAL,4
MICROPHTHALMOS,4
MICROGENIA,4
COLD DYSAESTHESIA,4
COLD SHOCK RESPONSE,4
COLONIC ANGIOECTASIA,4
COLORECTAL CANCER STAGE III,4
COMPLEMENT DEFICIENCY DISEASE,4
COMPLICATED FRACTURE,4
COMPLICATIONS OF TRANSPLANTED PANCREAS,4
COMPUTERISED TOMOGRAM EAR,4
COMPUTERISED TOMOGRAM KIDNEY ABNORMAL,4
METASTASES TO TESTICLE,4
CHRONIC ACTIVE EPSTEIN-BARR VIRUS INFECTION,4
CHROMOSOMAL DELETION,4
CATHETER SITE HYPERSENSITIVITY,4
CHOROID MELANOMA,4
CATHETER SITE NECROSIS,4
MUCOEPIDERMOID CARCINOMA,4
CD30 EXPRESSION,4
CD8 LYMPHOCYTES INCREASED,4
MUCINOUS BREAST CARCINOMA,4
CELLULITIS GANGRENOUS,4
CENTRAL VENOUS PRESSURE INCREASED,4
MORBILLIVIRUS TEST POSITIVE,4
CEREBELLAR CYST,4
MONONUCLEOSIS HETEROPHILE TEST POSITIVE,4
CEREBELLAR ISCHAEMIA,4
MONONEURITIS,4
CEREBRAL ARTERIOVENOUS MALFORMATION HAEMORRHAGIC,4
CEREBRAL HAEMANGIOMA,4
CHEST WALL OPERATION,4
MIXED INCONTINENCE,4
CHILDHOOD ASTHMA,4
CHLAMYDIA TEST POSITIVE,4
CHOLESTATIC PRURITUS,4
ENDOCARDITIS Q FEVER,4
ENDOMETRIAL ATROPHY,4
BLOOD CREATINE PHOSPHOKINASE MB ABNORMAL,4
LARYNGEAL SQUAMOUS CELL CARCINOMA,4
HERPES SIMPLEX ANORECTAL,4
HERPES SIMPLEX MENINGITIS,4
HETEROGENEOUSLY DENSE BREASTS,4
HETEROPHORIA,4
HETEROPLASIA,4
HIGH GRADE B-CELL LYMPHOMA BURKITT-LIKE LYMPHOMA,4
HISTRIONIC PERSONALITY DISORDER,4
HIV ANTIBODY POSITIVE,4
LARYNGEAL TREMOR,4
HIV WASTING SYNDROME,4
HAEMORRHAGIC ARTERIOVENOUS MALFORMATION,4
LARYNGEAL HAEMATOMA,4
HUMAN HERPES VIRUS 8 TEST POSITIVE,4
HUMAN HERPESVIRUS 7 INFECTION,4
LARGE INTESTINAL ULCER PERFORATION,4
HYPERADRENALISM,4
HYPERGEUSIA,4
HYPERGLOBULINAEMIA,4
HYPERGLYCAEMIC UNCONSCIOUSNESS,4
HYPERGLYCINAEMIA,4
LE CELLS PRESENT,4
HERPES OESOPHAGITIS,4
HEREDITARY NEUROPATHIC AMYLOIDOSIS,4
HEREDITARY ATAXIA,4
HCOV-NL63 INFECTION,4
LEVATOR SYNDROME,4
HEARING AID THERAPY,4
HEART ALTERNATION,4
HEART BLOCK CONGENITAL,4
HELIOTROPE RASH,4
HEMIANOPIA HETERONYMOUS,4
LEUKAPHERESIS,4
HEPARIN-INDUCED THROMBOCYTOPENIA TEST,4
LEUCONOSTOC INFECTION,4
HEPATIC NEUROENDOCRINE TUMOUR,4
HEPATITIS B ANTIBODY ABNORMAL,4
HEPATITIS B ANTIBODY POSITIVE,4
HEPATITIS B DNA ASSAY POSITIVE,4
HEPATO-LENTICULAR DEGENERATION,4
HEPATOBLASTOMA,4
HEPATOJUGULAR REFLUX,4
HER2 MUTANT NON-SMALL CELL LUNG CANCER,4
HEREDITARY ANGIOEDEMA WITH C1 ESTERASE INHIBITOR DEFICIENCY,4
LACRIMAL HAEMORRHAGE,4
LACRIMAL GLAND ENLARGEMENT,4
HYPERPHOSPHATURIA,4
JOINT STABILISATION,4
JOINT IMPINGEMENT,4
INFECTIVE CHONDRITIS,4
INFECTIVE PERICARDIAL EFFUSION,4
INFUSION SITE DERMATITIS,4
JEJUNECTOMY,4
INJECTION SITE FIBROSIS,4
INJECTION SITE RECALL REACTION,4
INNER EAR OPERATION,4
INTERCHANGE OF VACCINE PRODUCTS,4
INTESTINAL GANGRENE,4
ISCHAEMIC CHOLECYSTITIS,4
INTESTINAL TRANSIT TIME ABNORMAL,4
INTESTINAL TRANSPLANT,4
INTESTINAL VARICES,4
INTESTINAL VARICES HAEMORRHAGE,4
INTRA-ABDOMINAL CALCIFICATION,4
INTRA-AORTIC BALLOON PLACEMENT,4
INTRAMYELINIC OEDEMA,4
INTRAPERICARDIAL THROMBOSIS,4
INFANTILE HAEMANGIOMA,4
INCISION SITE CELLULITIS,4
HYPERRESPONSIVE TO STIMULI,4
INADEQUATE LUBRICATION,4
HYPERTROPHY OF TONGUE PAPILLAE,4
LABOUR INDUCTION,4
HYPERVITAMINOSIS A,4
HYPOCHROMASIA,4
HYPOGLOSSAL NERVE DISORDER,4
HYPOGLOSSAL NERVE PARALYSIS,4
HYPONATRAEMIC ENCEPHALOPATHY,4
HYPOOSMOLAR STATE,4
HYPOTHYROID MYOPATHY,4
IGM NEPHROPATHY,4
ILEAL OPERATION,4
IMAGING PROCEDURE ABNORMAL,4
IMMUNOPARESIS,4
IMPERFORATE HYMEN,4
IMPLANT SITE EROSION,4
IMPLANT SITE IRRITATION,4
IMPLANT SITE NODULE,4
IMPLANT SITE PARAESTHESIA,4
IMPLANT SITE VESICLES,4
HAIR FOLLICLE TUMOUR BENIGN,4
HAEMORRHAGE FOETAL,4
ENDOMETRIAL CANCER STAGE II,4
FASCIAL RUPTURE,4
EXUDATIVE RETINOPATHY,4
EYELID CALCIFICATION,4
EYELID MYOKYMIA,4
MACULAR CYST,4
MACROSOMIA,4
FAECAL FAT INCREASED,4
MACROANGIOPATHY,4
FALSE NEGATIVE PREGNANCY TEST,4
FASCIAL OPERATION,4
FEMORAL HERNIA,4
HAEMOPHILIA A WITHOUT INHIBITORS,4
FEMOROACETABULAR IMPINGEMENT,4
FIBRIN D DIMER,4
LYMPHOCYTE STIMULATION TEST POSITIVE,4
FLAIL CHEST,4
FLAT ANTERIOR CHAMBER OF EYE,4
FLIGHT OF IDEAS,4
FLOPPY IRIS SYNDROME,4
FLUID INTAKE RESTRICTION,4
LYMPHANGIOPATHY,4
EXTUBATION,4
EXTERNAL EAR INFLAMMATION,4
EXTERNAL EAR CELLULITIS,4
MALIGNANT ANORECTAL NEOPLASM,4
ENDOSCOPY UPPER GASTROINTESTINAL TRACT,4
ENHANCED RESPIRATORY DISEASE,4
MALIGNANT OLIGODENDROGLIOMA,4
ENTEROPATHY-ASSOCIATED T-CELL LYMPHOMA,4
ENTERORRHAPHY,4
EOSINOPHIL COUNT NORMAL,4
MALIGNANT NEOPLASM OF CONJUNCTIVA,4
EOSINOPHILIC CYSTITIS,4
EPIDURAL ANAESTHESIA,4
EPIDURAL HAEMORRHAGE,4
EPILEPTIC PSYCHOSIS,4
MALIGNANT MELANOMA STAGE II,4
EPIPHYSEAL DISORDER,4
EPIPHYSES DELAYED FUSION,4
ERYTHEMA ELEVATUM DIUTINUM,4
ERYTHROBLAST COUNT INCREASED,4
ERYTHROSIS,4
EXAGGERATED STARTLE RESPONSE,4
MALIGNANT BILIARY OBSTRUCTION,4
FOETAL MALPRESENTATION,4
FOETAL METHOTREXATE SYNDROME,4
FOETAL MOVEMENT DISORDER,4
GENITAL PROLAPSE,4
GERM CELL CANCER METASTATIC,4
LIVER SARCOIDOSIS,4
GIANT CELL TUMOUR OF TENDON SHEATH,4
LISTERAEMIA,4
GLAUCOMA DRAINAGE DEVICE EXPOSURE,4
GLIONEURONAL TUMOUR,4
GLOSSECTOMY,4
LIPOPROTEIN ABNORMAL,4
LIPOPROTEIN (A) ABNORMAL,4
GLUCOSE TOLERANCE INCREASED,4
GLYCATED ALBUMIN INCREASED,4
GRADENIGO^S SYNDROME,4
GRAFT DELAMINATION,4
GRANULAR CELL TUMOUR,4
GREY MATTER HETEROTOPIA,4
GROWING TERATOMA SYNDROME,4
HAEMANGIOMA-THROMBOCYTOPENIA SYNDROME,4
HAEMATOCRIT,4
HAEMODILUTION,4
LIVER-KIDNEY MICROSOMAL ANTIBODY POSITIVE,4
GASTROSCHISIS,4
LYMPH NODE RUPTURE,4
LOSS OF CAR T-CELL PERSISTENCE,4
LYMPH NODE ABSCESS,4
FORCED VITAL CAPACITY ABNORMAL,4
FOVEAL REFLEX ABNORMAL,4
FRACTIONAL EXHALED NITRIC OXIDE ABNORMAL,4
FUNCTIONAL RESIDUAL CAPACITY INCREASED,4
FUNGAL MYOSITIS,4
FUSOBACTERIUM INFECTION,4
GALLBLADDER CANCER METASTATIC,4
GALLBLADDER CHOLESTEROLOSIS,4
GALLBLADDER EMPYEMA,4
GALLBLADDER MUCOCOELE,4
LUNG INDURATION,4
LUNG HYPOINFLATION,4
GARDNERELLA INFECTION,4
LUNG ADENOCARCINOMA STAGE II,4
GASTRIC NEUROENDOCRINE CARCINOMA,4
LOWER MOTOR NEURONE LESION,4
LOWER GASTROINTESTINAL PERFORATION,4
GASTRODUODENAL ARTERY ANEURYSM,4
BLOOD GLUCAGON INCREASED,4
CONGENITAL SYPHILIS,4
BAND NEUTROPHIL COUNT INCREASED,4
AMNIOTIC FLUID VOLUME INCREASED,4
ANKLE BRACHIAL INDEX DECREASED,4
BASDAI SCORE DECREASED,4
BIOPSY SITE UNSPECIFIED ABNORMAL,4
ACTINOMYCES TEST POSITIVE,4
AMNIOTIC BAND SYNDROME,4
APPENDIX CANCER METASTATIC,4
ACUTE HIV INFECTION,4
NEONATAL MULTI-ORGAN FAILURE,4
NATURAL KILLER-CELL LEUKAEMIA,4
NEUROGENIC COUGH,4
NEUROGENIC PULMONARY OEDEMA,4
ANGINA BULLOSA HAEMORRHAGICA,4
ADAMS-STOKES SYNDROME,4
ASPLENIA,4
APPLICATION SITE ALOPECIA,4
BENIGN BILIARY NEOPLASM,4
ACRAL OVERGROWTH,4
ACRAL LENTIGINOUS MELANOMA,4
OBSTRUCTED LABOUR,4
BASDAI SCORE,4
ACNE CONGLOBATA,4
ANTERIOR SEGMENT ISCHAEMIA,4
ACQUIRED C1 INHIBITOR DEFICIENCY,4
BAROTRAUMA,4
APOLIPOPROTEIN B DECREASED,4
ADMINISTRATION SITE SCAR,4
ANORECTAL STENOSIS,4
NATURAL KILLER CELL COUNT DECREASED,4
NEONATAL PULMONARY HYPERTENSION,4
APPENDICEAL MUCINOUS NEOPLASM,4
NATURAL KILLER CELL COUNT INCREASED,4
AMEGAKARYOCYTIC THROMBOCYTOPENIA,4
ACQUIRED MACROGLOSSIA,4
AESTHESIONEUROBLASTOMA,4
ACQUIRED PERFORATING DERMATOSIS,4
ACQUIRED PLAGIOCEPHALY,4
NOONAN SYNDROME,4
APPLICATION SITE ODOUR,4
OESOPHAGOMEDIASTINAL FISTULA,4
ARTHRITIS VIRAL,4
OESOPHAGEAL PROSTHESIS INSERTION,4
ANAESTHETIC COMPLICATION CARDIAC,4
ANAL SPASM,4
ADMINISTRATION SITE HAEMATOMA,4
BENIGN NEOPLASM OF ADRENAL GLAND,4
NEUROMYOTONIA,4
ANAESTHETIC COMPLICATION PULMONARY,4
NEONATAL ASPIRATION,4
BILIARY CIRRHOSIS,4
ANAL EROSION,4
ANAL CANCER METASTATIC,4
NEONATAL BACTERAEMIA,4
ADRENAL ATROPHY,4
BETA-2 GLYCOPROTEIN ANTIBODY POSITIVE,4
ANAL CANCER RECURRENT,4
BETA GLOBULIN DECREASED,4
OESOPHAGEAL SQUAMOUS CELL CARCINOMA,4
ARRHYTHMIA NEONATAL,4
ADJUSTED CALCIUM INCREASED,4
NEMATODIASIS,4
NEUROLOGICAL EXAMINATION NORMAL,4
OEDEMA DUE TO RENAL DISEASE,4
OESOPHAGITIS BACTERIAL,4
BILIARY ADENOMA,4
BILE OUTPUT DECREASED,4
BILE DUCT STENT REMOVAL,4
APPLICATION SITE PLAQUE,4
ADRENAL GLAND INJURY,4
ARCUS LIPOIDES,4
AMYGDALOTOMY,4
BILE DUCT CANCER RECURRENT,4
ANAEMIA HEINZ BODY,4
BILE DUCT ADENOCARCINOMA,4
OESOPHAGEAL VARICEAL LIGATION,4
ANALGESIC INTERVENTION SUPPORTIVE THERAPY,4
AIRWAY BURNS,4
OCULAR SURFACE SQUAMOUS NEOPLASIA,4
ACHROMOTRICHIA ACQUIRED,4
BARIUM IMPACTION,4
BLEPHARORRHAPHY,4
ABERRANT AORTIC ARCH,4
ANTI-GAD ANTIBODY POSITIVE,4
ANTIMICROBIAL SUSCEPTIBILITY TEST INTERMEDIATE,4
NODULAR VASCULITIS,4
NASAL CAVITY MASS,4
OCCUPATIONAL PROBLEM ENVIRONMENTAL,4
ABNORMAL LABOUR,4
BACTERIAL RHINITIS,4
BLAU SYNDROME,4
ABNORMAL PALMAR/PLANTAR CREASES,4
BLAST CELL COUNT DECREASED,4
NASAL MUCOSAL EROSION,4
BLOOD BROMIDE INCREASED,4
BLADDER TRANSITIONAL CELL CARCINOMA RECURRENT,4
ANTIVIRAL DRUG LEVEL BELOW THERAPEUTIC,4
AUTOIMMUNE CEREBELLAR ATAXIA,4
NARROW ANTERIOR CHAMBER ANGLE,4
ALLERGIC BRONCHOPULMONARY MYCOSIS,4
ANTIDEPRESSANT THERAPY,4
AXILLARY WEB SYNDROME,4
NIPPLE INFLAMMATION,4
AUTOMATIC BLADDER,4
ANTI-PLATELET FACTOR 4 ANTIBODY POSITIVE,4
ANTI-THYROID ANTIBODY DECREASED,4
OPTIC NERVE SHEATH MENINGIOMA,4
NIPPLE OEDEMA,4
BACILLUS TEST POSITIVE,4
ANTIBIOTIC ASSOCIATED COLITIS,4
ALLERGIC HEPATITIS,4
NOCARDIA TEST POSITIVE,4
ABDOMINAL MIGRAINE,4
ALLERGIC FUNGAL RHINOSINUSITIS,4
OPTIC NERVE INFARCTION,4
OPTIC NERVE HYPOPLASIA,4
ATROPHY OF GLOBE,4
NEUROMUSCULAR BLOCKING THERAPY,4
AORTO-OESOPHAGEAL FISTULA,4
NEUROCYSTICERCOSIS,4
ANTERIOR SEGMENT NEOVASCULARISATION,4
BALLISMUS,4
ALBUMIN URINE,4
ANTI B ANTIBODY POSITIVE,4
ALBUMIN GLOBULIN RATIO ABNORMAL,4
OCHRONOSIS,4
ANTI FACTOR IX ANTIBODY INCREASED,4
ALVEOLAR-ARTERIAL OXYGEN GRADIENT INCREASED,4
ALDOLASE INCREASED,4
ACANTHAMOEBA KERATITIS,4
BACTEROIDES TEST POSITIVE,4
BACTERIAL TOXAEMIA,4
BLADDER SPHINCTER ATONY,4
ANXIOLYTIC THERAPY,4
ANTI-ERYTHROCYTE ANTIBODY POSITIVE,4
GASTROINTESTINAL GANGRENE,3
GENITAL CONTUSION,3
VIRAL ABDOMINAL INFECTION,3
ALPHA 1 GLOBULIN INCREASED,3
GENERALISED ONSET NON-MOTOR SEIZURE,3
GASTROINTESTINAL EXAMINATION ABNORMAL,3
GAMING DISORDER,3
GASTRIC RESIDUAL INCREASED,3
GASTROINTESTINAL ULCER PERFORATION,3
GLAUCOMATOCYCLITIC CRISES,3
GASTROINTESTINAL STOMA NECROSIS,3
GASTROINTESTINAL TRACT MUCOSAL DISCOLOURATION,3
RADIATION RETINOPATHY,3
GASTROINTESTINAL ENDOSCOPIC THERAPY,3
GEMELLA INFECTION,3
GASTROLITHIASIS,3
REMOVAL OF FOREIGN BODY,3
RADIATION PROSTATITIS,3
GASTROSTOMY FAILURE,3
VERTEBRAL BODY REPLACEMENT,3
GAMMA-AMINOBUTYRATE AMINOTRANSFERASE INCREASED,3
GINGIVAL GRAFT,3
ANAESTHESIA PROCEDURE,3
GASTRIC ILEUS,3
RECTAL POLYPECTOMY,3
GERM CELL CANCER,3
ALVEOLAR CAPILLARY DYSPLASIA,3
RED BLOOD CELL MACROCYTES PRESENT,3
AMOEBIC COLITIS,3
VERY LOW DENSITY LIPOPROTEIN ABNORMAL,3
GASTROENTERITIS SHIGELLA,3
GASTRIC LAVAGE,3
GASTRIC INFARCTION,3
RAPIDLY PROGRESSIVE OSTEOARTHRITIS,3
GENITOURINARY OPERATION,3
GENITAL SCARRING,3
REFRACTORINESS TO PLATELET TRANSFUSION,3
ALPORT^S SYNDROME,3
GASTROINTESTINAL ANASTOMOTIC COMPLICATION,3
GESTATIONAL HYPERTHYROIDISM,3
GIANT CELL MYOCARDITIS,3
GENITAL HERPES ZOSTER,3
GASTRIC BYPASS REVERSAL,3
RED CELL FRAGMENTATION SYNDROME,3
VICTIM OF SPOUSAL ABUSE,3
RED BLOOD CELL ELLIPTOCYTES PRESENT,3
GINGIVAL HYPOPLASIA,3
GASTROINTESTINAL DISORDER CONGENITAL,3
ALVEOLAR BONE DEFECT,3
RENAL SYMPATHETIC NERVE ABLATION,3
RENAL AND PANCREAS TRANSPLANT REJECTION,3
RETINAL INFILTRATES,3
EXTRAMAMMARY PAGET^S DISEASE,3
EXTRANODAL MARGINAL ZONE B-CELL LYMPHOMA (MALT TYPE) RECURRENT,3
RHESUS INCOMPATIBILITY,3
EXTRANODAL MARGINAL ZONE B-CELL LYMPHOMA (MALT TYPE) STAGE IV,3
RHABDOMYOSARCOMA RECURRENT,3
EXTRAVASATION OF URINE,3
ANTI FACTOR X ACTIVITY INCREASED,3
VASCULAR GRAFT STENOSIS,3
REVERSE TRI-IODOTHYRONINE INCREASED,3
EYELASH HYPERPIGMENTATION,3
EYELASH THICKENING,3
RETROGRADE PORTAL VEIN FLOW,3
VASCULAR PARKINSONISM,3
RETIREMENT,3
EYELID SENSORY DISORDER,3
FACIAL COSMETIC PROCEDURE,3
FACIAL NERVE NEURITIS,3
FACTOR IX INHIBITION,3
FACTOR XIII DEFICIENCY,3
RETINAL TELANGIECTASIA,3
ANTERIOR DISPLACED ANUS,3
EXTERNAL EAR NEOPLASM MALIGNANT,3
ANTI-ERYTHROPOIETIN ANTIBODY POSITIVE,3
EXSANGUINATION,3
ROBERTS SYNDROME,3
SALIVARY GLAND MUCOCOELE,3
EPINEPHRINE DECREASED,3
EPINEPHRINE INCREASED,3
ANTI-INSULIN ANTIBODY INCREASED,3
EPIRETINAL MEMBRANE PEEL,3
EPSTEIN-BARR VIRUS ANTIGEN POSITIVE,3
VASCULAR ACCESS SITE THROMBOSIS,3
ERYTHROBLASTOSIS,3
VASCULAR CATHETERISATION,3
VASCULAR CAUTERISATION,3
RHINITIS ATROPHIC,3
RIGHT VENTRICULAR HYPERTENSION,3
EXERCISE ELECTROCARDIOGRAM ABNORMAL,3
EXERESIS,3
EXPANDED DISABILITY STATUS SCALE,3
RHUPUS SYNDROME,3
EXPOSURE TO BODY FLUID,3
EXPOSURE TO CONTAMINATED WATER,3
EXPOSURE TO NOISE,3
RHINOPHYMA,3
FALLOPIAN TUBE OPERATION,3
ANTERIOR CAPSULE OPACIFICATION,3
GALLBLADDER ADENOCARCINOMA,3
FALSE NEGATIVE RADIOISOTOPE INVESTIGATION RESULT,3
FOETAL BIOPHYSICAL PROFILE SCORE ABNORMAL,3
FOETAL DAMAGE,3
ANDROGENS INCREASED,3
VENOUS PERFORATION,3
ANASTOMOTIC OBSTRUCTION,3
GLOBOTRIAOSYLCERAMIDE,3
"FOLLICLE CENTRE LYMPHOMA, FOLLICULAR GRADE I, II, III STAGE IV",3
FOLLICULAR CYSTITIS,3
RENAL SCAN ABNORMAL,3
ANAPLASTIC LYMPHOMA KINASE GENE MUTATION,3
FOLLICULAR LYMPHOMA STAGE II,3
ANAPHYLACTOID SYNDROME OF PREGNANCY,3
FOLLICULITIS BARBAE,3
FORCED EXPIRATORY VOLUME,3
VENTRICULAR ENLARGEMENT,3
RENAL HYDROCELE,3
FRONTONASAL DYSPLASIA,3
FUNCTIONAL RESIDUAL CAPACITY DECREASED,3
VERTEBRAL ARTERY ANEURYSM,3
VERTEBRAL ARTERY THROMBOSIS,3
GALACTOSTASIS,3
FOETAL ACIDOSIS,3
ANEURYSM THROMBOSIS,3
REPRODUCTIVE TOXICITY,3
ANOGENITAL LICHEN PLANUS,3
FAMILIAL AMYLOIDOSIS,3
FASCIAL INFECTION,3
ANORECTAL ULCER,3
RETINAL ARTERY STENOSIS,3
FEAR OF WEIGHT GAIN,3
FEBRILE STATUS EPILEPTICUS,3
FEMALE GENITAL OPERATION,3
ANOPHTHALMOS,3
RESPIRATORY TRACT PROCEDURAL COMPLICATION,3
FGFR2 GENE MUTATION,3
REPRODUCTIVE TRACT PROCEDURAL COMPLICATION,3
RESPIRATORY SYNCYTIAL VIRUS IMMUNISATION,3
ANION GAP,3
RESPIRATORY RATE,3
FIDUCIAL MARKER PLACEMENT,3
FIRST DEGREE CHEMICAL BURN OF SKIN,3
ANGIOSCOPY,3
ANGIOIMMUNOBLASTIC T-CELL LYMPHOMA STAGE IV,3
ANGIOGRAM ABNORMAL,3
FLOATING PATELLA,3
VIRAL LOAD,3
BLOOD CARBON MONOXIDE INCREASED,3
GLOBULIN ABNORMAL,3
WITHDRAWAL ARRHYTHMIA,3
ILIAC VEIN OCCLUSION,3
PRODUCT DESICCANT ISSUE,3
WHITE BLOOD CELL MORPHOLOGY ABNORMAL,3
IMMUNE-COMPLEX MEMBRANOPROLIFERATIVE GLOMERULONEPHRITIS,3
WHITE BLOOD CELLS STOOL POSITIVE,3
ACQUIRED CARDIAC SEPTAL DEFECT,3
IMPETIGO HERPETIFORMIS,3
IMPLANT SITE ABSCESS,3
IMPLANT SITE CELLULITIS,3
IMPLANT SITE DEHISCENCE,3
ACINAR CELL CARCINOMA OF PANCREAS,3
PRIMARY CILIARY DYSKINESIA,3
PROCEDURE ABORTED,3
IMPLANT SITE WARMTH,3
IMPLANTABLE CARDIAC MONITOR REMOVAL,3
ACETONAEMIC VOMITING,3
INCARCERATED INCISIONAL HERNIA,3
PRION DISEASE,3
INCARCERATED UMBILICAL HERNIA,3
ACCIDENTAL USE OF PLACEBO,3
INCISION SITE RASH,3
INCISION SITE SEROMA,3
PRODUCT DOSAGE FORM CONFUSION,3
ACQUIRED GENERALISED LIPODYSTROPHY,3
ACQUIRED HYDROCELE,3
IDIOPATHIC CD4 LYMPHOCYTOPENIA,3
HYPERAESTHESIA EYE,3
HYPEREXPLEXIA,3
VULVA CYST,3
VULVAL OEDEMA,3
VULVOVAGINAL ADENOSIS,3
HYPERKALIURIA,3
PROGRESSIVE FACIAL HEMIATROPHY,3
ACUTE PHOSPHATE NEPHROPATHY,3
PROGESTERONE RECEPTOR ASSAY POSITIVE,3
HYPEROXALAEMIA,3
"ACUTE ENCEPHALITIS WITH REFRACTORY, REPETITIVE PARTIAL SEIZURES",3
HYPERPITUITARISM,3
ACUTE ALLOGRAFT NEPHROPATHY,3
WALLED-OFF PANCREATIC NECROSIS,3
ACROCHORDON EXCISION,3
HYPOARGININAEMIA,3
ACQUIRED POROKERATOSIS,3
HYPOLIPIDAEMIA,3
HYPOPLASTIC ANAEMIA,3
HYPOPLASTIC RIGHT HEART SYNDROME,3
HYPOTONIC URINARY BLADDER,3
PRIMARY HYPERTHYROIDISM,3
PRIMARY BREAST LYMPHOMA,3
VOYEURISM,3
5^NUCLEOTIDASE INCREASED,3
X-LINKED LYMPHOPROLIFERATIVE SYNDROME,3
POSTOPERATIVE CARE,3
INSTILLATION SITE SWELLING,3
INTERCEPTED WRONG PATIENT SELECTED,3
ABDOMINAL WALL OPERATION,3
POST STROKE SEIZURE,3
INTESTINAL LIPOMATOSIS,3
ABDOMINAL WALL NEOPLASM,3
ABDOMINAL WALL ANOMALY,3
ABDOMINAL INCARCERATED HERNIA,3
INTRA-ABDOMINAL VASCULAR INJURY,3
INCREASED VENTRICULAR AFTERLOAD,3
17-HYDROXYPROGESTERONE DECREASED,3
INTRACRANIAL HAEMORRHAGE NEONATAL,3
INTRACRANIAL LIPOMA,3
INTRAMAMMARY LYMPHADENOPATHY,3
INTRAOSSEOUS ACCESS PLACEMENT,3
ZOONOSIS,3
INTRATUMOURAL HAEMATOMA,3
POST POLIO SYNDROME,3
INTRAUTERINE CONTRACEPTION,3
IODINE DEFICIENCY,3
INJECTION SITE JOINT SWELLING,3
POSTRESUSCITATION ENCEPHALOPATHY,3
WRONG PRODUCT STORED,3
INGUINAL HERNIA STRANGULATED,3
INDETERMINATE TUBERCULOSIS TEST,3
INDUCED ABORTION FAILED,3
WOUND DECOMPOSITION,3
PRESENILE DEMENTIA,3
INFANTILE COLIC,3
ACARIASIS,3
INFECTED BUNION,3
INFECTION PROPHYLAXIS,3
ABORTION SPONTANEOUS INCOMPLETE,3
INFECTIVE IRITIS,3
ABORTION LATE,3
PREHYPERTENSION,3
PREGNANCY WITH INJECTABLE CONTRACEPTIVE,3
INFLUENZA A VIRUS TEST,3
INFRAPATELLAR FAT PAD INFLAMMATION,3
INFUSION SITE CYST,3
INFUSION SITE HYPERAESTHESIA,3
PREAURICULAR CYST,3
INFUSION SITE PALLOR,3
INFUSION SITE PLAQUE,3
INFUSION SITE PUSTULE,3
VTH NERVE INJURY,3
HYPER IGE SYNDROME,3
RADIATION MYELOPATHY,3
AIR-BORNE TRANSMISSION,3
PULMONARY VEIN STENOSIS,3
HAEMORRHOID INFECTION,3
HAMARTOMA,3
HAND-EYE COORDINATION IMPAIRED,3
PULMONARY RESIDUAL VOLUME INCREASED,3
HARVEY-BRADSHAW INDEX DECREASED,3
HCOV-HKU1 INFECTION,3
PULMONARY PHYSICAL EXAMINATION ABNORMAL,3
HEAD CIRCUMFERENCE ABNORMAL,3
VITAL CAPACITY ABNORMAL,3
VITAL DYE STAINING CORNEA PRESENT,3
PULMONARY ARTERY WALL HYPERTROPHY,3
HEART RATE NORMAL,3
HEAVY CHAIN DISEASE,3
AEROPHOBIA,3
AEROMONAS TEST POSITIVE,3
HEMICRANIA CONTINUA,3
ADULT T-CELL LYMPHOMA/LEUKAEMIA RECURRENT,3
HEMISPHERECTOMY,3
ADRENOGENITAL SYNDROME,3
HEPATIC CYST INFECTION,3
HEPATIC EMBOLISATION,3
ANTI-JC VIRUS ANTIBODY INDEX,3
ALCOHOL REHABILITATION,3
PUNCTURE SITE DISCOLOURATION,3
HAEMATOSALPINX,3
VIRAL MYELITIS,3
ALLERGIC PHARYNGITIS,3
GLUCAGONOMA,3
GLUCOSE URINE ABSENT,3
RADIAL HEAD DISLOCATION,3
PYOSTOMATITIS VEGETANS,3
PYOPNEUMOTHORAX,3
PYONEPHROSIS,3
PYODERMA STREPTOCOCCAL,3
GOOD SYNDROME,3
PYLORUS DILATATION,3
GOODPASTURE^S SYNDROME,3
PYELONEPHRITIS MYCOPLASMAL,3
ALKALOSIS HYPOCHLORAEMIC,3
ALKALINURIA,3
VISCERAL LARVA MIGRANS,3
GROUP B STREPTOCOCCUS NEONATAL SEPSIS,3
PURTSCHER RETINOPATHY,3
ALEXIA,3
VISCERAL OEDEMA,3
HAEMATOLOGY TEST NORMAL,3
HEPATIC HYPERTROPHY,3
ADRENAL INFARCTION,3
HYPER IGD SYNDROME,3
VOMITING PSYCHOGENIC,3
VOCAL CORD ATROPHY,3
VOCAL CORD CYST,3
PSEUDOBULBAR PALSY,3
HETEROCHROMIA IRIDIS,3
VOCAL CORD LEUKOPLAKIA,3
ADMINISTRATION SITE ABSCESS,3
ADENOVIRUS INTERSTITIAL NEPHRITIS,3
PROTEIN INTOLERANCE,3
VOLUME BLOOD,3
HIV TEST FALSE POSITIVE,3
PROTEIN C DECREASED,3
ADRENAL HAEMATOMA,3
HODGKIN^S DISEASE NODULAR SCLEROSIS,3
HOOKWORM INFECTION,3
HTLV-1 TEST POSITIVE,3
PROSTATIC DYSPLASIA,3
HUMAN CHORIONIC GONADOTROPIN POSITIVE,3
PROSTATE TENDERNESS,3
HUMAN HERPES VIRUS 6 SEROLOGY POSITIVE,3
ADENOSINE DEAMINASE INCREASED,3
PROSTATE CANCER STAGE I,3
HYALOSIS ASTEROID,3
ADMINISTRATION SITE HYPERSENSITIVITY,3
HERNIA CONGENITAL,3
PSEUDOHYPOGLYCAEMIA,3
ADMINISTRATION SITE INJURY,3
PULMONARY ARTERY DISSECTION,3
HEPATIC VASCULAR DISORDER,3
PUERPERAL INFECTION,3
VITAMIN E INCREASED,3
PUBERTY,3
PTOSIS REPAIR,3
HEPATITIS D RNA POSITIVE,3
HEPATITIS E ANTIBODY POSITIVE,3
PSYCHOLOGICAL FACTOR AFFECTING MEDICAL CONDITION,3
PSYCHOLOGICAL ABUSE,3
HEPATITIS SYPHILITIC,3
VITELLO-INTESTINAL DUCT REMNANT,3
HEPATOBILIARY INFECTION,3
HEPATOBILIARY SCAN ABNORMAL,3
PSEUDOXANTHOMA ELASTICUM,3
VITH NERVE PARESIS,3
HER2 POSITIVE COLORECTAL CANCER,3
HER2 POSITIVE GASTRIC CANCER,3
ADMINISTRATION SITE PHLEBITIS,3
ADMINISTRATION SITE MASS,3
HEREDITARY HAEMOCHROMATOSIS,3
VASCULAR ACCESS SITE RUPTURE,3
ANTINEUTROPHIL CYTOPLASMIC ANTIBODY DECREASED,3
EPILEPSY WITH MYOCLONIC-ATONIC SEIZURES,3
CARDIOPULMONARY EXERCISE TEST ABNORMAL,3
TANDEM GAIT TEST ABNORMAL,3
BILE DUCT CANCER STAGE IV,3
ULCERATIVE HYPERKERATOSIS,3
CEREBELLAR EMBOLISM,3
ULNAR NEURITIS,3
ULNAR TUNNEL SYNDROME,3
CEREBELLAR TONSILLAR ECTOPIA,3
BILATERAL BREAST BUDS,3
SYSTEMIC VIRAL INFECTION,3
CEREBRAL MICROEMBOLISM,3
CEREBRAL RADIATION INJURY,3
CEREBRAL SALT-WASTING SYNDROME,3
SYNOVIAL SARCOMA,3
CERVICAL CONISATION,3
SYMPATHECTOMY,3
CHAPLE SYNDROME,3
CHARGE SYNDROME,3
CHEILOSIS,3
CHEMOTHERAPEUTIC DRUG LEVEL ABOVE THERAPEUTIC,3
SWEAT GLAND EXCISION,3
ULTRASOUND BREAST ABNORMAL,3
CHEST X-RAY,3
CHILD-PUGH-TURCOTTE SCORE INCREASED,3
CENTRAL NERVOUS SYSTEM ABSCESS,3
TEAR BREAK UP TIME DECREASED,3
CEMENT EMBOLISM,3
TERM BABY,3
CARDIOVASCULAR FUNCTION TEST ABNORMAL,3
TUMOUR INFLAMMATION-ASSOCIATED NEUROTOXICITY,3
BIOPSY CERVIX,3
TESTICULAR MICROLITHIASIS,3
CAROTID BRUIT,3
TESTICULAR INJURY,3
CAROTID PULSE ABNORMAL,3
CAROTIDYNIA,3
BINGE DRINKING,3
CARTILAGE OPERATION,3
BILIRUBINURIA,3
BILIARY ASCITES,3
CATHETER SITE DEHISCENCE,3
TURBINECTOMY,3
BILIRUBIN CONJUGATED DECREASED,3
BILIARY TRACT INFECTION VIRAL,3
BILIARY ISCHAEMIA,3
CATHETER SITE OEDEMA,3
CATHETER SITE PARAESTHESIA,3
CATHETER SITE URTICARIA,3
CD19 ANTIGEN NEGATIVE,3
CD19 LYMPHOCYTES INCREASED,3
SURGICAL VASCULAR SHUNT,3
CHITOTRIOSIDASE INCREASED,3
SUPRAORBITAL NEURALGIA,3
STOMA SITE PRURITUS,3
STRESS POLYCYTHAEMIA,3
COAGULATION FACTOR XIII LEVEL DECREASED,3
COELIAC PLEXUS BLOCK,3
STREPTOCOCCAL BRONCHITIS,3
BENIGN ABDOMINAL NEOPLASM,3
BASE EXCESS INCREASED,3
STOOL PH INCREASED,3
COLONIC HAEMATOMA,3
COLORECTAL NEOPLASM,3
COLOSTOMY INFECTION,3
STOMA SITE POLYP,3
COAGULATION FACTOR VIII LEVEL INCREASED,3
COMA BLISTER,3
COMPENSATORY SWEATING,3
COMPLEMENT FACTOR INCREASED,3
BASAL CELL CARCINOMA METASTATIC,3
BARTTER^S SYNDROME,3
BARTONELLA TEST POSITIVE,3
COMPUTERISED TOMOGRAM HEAD ABNORMAL,3
URETERIC PERFORATION,3
COMPUTERISED TOMOGRAM PELVIS ABNORMAL,3
STITCH ABSCESS,3
UPPER AIRWAY RESISTANCE SYNDROME,3
STRUCK BY LIGHTNING,3
SUPERIOR VENA CAVA STENOSIS,3
SUBGALEAL HAEMATOMA,3
UMBILICAL GRANULOMA,3
UMBILICOPLASTY,3
UNDIFFERENTIATED NASOPHARYNGEAL CARCINOMA,3
UNDIFFERENTIATED SARCOMA,3
BENIGN NEOPLASM OF EYE,3
SUCRASE-ISOMALTASE DEFICIENCY,3
SUCCINYLACETONE INCREASED,3
BENIGN NEOPLASM OF BLADDER,3
CILIARY HYPERAEMIA,3
BENIGN GASTROINTESTINAL NEOPLASM,3
SUBENDOCARDIAL ISCHAEMIA,3
UPPER AIRWAY NECROSIS,3
BENIGN EAR NEOPLASM,3
SUBDIAPHRAGMATIC ABSCESS,3
CIRCULATORY FAILURE NEONATAL,3
CITROBACTER BACTERAEMIA,3
CITROBACTER TEST POSITIVE,3
SUBCLAVIAN VEIN STENOSIS,3
SUBCLAVIAN ARTERY THROMBOSIS,3
SUBCLAVIAN ARTERY ANEURYSM,3
CLINICAL DEATH,3
SUBACUTE PANCREATITIS,3
BIOPSY PROSTATE ABNORMAL,3
CARDIOMYOPATHY NEONATAL,3
URETHRAL FISTULA,3
THECAL SAC COMPRESSION,3
BLOOD SELENIUM DECREASED,3
TOXIC CATARACT,3
BLOODBORNE INFECTION,3
BODY MASS INDEX,3
BLEPHAROKERATOCONJUNCTIVITIS,3
BONE DEBRIDEMENT,3
BONE DENSITOMETRY,3
BONE HYPERPIGMENTATION,3
BONE MARROW PLASMACYTE COUNT INCREASED,3
TRENDELENBURG^S SYMPTOM,3
BLEPHARAL PAPILLOMA,3
TRICHODYNIA,3
BLADDER TRANSITIONAL CELL CARCINOMA STAGE III,3
BLADDER STENOSIS,3
BRACHYTHERAPY,3
TONSILLAR CYST,3
BRACHYTHERAPY TO PROSTATE,3
BRAIN STEM ISCHAEMIA,3
TONGUE PIGMENTATION,3
TRICUSPID VALVE REPAIR,3
TONGUE OPERATION,3
BLADDER POLYPECTOMY,3
BREAST ANGIOSARCOMA,3
BLOOD PRESSURE SYSTOLIC INSPIRATORY DECREASED,3
BLOOD PRESSURE SYSTOLIC,3
BLOOD PRESSURE ORTHOSTATIC INCREASED,3
TRAUMATIC ARTHROPATHY,3
BLOOD ERYTHROPOIETIN INCREASED,3
BLOOD FOLATE ABNORMAL,3
BLOOD BICARBONATE ABNORMAL,3
BLOOD GLUCOSE NORMAL,3
TRANSAMINASES DECREASED,3
TRANS-SEXUALISM,3
BLOOD IMMUNOGLOBULIN A ABNORMAL,3
TRACHEOBRONCHITIS BACTERIAL,3
BLOOD IRON,3
BLOOD KETONE BODY DECREASED,3
BLOOD ARSENIC INCREASED,3
BLINDNESS CONGENITAL,3
TRACHEAL ULCER,3
TRAUMATIC RENAL INJURY,3
TRACHEAL RESECTION,3
BLOOD PH ABNORMAL,3
TRAUMATIC ULCER,3
BLOOD PRESSURE AMBULATORY DECREASED,3
BLOOD PRESSURE AMBULATORY INCREASED,3
BLOOD PRESSURE DIASTOLIC,3
TRACHEAL CANCER,3
TRACHEAL ASPIRATION PROCEDURE,3
TONGUE HAEMATOMA,3
BREAST DISORDER MALE,3
BLADDER CATHETER REPLACEMENT,3
CARCINOMA IN SITU OF PENIS,3
THYROID DYSFUNCTION IN PREGNANCY,3
BIRDSHOT CHORIORETINOPATHY,3
TUBERCULID,3
CADASIL,3
TUBERCULIN TEST,3
TUBERCULOID LEPROSY,3
THROMBOMODULIN INCREASED,3
THROMBOCYTOPENIA-ABSENT RADIUS SYNDROME,3
CARBOHYDRATE METABOLISM DISORDER,3
TUBERCULOMA OF CENTRAL NERVOUS SYSTEM,3
BIOPSY UTERUS,3
THYROID GLAND INJURY,3
TUBERCULOSIS LIVER,3
CARDIAC ASTHMA,3
CARDIAC AUTONOMIC NEUROPATHY,3
THERMOHYPOAESTHESIA,3
CARDIAC INDEX DECREASED,3
CARDIAC MASSAGE,3
TUBERCULOUS TENOSYNOVITIS,3
CARDIAC NEOPLASM MALIGNANT,3
CARDIAC STRESS TEST,3
CARDIAC VALVE REPLACEMENT COMPLICATION,3
BURNS FOURTH DEGREE,3
THYROID GLAND SCAN ABNORMAL,3
TONGUE CARCINOMA STAGE 0,3
TIGHT HAMSTRING SYNDROME,3
TRISOMY 9,3
BREATHING-RELATED SLEEP DISORDER,3
BRENNER TUMOUR,3
BREVIBACTERIUM INFECTION,3
TROPONIN,3
BROMHIDROSIS,3
TISSUE DISCOLOURATION,3
BRONCHIAL ASPIRATION PROCEDURE,3
BISEXUALITY,3
BRONCHIAL INJURY,3
TICK REMOVAL,3
BURKITT^S LYMPHOMA STAGE II,3
BRONCHITIS FUNGAL,3
BRONCHOGENIC CYST,3
BRONCHOPLASTY,3
THYROIDITIS CHRONIC,3
TROPONIN T,3
BURKHOLDERIA INFECTION,3
THYROID STIMULATING IMMUNOGLOBULIN,3
BURKITT^S LEUKAEMIA,3
TRUNK INJURY,3
BURKITT^S LYMPHOMA STAGE I,3
URETHRAL BULKING AGENT INJECTION,3
CONFIRMED E-CIGARETTE OR VAPING PRODUCT USE ASSOCIATED LUNG INJURY,3
EPILEPSY SURGERY,3
ARTERIAL REVASCULARISATION,3
DOUBLE URETER,3
DRESSLER^S SYNDROME,3
DRUG DELIVERY DEVICE PLACEMENT,3
SERUM SEROTONIN DECREASED,3
SERUM PROCOLLAGEN TYPE I N-TERMINAL PROPEPTIDE DECREASED,3
DRUG LEVEL THERAPEUTIC,3
SERRATIA TEST POSITIVE,3
SERPENTINE SUPRAVENOUS HYPERPIGMENTATION,3
DRUG TROUGH LEVEL,3
DRUG-DEVICE INCOMPATIBILITY,3
SEPTIC VASCULITIS,3
DUODENAL VASCULAR ECTASIA,3
DURAL TEAR,3
VACCINATION SITE VESICLES,3
DYSKINESIA OESOPHAGEAL,3
DYSMEGAKARYOPOIESIS,3
VACCINE INDUCED ANTIBODY ABSENT,3
EALES^ DISEASE,3
EAR CANAL STENOSIS,3
APOLIPOPROTEIN B INCREASED,3
APNOEA TEST ABNORMAL,3
SENSE OF A FORESHORTENED FUTURE,3
ECCRINE CARCINOMA,3
DOUBLE OUTLET RIGHT VENTRICLE,3
VACCINATION SITE INDURATION,3
SEX HORMONE BINDING GLOBULIN INCREASED,3
DIPLACUSIS,3
DIABETIC AUTONOMIC NEUROPATHY,3
DIABETIC END STAGE RENAL DISEASE,3
DIABETIC GLAUCOMA,3
UTERINE HYPOPLASIA,3
ARGYRIA,3
DIALYSIS DEVICE INSERTION,3
DIASTEMA,3
DIFFUSE LARGE B-CELL LYMPHOMA STAGE III,3
UTERINE LEIOMYOMA CALCIFICATION,3
DILATED PORES,3
DISEASE PRODROMAL STAGE,3
DOUBLE INLET LEFT VENTRICLE,3
SIALOMETAPLASIA,3
APPLICATION SITE PERSPIRATION,3
APPLICATION SITE NODULE,3
SHUNT ANEURYSM,3
APPLICATION SITE MACULE,3
UVULA DEVIATION,3
DIVERSION PROCTITIS,3
DOOR SYNDROME,3
DORSAL ROOT GANGLIONOPATHY,3
VACCINATION SITE CELLULITIS,3
VAGINAL CUFF DEHISCENCE,3
APHERESIS,3
APGAR SCORE ABNORMAL,3
ENTEROCELE,3
VANISHING TWIN SYNDROME,3
ENDOCARDITIS VIRAL,3
ANTIGLIADIN ANTIBODY POSITIVE,3
VARICELLA POST VACCINE,3
ENDOMETRIAL CANCER STAGE III,3
ENDOMETRIAL METAPLASIA,3
ENDOMETRIOSIS SURGICAL REMOVAL,3
SCAR DISCOMFORT,3
VARICELLA ZOSTER GASTRITIS,3
SCAN ABDOMEN ABNORMAL,3
SARS-COV-2 TEST,3
SCLERODERMA ASSOCIATED DIGITAL ULCER,3
VARICELLA ZOSTER VIRAEMIA,3
SARS-COV-2 SEPSIS,3
ENTEROPATHIC SPONDYLITIS,3
ANTICOAGULATION DRUG LEVEL DECREASED,3
SARS-COV-1 TEST POSITIVE,3
ENZYME INDUCTION,3
EOSINOPHIL CATIONIC PROTEIN INCREASED,3
EOSINOPHILIC CHOLANGITIS,3
ANTI-MUSCLE SPECIFIC KINASE ANTIBODY POSITIVE,3
VASCULAR ACCESS SITE INJURY,3
ENDOCARDITIS HISTOPLASMA,3
SCLERODERMA OVERLAP SYNDROME,3
ECTOPIC THYROID,3
ELECTROCARDIOGRAM U WAVE PRESENT,3
EGFR STATUS ASSAY,3
SEIZURE PROPHYLAXIS,3
ELASTOFIBROMA,3
SEIZURE ANOXIC,3
SEDATIVE THERAPY,3
ELECTROCARDIOGRAM J WAVE,3
AORTIC VALVE ATRESIA,3
ELECTROCARDIOGRAM ST-T SEGMENT DEPRESSION,3
ELECTROCARDIOGRAM T WAVE AMPLITUDE INCREASED,3
SECOND DEGREE CHEMICAL BURN OF SKIN,3
SEBACEOUS HYPERPLASIA,3
ENCEPHALITIS TOXIC,3
SEBACEOUS GLAND DISORDER,3
SEBACEOUS ADENOMA,3
VAGINAL NECROSIS,3
AORTIC DISSECTION RUPTURE,3
VAGINAL OEDEMA,3
VAGINAL PERFORATION,3
SCROTAL OPERATION,3
SCROTAL IRRITATION,3
EMBOLIC CEREBELLAR INFARCTION,3
EMBOLIC PNEUMONIA,3
ARTERIAL ANGIOPLASTY,3
DEVICE LEAD DAMAGE,3
CONGENITAL ABSENCE OF CRANIAL VAULT,3
DEVICE END OF SERVICE,3
URINARY CASTS PRESENT,3
SPLINT APPLICATION,3
B-CELL PROLYMPHOCYTIC LEUKAEMIA,3
CONGENITAL VAS DEFERENS ABSENCE,3
B-CELL LYMPHOMA STAGE IV,3
AVOIDANT PERSONALITY DISORDER,3
SPLENIC INFECTION FUNGAL,3
CONJUNCTIVAL THINNING,3
AUTONOMIC SEIZURE,3
CONNECTIVE TISSUE INFLAMMATION,3
AUTOLOGOUS BONE MARROW TRANSPLANTATION THERAPY,3
CONTACT STOMATITIS,3
CORNEAL DEGENERATION,3
CORNEAL GRAFT FAILURE,3
URINARY TRACT INJURY,3
AUDIOGRAM ABNORMAL,3
CORONARY ARTERY COMPRESSION,3
URINARY TRACT NEOPLASM,3
SPINAL FUSION FRACTURE,3
SPINAL EPIDURAL HAEMORRHAGE,3
ATTENTION-SEEKING BEHAVIOUR,3
ATRIOVENTRICULAR NODE DYSFUNCTION,3
CORTICAL HAND STROKE,3
SPLINTER HAEMORRHAGES,3
SPONDYLECTOMY,3
CONGENITAL URETEROPELVIC JUNCTION OBSTRUCTION,3
STARGARDT^S DISEASE,3
CONGENITAL ASTIGMATISM,3
CONGENITAL BLADDER ANOMALY,3
CONGENITAL BOWING OF LONG BONES,3
CONGENITAL CEREBRAL CYST,3
BALANOPOSTHITIS INFECTIVE,3
CONGENITAL DYSFIBRINOGENAEMIA,3
URETHRAL PROLAPSE,3
STEAL SYNDROME,3
CONGENITAL HEARING DISORDER,3
CONGENITAL HERPES SIMPLEX INFECTION,3
BACTERIAL PERICARDITIS,3
CONGENITAL URETERIC ANOMALY,3
URINARY BLADDER ABSCESS,3
CONGENITAL NEOPLASM,3
SQUAMOUS CELL CARCINOMA ANTIGEN INCREASED,3
CONGENITAL PULMONARY HYPERTENSION,3
SPUR CELL ANAEMIA,3
URINARY BLADDER ATROPHY,3
BACTERIAL ABSCESS CENTRAL NERVOUS SYSTEM,3
IRIS HAEMORRHAGE,3
CONGENITAL TERATOMA,3
CONGENITAL THROMBOCYTE DISORDER,3
URINE ALBUMIN/CREATININE RATIO DECREASED,3
COSTOVERTEBRAL ANGLE TENDERNESS,3
COXSACKIE VIRUS TEST POSITIVE,3
DELAYED LIGHT ADAPTATION,3
URINE VISCOSITY INCREASED,3
DECOMPRESSION SICKNESS,3
SLEEP STUDY ABNORMAL,3
SLEEP SEX,3
URINE VITAMIN C PRESENT,3
ASCARIASIS,3
DEHYDROEPIANDROSTERONE DECREASED,3
ARTIFICIAL HEART IMPLANT,3
UROGENITAL INFECTION FUNGAL,3
SLEEP APNOEA DEVICE IMPLANT,3
DELINQUENCY,3
URINE PORPHOBILINOGEN INCREASED,3
ARTICULAR DISC DISORDER,3
SKIN TEMPERATURE DECREASED,3
DENTAL IMPLANT REMOVAL,3
ARTHROPOD-BORNE DISEASE,3
DENYS-DRASH SYNDROME,3
ARTHROFIBROSIS,3
URTICARIA PIGMENTOSA,3
DERMAL FILLER REACTION,3
DERMATOGLYPHIC ANOMALY,3
ARTERIOVENOUS FISTULA SITE INFECTION,3
ASPIRATION BONE MARROW ABNORMAL,3
CYTOMEGALOVIRUS GASTROINTESTINAL ULCER,3
URINE AMPHETAMINE POSITIVE,3
CSF GLUCOSE DECREASED,3
SPINAL CORD CONTUSION,3
ATOPIC COUGH,3
ATOPIC CATARACT,3
CROSSMATCH INCOMPATIBLE,3
SPERMATOCELE,3
SPERMATIC CORD DISORDER,3
SPERM CONCENTRATION,3
CRYPTOCOCCUS TEST POSITIVE,3
URINE COPPER DECREASED,3
CSF CELL COUNT ABNORMAL,3
CSF PROTEIN ABNORMAL,3
CYSTINOSIS,3
SOLITARY FIBROUS TUMOUR,3
ATLANTOAXIAL INSTABILITY,3
CULTURE,3
CULTURE THROAT POSITIVE,3
ATHETOSIS,3
CUTANEOUS T-CELL DYSCRASIA,3
CUTANEOUS T-CELL LYMPHOMA STAGE II,3
AST/ALT RATIO INCREASED,3
CYLINDRURIA,3
CYSTIC FIBROSIS PANCREATIC,3
POSITIVE DOSE RESPONSE RELATIONSHIP,3
ORAL CAVITY CANCER METASTATIC,3
NERVE CONDUCTION STUDIES ABNORMAL,3
PEAK EXPIRATORY FLOW RATE ABNORMAL,3
MACULAR OPACITY,3
PERSISTENT GENERALISED LYMPHADENOPATHY,3
METASTASES TO BILIARY TRACT,3
OCULAR CANCER METASTATIC,3
PHARYNGEAL NECROSIS,3
NEUROLYSIS,3
MYCOTOXICOSIS,3
NASAL SEPTUM ULCERATION,3
PENILE OPERATION,3
MALIGNANT NEOPLASM OF THORAX,3
JOINT CAPSULE RUPTURE,3
JOINT DEBRIDEMENT,3
ORAL PURPURA,3
LICHEN STRIATUS,3
PLATELET MORPHOLOGY ABNORMAL,3
PLASTIC SURGERY TO THE FACE,3
MALIGNANT NEOPLASM OF PLEURA,3
PANCREATIC STENT REMOVAL,3
PARADOXICAL PSORIATIC ARTHRITIS,3
NON-SCARRING ALOPECIA,3
MARBURG^S VARIANT MULTIPLE SCLEROSIS,3
NIPPLE INFECTION,3
PANCREATICOBILIARY CARCINOMA,3
MAGNETIC RESONANCE IMAGING HEAD,3
LARYNGEAL CANCER STAGE IV,3
NAEVOID MELANOMA,3
METASTASES TO PERINEUM,3
OVERCONFIDENCE,3
PERITONEAL EFFLUENT LEUKOCYTE COUNT INCREASED,3
OLIGOSPERMIA,3
PILONIDAL SINUS REPAIR,3
NELSON^S SYNDROME,3
PLASMA CELL DISORDER,3
LUNG CARCINOMA CELL TYPE UNSPECIFIED STAGE 0,3
NEPHROPTOSIS,3
ORAL MUCOSAL SCAB,3
PLAQUE SHIFT,3
KNUCKLE PADS,3
MYASTHENIA GRAVIS NEONATAL,3
MYOKYMIA,3
PERIPHERAL NERVE HYPEREXCITABILITY,3
POLAND^S SYNDROME,3
NICOTINE ALLERGY,3
NEPHROSTOMY TUBE REMOVAL,3
OSTEOCHONDRITIS,3
JAUNDICE ACHOLURIC,3
MOISTURE-ASSOCIATED SKIN DAMAGE,3
MALIGNANT PALATE NEOPLASM,3
MEDICAL DEVICE SITE ULCER,3
MODEL FOR END STAGE LIVER DISEASE SCORE INCREASED,3
LISFRANC FRACTURE,3
MAZZOTTI REACTION,3
PARAPHIMOSIS,3
MAXILLOFACIAL OPERATION,3
MEDICAL OBSERVATION,3
PLANNING TO BECOME PREGNANT,3
ORTHOPOX VIRUS INFECTION,3
MIXED HEPATOCELLULAR CHOLANGIOCARCINOMA,3
PERITONEAL DIALYSATE LEAKAGE,3
MARGINAL ZONE LYMPHOMA RECURRENT,3
NUTRITIONAL SUPPLEMENTATION,3
PERITONEAL CATHETER INSERTION,3
NERVE ROOT INJURY LUMBAR,3
LIVER IRON CONCENTRATION ABNORMAL,3
MALIGNANT MEDIASTINAL NEOPLASM,3
LOEYS-DIETZ SYNDROME,3
METASTATIC SALIVARY GLAND CANCER,3
JUVENILE MYOCLONIC EPILEPSY,3
MYOCARDIAL STRAIN IMAGING ABNORMAL,3
LOEFGREN SYNDROME,3
NEURITIC PLAQUES,3
NETHERTON^S SYNDROME,3
LARYNGEAL CRYPTOCOCCOSIS,3
LARYNGEAL NERVE PALSY,3
LARYNGEAL ERYTHEMA,3
MICROGRAPHIA,3
NOREPINEPHRINE INCREASED,3
PLACENTA PRAEVIA HAEMORRHAGE,3
MALIGNANT LYMPHOID NEOPLASM,3
PERITONEAL CARCINOMA METASTATIC,3
LOCOMOTIVE SYNDROME,3
JUVENILE SPONDYLOARTHRITIS,3
KETOGENIC DIET,3
MYOFASCIAL SPASM,3
MENINGITIS SALMONELLA,3
PITYRIASIS,3
PACEMAKER GENERATED ARRHYTHMIA,3
PITYRIASIS LICHENOIDES ET VARIOLIFORMIS ACUTA,3
NAIL PICKING,3
MYOCARDIAL STRAIN IMAGING,3
ORBITAL COMPARTMENT SYNDROME,3
MEGALENCEPHALY,3
MALIGNANT MELANOMA OF EYELID,3
MEIGE^S SYNDROME,3
LARYNGEAL ULCERATION,3
PARANASAL SINUS INJURY,3
MELANOCYTIC HYPERPLASIA,3
JOINT PANNUS,3
PANCREAS ISLET CELL TRANSPLANT,3
MYIASIS,3
MISCARRIAGE OF PARTNER,3
PERTHES DISEASE,3
PHALANGEAL HYPOPLASIA,3
POLYMORPHONUCLEAR CHROMATIN CLUMPING,3
PHAGOPHOBIA,3
PERICARDIAL RUPTURE,3
PITUITARY ENLARGEMENT,3
PELVIC FLOOR HERNIA,3
MYOCARDIAL HYPOPERFUSION,3
MINERAL METABOLISM DISORDER,3
KIDNEY MALROTATION,3
MIGRAINOUS INFARCTION,3
METASTATIC CHORIOCARCINOMA,3
PES ANSERINUS SYNDROME,3
PITUITARY HAEMORRHAGE,3
PERIPHLEBITIS,3
NASAL ADHESIONS,3
JUVENILE CHRONIC MYELOMONOCYTIC LEUKAEMIA,3
NORMETANEPHRINE URINE INCREASED,3
PITUITARY STALK INTERRUPTION SYNDROME,3
NUMB CHIN SYNDROME,3
ISOSPORIASIS,3
MUCOSAL ATROPHY,3
OESOPHAGEAL MUCOSAL BLISTER,3
OVARIAN FIBROSIS,3
MUSCLE NEOPLASM,3
PLASMABLAST COUNT INCREASED,3
PO2 ABNORMAL,3
NATURAL KILLER-CELL LYMPHOBLASTIC LYMPHOMA,3
OBSTRUCTIVE DEFAECATION,3
MERKEL CELL POLYOMAVIRUS INFECTION,3
MUCOSAL MEMBRANE HYPERPLASIA,3
MEDICAL DEVICE ADJUSTMENT,3
OPTIC DISCS BLURRED,3
MUCOSAL EXFOLIATION,3
OPHTHALMIC ARTERY ANEURYSM,3
MUSCLE REATTACHMENT,3
PAPULAR-PURPURIC GLOVES-AND-SOCKS SYNDROME,3
PARTIAL LIPODYSTROPHY,3
PHYSICAL EXAMINATION,3
LIPOPROTEIN (A) DECREASED,3
MUCOCUTANEOUS LEISHMANIASIS,3
NEUTROPHIL PERCENTAGE ABNORMAL,3
PALLIATIVE RADIATION,3
NAIL BED TENDERNESS,3
PLEURAL MASS,3
NEUTROPHILIC PANNICULITIS,3
MYSOPHOBIA,3
ORTHOSTATIC TREMOR,3
PAROXYSMAL ATRIOVENTRICULAR BLOCK,3
PARENTERAL NUTRITION ASSOCIATED LIVER DISEASE,3
OESOPHAGEAL DYSPLASIA,3
OSSICLE DISORDER,3
PHOSPHOLIPASE A2 ACTIVITY INCREASED,3
MEDICAL DEVICE SITE BRUISE,3
PHONASTHENIA,3
NEONATAL TACHYCARDIA,3
MUSCLE FIBROSIS,3
MYXOMATOUS MITRAL VALVE DEGENERATION,3
PERITONITIS LUPUS,3
LYMPHOCUTANEOUS NOCARDIOSIS,3
PLEURAL FLUID ANALYSIS ABNORMAL,3
IRON METABOLISM DISORDER,3
MUCOSITIS MANAGEMENT,3
PERIPHERAL ARTERY STENT INSERTION,3
PAPILLARY SEROUS ENDOMETRIAL CARCINOMA,3
MENOPAUSE DELAYED,3
PORPHYROMONAS INFECTION,3
NEOPLASM SWELLING,3
NECROLYTIC MIGRATORY ERYTHEMA,3
LENS EXTRACTION,3
NECK DISSECTION,3
PHLEBOSCLEROSIS,3
PORPHYRINS URINE INCREASED,3
OVARIAN GERM CELL TERATOMA,3
PAROXYSMAL ARRHYTHMIA,3
MANGANESE DEFICIENCY,3
MAMMOGRAM,3
LYMPHOCYTIC LYMPHOMA,3
LAMBL^S EXCRESCENCES,3
LYMPHANGIECTASIA,3
N-TERMINAL PROHORMONE BRAIN NATRIURETIC PEPTIDE DECREASED,3
MYRINGOTOMY,3
PARASITIC PNEUMONIA,3
OSTEOPETROSIS,3
LIPIDURIA,3
LYMPHOID TISSUE OPERATION,3
PICORNAVIRUS INFECTION,3
OPHTHALMIC FLUID DRAINAGE,3
MEAN CELL VOLUME,3
NICOTINAMIDE DECREASED,3
PALLIATIVE SEDATION,3
PHENYLKETONURIA,3
NEWCASTLE DISEASE,3
PLETHORIC FACE,3
NEPHROBLASTOMA,3
PERIODONTAL INFLAMMATION,3
MUSICAL EAR SYNDROME,3
PATHOLOGY TEST,3
LEUKOCYTE ADHESION DEFICIENCY,3
OPHTHALMIC ARTERY THROMBOSIS,3
MENISCAL DEGENERATION,3
PANCREATIC CARCINOMA STAGE II,3
PENILE VEIN THROMBOSIS,3
PERIPHERAL NERVE DESTRUCTION,3
PAPULOPUSTULAR ROSACEA,3
MANTLE CELL LYMPHOMA STAGE IV,3
PORCELAIN GALLBLADDER,3
LYMPHOID HYPERPLASIA OF INTESTINE,3
MENOPAUSAL DEPRESSION,3
OVARIAN CLEAR CELL CARCINOMA,3
MALIGNANT SPINAL CORD COMPRESSION,3
LIPOPROTEIN METABOLISM DISORDER,3
NECROTISING HERPETIC RETINOPATHY,3
PERIPHERAL ENDARTERECTOMY,3
PARATHYROID HAEMORRHAGE,3
NEW DAILY PERSISTENT HEADACHE,3
NASOPHARYNGEAL REFLUX,3
NEURONAL MIGRATION DISORDER,3
PATELLA REPLACEMENT,3
PANCREATIC ISLETS HYPERPLASIA,3
PATERNAL DRUGS AFFECTING FOETUS,3
MEDICAL DEVICE SITE JOINT PAIN,3
PERIPANCREATIC INFLAMMATION,3
NASOPHARYNGEAL TUMOUR,3
OPTIC NERVE SHEATH HAEMORRHAGE,3
LYMPHATIC DUCT INJURY,3
METABOLIC FUNCTION TEST,3
ISCHAEMIC MITRAL REGURGITATION,3
MONOGENIC DIABETES,3
EMPYEMA DRAINAGE,2
SELECTIVE POLYSACCHARIDE ANTIBODY DEFICIENCY,2
EDENTULOUS,2
BEAVER TAIL LIVER,2
EHRLICHIA TEST POSITIVE,2
BED SHARING,2
PERITONEAL PERFORATION,2
NEONATAL SINUS BRADYCARDIA,2
ENCAPSULATION REACTION,2
ORAL APPLIANCE APPLICATION,2
MANUFACTURING MATERIALS CONTAMINATION,2
BASAL GANGLION DEGENERATION,2
ELECTROLYTE SUBSTITUTION THERAPY,2
SCROTECTOMY,2
PERITONEAL FLUID ANALYSIS ABNORMAL,2
ELECTROCAUTERISATION,2
PERITONEAL FIBROSIS,2
BASE EXCESS ABNORMAL,2
ELECTROPHORESIS PROTEIN ABNORMAL,2
ELEPHANTIASIS,2
URETERAL CATHETERISATION,2
UREA URINE INCREASED,2
ELECTROCARDIOGRAM U WAVE INVERSION,2
MARFAN^S SYNDROME,2
URATE NEPHROPATHY,2
URETERIC CANCER RECURRENT,2
ELECTROCARDIOGRAM HIGH VOLTAGE,2
URAEMIC ACIDOSIS,2
ELECTROCARDIOGRAM AMBULATORY ABNORMAL,2
ELECTROCARDIOGRAM AMBULATORY,2
URACHAL ABNORMALITY,2
ELECTRIC INJURY,2
BASOPHIL PERCENTAGE DECREASED,2
SEGMENTAL ARTERIAL MEDIOLYSIS,2
URETERIC COMPRESSION,2
ELDERLY,2
SCROTAL HAEMATOMA,2
MARITAL PROBLEM,2
SEPTO-OPTIC DYSPLASIA,2
ECTOPIC KIDNEY,2
MASKED FEVER,2
TYROSINE KINASE MUTATION,2
SICK RELATIVE,2
DISLOCATION OF STERNUM,2
DISORDER OF GLOBE,2
SIALODOCHITIS FIBRINOSA,2
DISORDER OF SEX DEVELOPMENT,2
DISSEMINATED LARGE CELL LYMPHOMA,2
DISSEMINATED SUPERFICIAL ACTINIC POROKERATOSIS,2
SHUNT BLOOD FLOW EXCESSIVE,2
PERIPHERAL EXUDATIVE HAEMORRHAGIC CHORIORETINOPATHY,2
DISSEMINATED TRICHOSPORONOSIS,2
MEASLES ANTIBODY NEGATIVE,2
ULCERATED HAEMANGIOMA,2
NECROTISING PANNICULITIS,2
DIURETIC THERAPY,2
BILE DUCT CANCER STAGE I,2
DIVERTICULAR FISTULA,2
BILE CAST NEPHROPATHY,2
DIVORCED,2
BIFIDOBACTERIUM INFECTION,2
SF3B1 GENE MUTATION,2
DNA ANTIBODY POSITIVE,2
NEONATAL ALLOIMMUNE THROMBOCYTOPENIA,2
DONOR LEUKOCYTE INFUSION,2
SEXUAL INHIBITION,2
BILE OUTPUT INCREASED,2
SIGMOID-SHAPED VENTRICULAR SEPTUM,2
SIGMOIDOSCOPY,2
DIAPHRAGMATIC ABNORMAL RELAXATION,2
PERIPARTUM HAEMORRHAGE,2
DIABETES MELLITUS MANAGEMENT,2
DIABETIC DERMOPATHY,2
MEDIASTINAL HAEMORRHAGE,2
SITOPHOBIA,2
BILIRUBIN URINE,2
PERIPHERAL ARTERY ANEURYSM RUPTURE,2
PERIPHERAL ARTERY ANGIOPLASTY,2
DIAGNOSTIC ASPIRATION,2
TURNER^S SYNDROME,2
DIAPHRAGM NEOPLASM,2
PANCREATIC DUCT STENOSIS,2
TYPE IIB HYPERLIPIDAEMIA,2
BILIARY TRACT DILATION PROCEDURE,2
MEDIASTINAL CYST,2
TYPE 1 LEPRA REACTION,2
SINONASAL PAPILLOMA,2
DIFFUSE PANBRONCHIOLITIS,2
BILIARY FIBROSIS,2
DIGESTIVE ENZYME DECREASED,2
NECROTISING FASCIITIS FUNGAL,2
DIHYDROTESTOSTERONE DECREASED,2
SILICOSIS,2
MEDIASTINAL ABSCESS,2
SEXUAL HARASSMENT,2
ULTRASOUND CHEST,2
SEXUAL ACTIVITY INCREASED,2
BENIGN GASTRIC NEOPLASM,2
DYSKALAEMIA,2
DYSKINESIA NEONATAL,2
NEONATAL HEPATOMEGALY,2
UNHEALTHY DIET,2
MASTOCYTIC LEUKAEMIA,2
MASTITIS POSTPARTUM,2
EAR CANAL INJURY,2
MASTITIS BACTERIAL,2
EAR IRRIGATION,2
EAR ODOUR,2
NEONATAL HYPOACUSIS,2
UNIVENTRICULAR HEART,2
DUST INHALATION PNEUMOPATHY,2
EARLY REPOLARISATION SYNDROME,2
UNKNOWN SCHEDULE OF PRODUCT ADMINISTRATION,2
BENIGN FASCICULATION SYNDROME,2
SEMINAL VESICULAR DISORDER,2
BENIGN FAMILIAL HAEMATURIA,2
ECCRINE SQUAMOUS SYRINGOMETAPLASIA,2
SEMEN VOLUME ABNORMAL,2
NEONATAL HYPOPARATHYROIDISM,2
SEMEN LIQUEFACTION ABNORMAL,2
NEONATAL INTESTINAL DILATATION,2
NEONATAL INTESTINAL PERFORATION,2
DWARFISM,2
NEONATAL EPILEPTIC SEIZURE,2
MEAN CELL HAEMOGLOBIN CONCENTRATION,2
DRUG METABOLISING ENZYME INCREASED,2
MAURIAC SYNDROME,2
ULTRASOUND KIDNEY,2
MATRIXECTOMY,2
BEZOLD ABSCESS,2
PANCREASTATIN INCREASED,2
DRUG CHEMICAL INCOMPATIBILITY,2
BETA GLOBULIN INCREASED,2
PERIPHERAL REVASCULARISATION,2
DRUG HALF-LIFE REDUCED,2
SERUM COLOUR ABNORMAL,2
UMBILICAL ARTERY VASCULAR RESISTANCE INCREASED,2
DRUG METABOLISING ENZYME TEST ABNORMAL,2
NEONATAL DIABETES MELLITUS,2
UMBILICAL CORD PROLAPSE,2
BENIGN VAGINAL NEOPLASM,2
DUODENAL BULB DEFORMITY,2
"UMBILICAL HERNIA, OBSTRUCTIVE",2
SEROCONVERSION TEST NEGATIVE,2
DUODENAL STUMP FISTULA,2
BENIGN OESOPHAGEAL NEOPLASM,2
BENIGN NEUROENDOCRINE TUMOUR OF APPENDIX,2
PERIPHERAL T-CELL LYMPHOMA UNSPECIFIED STAGE IV,2
BENIGN NEOPLASM OF PROSTATE,2
SEPTIC ENDOCARDITIS,2
ENCEPHALITIS EASTERN EQUINE,2
ATRIAL HYPERTROPHY,2
ENCEPHALITIS PROTOZOAL,2
URTICARIA CONTACT,2
FAECAL DISIMPACTION,2
ARTHRITIS-DERMATITIS SYNDROME,2
NEUROMYELITIS OPTICA PSEUDO RELAPSE,2
ARTHRITIS GONOCOCCAL,2
ARTHRECTOMY,2
FAILED TRIAL OF LABOUR,2
USELESS HAND SYNDROME,2
FALLOPIAN TUBE ENLARGEMENT,2
RETINAL NEOPLASM,2
FALLOPIAN TUBE NEOPLASM,2
UTERINE ARTERY EMBOLISATION,2
ARTERIOVENOUS GRAFT SITE COMPLICATION,2
PHARYNGOLARYNGEAL ABSCESS,2
LYMPHOPLASMACYTOID LYMPHOMA/IMMUNOCYTOMA RECURRENT,2
UTERINE CERVICAL METAPLASIA,2
RETINAL FIBROSIS,2
FAMILIAL HAEMOPHAGOCYTIC LYMPHOHISTIOCYTOSIS,2
FAMILIAL HYPOCALCIURIC HYPERCALCAEMIA,2
PHENOLSULFONPHTHALEIN TEST ABNORMAL,2
ARTERIOVENOUS FISTULA ANEURYSM,2
ARTERIOGRAM CORONARY ABNORMAL,2
FASCIOLIASIS,2
RETINAL ARTERY SPASM,2
ARTERIOENTERIC FISTULA,2
UTERINE DEHISCENCE,2
MACROENZYME CREATINE KINASE,2
NEUROMUSCULAR SCOLIOSIS,2
URINE PROTEIN/CREATININE RATIO,2
FACTOR X DEFICIENCY,2
REVERSAL OF OPIATE ACTIVITY,2
EYE INFECTION SYPHILITIC,2
EYE IRRIGATION,2
EYE LASER SCAR,2
RETROPERITONEAL OEDEMA,2
RETROPERITONEAL NEOPLASM METASTATIC,2
ASIA SYNDROME,2
NEUROLOGICAL EXAMINATION,2
NEUROLOGICAL REHABILITATION,2
EYELASH INJURY,2
ASCENDING FLACCID PARALYSIS,2
RETROPERITONEAL DISORDER,2
ARTIFICIAL URINARY SPHINCTER IMPLANT,2
RETROBULBAR OEDEMA,2
RETRO-ORBITAL NEOPLASM,2
PHARYNGEAL PERFORATION,2
RETINOPEXY,2
FACE LIFT,2
FACET JOINT BLOCK,2
UROLOGICAL EXAMINATION ABNORMAL,2
OVARIOLEUKODYSTROPHY,2
UROTHELIAL PAPILLOMA,2
FACTOR V DEFICIENCY,2
FACTOR VII INHIBITION,2
URTICARIA AQUAGENIC,2
FEAR OF CROWDED PLACES,2
FEAR OF OPEN SPACES,2
RETICULOCYTE HAEMOGLOBIN DECREASED,2
FEAR OF PREGNANCY,2
FLAGELLATE DERMATITIS,2
RESPIRATORY DEPTH INCREASED,2
RESPIRATORY COMPLICATION ASSOCIATED WITH DEVICE,2
LYMPHATIC INSUFFICIENCY,2
APPLICATION SITE HYPERTRICHOSIS,2
RESIDUAL URINE VOLUME,2
APPLICATION SITE FISSURE,2
VACCINATION ERROR,2
PHOSPHORUS METABOLISM DISORDER,2
REPRODUCTIVE SYSTEM DISORDER PROPHYLAXIS,2
FLUCTUANCE,2
FLUORIDE INCREASED,2
REPERFUSION INJURY,2
APPLICATION SITE ATROPHY,2
REOCCLUSION,2
VACCINATION SITE DISCHARGE,2
PHOTOELECTRIC CONJUNCTIVITIS,2
FOETAL BRAIN SCAN ABNORMAL,2
APPLICATION SITE ABSCESS,2
VACCINATION SITE HAEMATOMA,2
FOETAL DYSTOCIA,2
RENAL VASCULAR RESISTANCE INCREASED,2
VACCINATION SITE INFECTION,2
APPENDICEAL MUCOCOELE,2
PHOTOONYCHOLYSIS,2
UTERINE TENDERNESS,2
LYMPHOCYTE PERCENTAGE ABNORMAL,2
FILARIASIS,2
ARACHNOID WEB,2
FEAR OF TRAVELLING,2
ARTERIAL DOLICHOECTASIA,2
RETICULIN INCREASED,2
FEMALE REPRODUCTIVE NEOPLASM,2
RETAINED PLACENTA OPERATION,2
UTERINE HYPERSTIMULATION,2
FEMALE SEXUAL AROUSAL DISORDER,2
OVARIAN INJURY,2
LYMPHOCYTOPENIA NEONATAL,2
FEMORAL HERNIA STRANGULATED,2
UTERINE ISTHMOCOELE,2
ARACHNOID CYST SURGERY,2
FIBROUS DYSPLASIA OF BONE,2
FIBRIN,2
FIBRIN ABNORMAL,2
AQUEOUS MISDIRECTION,2
RESPIRATORY SYNCYTIAL VIRUS TEST,2
AQUEDUCTAL STENOSIS,2
LYMPHOCYTE/MONOCYTE RATIO INCREASED,2
NEUROPATHIC MUSCULAR ATROPHY,2
NEUROPATHY VITAMIN B12 DEFICIENCY,2
FIBROSARCOMA,2
APPLICATION SITE NECROSIS,2
FIBROSING COLONOPATHY,2
REVERSIBLE ISCHAEMIC NEUROLOGICAL DEFICIT,2
NEUROLOGICAL COMPLICATION ASSOCIATED WITH DEVICE,2
SCLEROTOMY,2
URINARY BLADDER HAEMATOMA,2
MALIGNANT NIPPLE NEOPLASM,2
MALIGNANT NEOPLASM OF THYMUS,2
ENTEROVIRUS MYOCARDITIS,2
BACTERIAL BURSITIS,2
MALIGNANT NEOPLASM OF ORBIT,2
NEPHROURETERECTOMY,2
MALIGNANT MUSCLE NEOPLASM,2
B-CELL UNCLASSIFIABLE LYMPHOMA HIGH GRADE,2
B-CELL SMALL LYMPHOCYTIC LYMPHOMA RECURRENT,2
SKIN CULTURE POSITIVE,2
URINARY LIPIDS PRESENT,2
URINARY NITROGEN INCREASED,2
EPIDIDYMAL TENDERNESS,2
B-CELL LYMPHOMA STAGE III,2
PAEDOPHILIA,2
EPIGLOTTIC CANCER,2
EPILEPSY CONGENITAL,2
URINARY SEDIMENT ABNORMAL,2
AUTOSOMAL CHROMOSOME ANOMALY,2
NERVE ROOT INJURY CERVICAL,2
SALIVARY GLAND OPERATION,2
PETROSITIS,2
URINARY TRACT ADHESIONS,2
PACHYGYRIA,2
EPIPHYSEAL INJURY,2
PERSISTENT CLOACA,2
MALIGNANT PITUITARY TUMOUR,2
MAGNETIC RESONANCE IMAGING ABDOMINAL ABNORMAL,2
SCAN,2
ENDOCARDIAL FIBROELASTOSIS,2
ENDOCARDIAL FIBROSIS,2
MANTLE CELL LYMPHOMA STAGE III,2
URETHRAL ATRESIA,2
PALATAL PERFORATION,2
SCLERAL OEDEMA,2
ENDOCRINE GLAND OPERATION,2
URETHRAL CYST,2
BANKRUPTCY,2
MAMMARY DUCTECTOMY,2
MAMMARY DUCT ECTASIA,2
ENDOMETRIAL DYSPLASIA,2
SCHIZOAFFECTIVE DISORDER DEPRESSIVE TYPE,2
URETHRAL PERFORATION,2
NEOSCYTALIDIUM INFECTION,2
PERNIO-LIKE ERYTHEMA,2
ENDOSALPINGIOSIS,2
URETHRAL STRICTURE POST INFECTION,2
SCAPHOLUNATE DISSOCIATION,2
ENDOSCOPY SMALL INTESTINE,2
NEPHRITIS BACTERIAL,2
SCAN WITH CONTRAST ABNORMAL,2
URETHRITIS CHLAMYDIAL,2
URETHRITIS MYCOPLASMAL,2
ENDOTOXIC SHOCK,2
SALIVARY GLAND CANCER RECURRENT,2
AUTOLOGOUS BLOOD PATCHING,2
AUTOIMMUNE PANCYTOPENIA,2
AUTOIMMUNE NODOPATHY,2
EXANTHEMA SUBITUM,2
URINE CALCIUM,2
EXCESSIVE MASTURBATION,2
EXERCISE ADEQUATE,2
PHAGOCYTOSIS,2
NEUROENDOCRINE CANCER OF THE PROSTATE METASTATIC,2
EXFOLIATION GLAUCOMA,2
RIGHT AORTIC ARCH,2
EXFOLIATION SYNDROME,2
RICHTER^S HERNIA,2
RIB EXCISION,2
EXPANDED DISABILITY STATUS SCALE SCORE DECREASED,2
NEUROENDOCRINE CARCINOMA OF THE CERVIX,2
MALIGNANT ATROPHIC PAPULOSIS,2
MALE REPRODUCTIVE TRACT NEOPLASM,2
URINE GLUCOSE/CREATININE RATIO INCREASED,2
EXPOSURE TO TOBACCO,2
EXPOSURE VIA UNKNOWN ROUTE,2
MALE GENITAL TRACT OPERATION,2
RHEUMATOID PLEURITIS,2
EXTRA-AXIAL HAEMORRHAGE,2
OVULATION DELAYED,2
NEUROLEUKAEMIOSIS,2
URINE OXALATE DECREASED,2
EXTRANODAL MARGINAL ZONE B-CELL LYMPHOMA (MALT TYPE) STAGE II,2
URINE BILIRUBIN INCREASED,2
MALIGNANT CRANIAL NERVE NEOPLASM,2
EX-TOBACCO USER,2
NERVOUS SYSTEM CYST,2
EPISPADIAS,2
AUTOIMMUNE ENDOCRINE DISORDER,2
SADISM,2
EPITHELITIS,2
PH URINE ABNORMAL,2
EPSTEIN-BARR VIRUS TEST NEGATIVE,2
EPULIS,2
AUTOIMMUNE DEMYELINATING DISEASE,2
AURICULOTEMPORAL SYNDROME,2
ERYSIPELOID,2
RUSSELL^S VIPER VENOM TIME ABNORMAL,2
ERYTHEMA DYSCHROMICUM PERSTANS,2
EWING^S SARCOMA METASTATIC,2
RUBIVIRUS TEST POSITIVE,2
NERVOUS SYSTEM NEOPLASM,2
ERYTHEMATOTELANGIECTATIC ROSACEA,2
ATYPICAL TERATOID/RHABDOID TUMOUR OF CNS,2
ATYPICAL PARKINSONISM,2
ROTAVIRUS TEST POSITIVE,2
ROSEOLA,2
URINE AMPHETAMINE NEGATIVE,2
RISK OF FUTURE PREGNANCY MISCARRIAGE,2
URINE ANALYSIS,2
MUMPS ANTIBODY TEST NEGATIVE,2
DEVICE RELATED FUNGAEMIA,2
BISALBUMINAEMIA,2
SKIN CYST EXCISION,2
MITOCHONDRIAL DNA DEPLETION,2
CHRONOTROPIC INCOMPETENCE,2
CHYLURIA,2
BRAIN STEM MICROHAEMORRHAGE,2
SUBGLOTTIC LARYNGITIS,2
MISMATCH REPAIR CANCER SYNDROME,2
BRAIN STEM HAEMATOMA,2
CINCHONISM,2
MINIMUM INHIBITORY CONCENTRATION INCREASED,2
BRAIN LOBECTOMY,2
BRAIN DISLOCATION SYNDROME,2
BRACHYTHERAPY TO VAGINA,2
PARANASAL SINUS HAEMATOMA,2
CIRCUMSTANTIALITY,2
SUBCORTICAL STROKE,2
CITROBACTER SEPSIS,2
SUBCLAVIAN VEIN OCCLUSION,2
SUBCLAVIAN STEAL SYNDROME,2
CLEAR CELL PAPILLARY RENAL CELL CARCINOMA,2
BRACHIORADIAL PRURITUS,2
BRACHIOCEPHALIC ARTERY STENOSIS,2
CLENCHED HAND,2
CLINICAL TRIAL PARTICIPANT,2
CLOACAL EXSTROPHY,2
MIDDLE EAR INFLAMMATION,2
CLONAL EVOLUTION,2
BOWEL PREPARATION,2
PARALYTIC LAGOPHTHALMOS,2
CHRONIC VILLITIS OF UNKNOWN ETIOLOGY,2
CHRONIC RHINOSINUSITIS WITHOUT NASAL POLYPS,2
CONGENITAL ANOMALY OF INNER EAR,2
MYELOCYTE PRESENT,2
CHOLANGITIS CHRONIC,2
SUPRAVALVULAR AORTIC STENOSIS,2
TISSUE EXPANSION PROCEDURE,2
CHOLELITHIASIS MIGRATION,2
SUPERNUMERARY TEETH,2
TISSUE SEALING,2
BROAD LIGAMENT HAEMATOMA,2
CHONDRECTOMY,2
CHONDRODERMATITIS NODULARIS CHRONICA HELICIS,2
CHONDROMATOSIS,2
SUPERIOR MESENTERIC ARTERY DISSECTION,2
SUPERIOR LIMBIC KERATOCONJUNCTIVITIS,2
BREECH DELIVERY,2
PARANEOPLASTIC HYPOGLYCAEMIA,2
BREAST SARCOMA,2
SUPERFICIAL SPREADING MELANOMA STAGE I,2
TONGUE CANCER METASTATIC,2
TONGUE CANCER RECURRENT,2
MYELOCYTE COUNT DECREASED,2
SUICIDE OF RELATIVE,2
CHRONIC EOSINOPHILIC LEUKAEMIA,2
BREAST CYST RUPTURE,2
PEDAL PULSE ABNORMAL,2
SUCROSE INTOLERANCE,2
PEDAL PULSE DECREASED,2
PARANASAL SINUS NEOPLASM,2
CHRONIC LYMPHOCYTIC LEUKAEMIA STAGE 0,2
COAGULATION FACTOR INCREASED,2
BORDETELLA TEST POSITIVE,2
STRUCTURAL BRAIN DISORDER,2
MICROVASCULAR CRANIAL NERVE PALSY,2
MEVALONATE KINASE DEFICIENCY,2
STOMACH SCAN ABNORMAL,2
COLPORRHAPHY,2
COLPOSCOPY,2
METHYLENETETRAHYDROFOLATE REDUCTASE DEFICIENCY,2
COMMUNITY ACQUIRED INFECTION,2
METASTATIC OCULAR MELANOMA,2
METASTATIC GLIOMA,2
COMPLEMENT FACTOR C3,2
METASTATIC CUTANEOUS CROHN^S DISEASE,2
STOMA SITE HYPERSENSITIVITY,2
COMPLICATED DIVERTICULITIS,2
STOMA SITE EXTRAVASATION,2
TOTAL CHOLESTEROL/HDL RATIO ABNORMAL,2
COMPRESSION GARMENT APPLICATION,2
COMPULSIVE HANDWASHING,2
COMPULSIVE HOARDING,2
COMPUTER VISION SYNDROME,2
COMPUTERISED TOMOGRAM ABDOMEN,2
METASTASES TO THE RESPIRATORY SYSTEM,2
COMPUTERISED TOMOGRAM PANCREAS ABNORMAL,2
PENILE DYSPLASIA,2
METASTASES TO REPRODUCTIVE ORGAN,2
STIFF SKIN SYNDROME,2
CONFLUENT AND RETICULATE PAPILLOMATOSIS,2
CONFUSION POSTOPERATIVE,2
METASTASES TO PENIS,2
COLONOSCOPY NORMAL,2
COLONIC LAVAGE,2
STOMATITIS RADIATION,2
MYOCARDITIS TOXOPLASMAL,2
COAGULATION FACTOR LEVEL ABNORMAL,2
TOOTH ANKYLOSIS,2
MYOCARDITIS POST INFECTION,2
COAGULATION FACTOR VII LEVEL DECREASED,2
COAGULATION FACTOR VII LEVEL INCREASED,2
PARAINFLUENZA VIRUS TEST POSITIVE,2
STRESS ULCER HAEMORRHAGE,2
COAGULATION FACTOR X LEVEL DECREASED,2
COAGULATION TEST,2
BONE METABOLISM BIOCHEMICAL MARKER INCREASED,2
PARAGONIMIASIS,2
COELIAC ARTERY ANEURYSM,2
MICROCYSTIC MACULAR OEDEMA,2
STOMATOCYTES PRESENT,2
MICROCOCCUS TEST POSITIVE,2
BONE GROWTH STIMULATION,2
COLITIS HERPES,2
COLLAGEN-VASCULAR DISEASE,2
STRANGULATED INCISIONAL HERNIA,2
MYOGLOBINAEMIA,2
PARAESTHESIA MUCOSAL,2
STOOL PH DECREASED,2
STOOL DNA TEST POSITIVE,2
STOOL DNA TEST ABNORMAL,2
PELVIC POUCH PROCEDURE,2
STOOL ANALYSIS,2
CHOLANGIOSTOMY,2
MYCOTIC CORNEAL ULCER,2
PD-L1 PROTEIN EXPRESSION,2
PARATHYROID HORMONE-RELATED PROTEIN INCREASED,2
CARCINOID TUMOUR IN THE LARGE INTESTINE,2
CAROTID INTIMA-MEDIA THICKNESS INCREASED,2
CARBOXYHAEMOGLOBIN INCREASED,2
THROMBASTHENIA,2
TESTICULAR EMBRYONAL CARCINOMA,2
THROMBIN TIME ABNORMAL,2
CAROTID SINUS SYNDROME,2
MUCOSAL PIGMENTATION,2
THROMBIN TIME SHORTENED,2
CARBOHYDRATE ANTIGEN 72-4 INCREASED,2
PAROXYSMAL AUTONOMIC INSTABILITY WITH DYSTONIA,2
TERATOMA BENIGN,2
PAROXYSMAL DYSKINESIA,2
CATHETER SITE DERMATITIS,2
CATHETER SITE HYPOAESTHESIA,2
MUCOPOLYSACCHARIDOSIS,2
CATHETER SITE PHLEBITIS,2
THROMBOPOIETIN LEVEL ABNORMAL,2
CAUTERY TO NOSE,2
PARURESIS,2
CD3 LYMPHOCYTES DECREASED,2
CD34 CELL COUNT DECREASED,2
TEMPORARY MECHANICAL CIRCULATORY SUPPORT,2
CALR GENE MUTATION,2
TEMPERATURE PERCEPTION TEST ABNORMAL,2
TEMPERATURE DIFFERENCE OF EXTREMITIES,2
CALCITONIN SECRETION DISORDER,2
CAROTID ARTERY PERFORATION,2
THOUGHT WITHDRAWAL,2
CAROTID ARTERY BYPASS,2
THERAPEUTIC DRUG MONITORING,2
CARDIAC INDEX ABNORMAL,2
CARDIAC MURMUR FUNCTIONAL,2
MULTIPLE PREGNANCY,2
CARDIAC PACEMAKER ADJUSTMENT,2
CARDIAC PERFUSION DEFECT,2
CARDIAC SEPTAL DEFECT REPAIR,2
CARDIAC FUNCTION TEST,2
CARDIAC FUNCTION DISTURBANCE POSTOPERATIVE,2
THERMAL ABLATION,2
CARDIAC ELECTROPHYSIOLOGIC STUDY ABNORMAL,2
CARDIAC DEVICE REPROGRAMMING,2
THERMOANAESTHESIA,2
CARDIOHEPATIC SYNDROME,2
TESTIS CANCER RECURRENT,2
THERAPEUTIC AGENT URINE POSITIVE,2
MULTIPLE LENTIGINES SYNDROME,2
MURPHY^S SIGN POSITIVE,2
MULTIPLE CARDIAC DEFECTS,2
CARDIOPULMONARY BYPASS,2
THALAMIC MICROHAEMORRHAGE,2
CARDIOTHORACIC RATIO DECREASED,2
CARDIOTHORACIC RATIO INCREASED,2
THORACIC INSUFFICIENCY SYNDROME,2
CARCINOMA IN SITU OF SKIN,2
CARDIOVASCULAR EXAMINATION ABNORMAL,2
TET2 GENE MUTATION,2
MUCINOUS ADENOCARCINOMA OF APPENDIX,2
TEAR FILM INSTABILITY,2
PD-1 TEST,2
CAFFEINE DEPENDENCE,2
CERVICAL DILATATION,2
CERVICECTOMY,2
MYALGIA INTERCOSTAL,2
SYNDESMOPHYTE,2
CERVIX CARCINOMA STAGE I,2
BROWN-SEQUARD SYNDROME,2
CERVIX CARCINOMA STAGE II,2
CERVIX CARCINOMA STAGE III,2
BRONCHOSCOPY ABNORMAL,2
PARAPOX VIRUS INFECTION,2
SYMPATHETIC OPHTHALMIA,2
CERVIX ERYTHEMA,2
CESTODE INFECTION,2
CHA2DS2-VASC ANNUAL STROKE RISK HIGH,2
CHAGAS^ CARDIOMYOPATHY,2
SWOLLEN JOINT COUNT DECREASED,2
CHARCOT-LEYDEN CRYSTALS,2
BRONCHITIS PNEUMOCOCCAL,2
CHEILITIS GRANULOMATOSA,2
CHEMICAL CYSTITIS,2
CHEMICAL PEEL OF SKIN,2
BRONCHITIS CHEMICAL,2
BRONCHIOLOALVEOLAR CARCINOMA,2
CHEMOTHERAPY TOXICITY ATTENUATION,2
CHEST WALL CYST,2
PCO2 ABNORMAL,2
BRONCHIAL ULCERATION,2
SYNOVIAL FLUID ANALYSIS ABNORMAL,2
SYNOVIAL FLUID CRYSTAL,2
MUTAGENIC EFFECT,2
THYROID HAEMORRHAGE,2
CAFFEINE CONSUMPTION,2
CENTRAL VENOUS PRESSURE DECREASED,2
C-KIT GENE MUTATION,2
CEREBELLAR ARTERY OCCLUSION,2
CEREBELLAR HAEMATOMA,2
CEREBRAL ANEURYSM PERFORATION,2
MUSCULAR SARCOIDOSIS,2
CEREBRAL BYPASS SURGERY,2
CEREBRAL CANDIDIASIS,2
CEREBRAL CIRCULATORY FAILURE,2
CEREBRAL DYSGENESIS,2
CEREBRAL DYSRHYTHMIA,2
CEREBRAL GAS EMBOLISM,2
THYROID TUBERCULOSIS,2
CEREBRAL HAEMOSIDERIN DEPOSITION,2
CEREBRAL HYPERPERFUSION SYNDROME,2
SYSTEMIC LUPUS ERYTHEMATOSUS DISEASE ACTIVITY INDEX INCREASED,2
SYSTEMIC LUPUS ERYTHEMATOSUS DISEASE ACTIVITY INDEX ABNORMAL,2
SYSTEMIC LEAKAGE,2
THYROID NODULE REMOVAL,2
PATHOLOGIC MYOPIA,2
MONOCLONAL IMMUNOGLOBULIN,2
CEREBRAL REPERFUSION INJURY,2
PATHOLOGICAL TOOTH FRACTURE,2
CEREBRAL VENTRICLE COLLAPSE,2
SYPHILIS TEST FALSE POSITIVE,2
BLOOD UREA,2
BLOOD THROMBOPLASTIN INCREASED,2
DEVICE LEAD ISSUE,2
NASAL NEOPLASM BENIGN,2
BLADDER PAPILLOMA,2
TRICUSPID VALVE THROMBOSIS,2
CUTIBACTERIUM TEST POSITIVE,2
CUTIS LAXA,2
BLADDER NECROSIS,2
TRIGEMINAL NERVE PARESIS,2
CYCLOPLEGIA,2
MEDICATION CRYSTALS IN URINE PRESENT,2
BLADDER CATHETER REMOVAL,2
CYP2D6 POLYMORPHISM,2
SMEAR SITE UNSPECIFIED ABNORMAL,2
BLADDER CANCER STAGE III,2
BLADDER CANCER STAGE II,2
CYSTADENOCARCINOMA OVARY,2
CYSTATIN C ABNORMAL,2
SMALL INTESTINE GANGRENE,2
TRISOMY 12,2
BLADDER CALCULUS REMOVAL,2
CYSTITIS GLANDULARIS,2
TRISOMY 16,2
CYSTITIS-LIKE SYMPTOM,2
CYSTOCELE REPAIR,2
SMALL INTESTINAL POLYPECTOMY,2
BLADDER AGENESIS,2
CYSTOSTOMY,2
CYTOKERATIN 19 INCREASED,2
NASAL SINUS CANCER,2
SOCIAL STAY HOSPITALISATION,2
CUTANEOUS EXTRAMEDULLARY HAEMOPOIESIS,2
BLOOD THROMBOPLASTIN DECREASED,2
TRICUSPID VALVE PROLAPSE,2
TRAUMATIC SPINAL CORD COMPRESSION,2
BLINDNESS DAY,2
SPERMATOGENESIS ABNORMAL,2
MENINGEAL THICKENING,2
CROWNED DENS SYNDROME,2
CRUSH INJURY,2
CRYOGLOBULINS PRESENT,2
PERINATAL HIV INFECTION,2
CSF GLUCOSE ABNORMAL,2
NASAL CAVITY PACKING,2
TREPONEMA TEST POSITIVE,2
CSF GLUCOSE INCREASED,2
CSF IMMUNOGLOBULIN INCREASED,2
CSF LYMPHOCYTE COUNT INCREASED,2
NASAL IRRIGATION,2
BLASTIC PLASMACYTOID DENDRITIC CELL NEOPLASIA,2
SOMATOSENSORY EVOKED POTENTIALS,2
MELATONIN DEFICIENCY,2
SOMATIC PAIN,2
PANCREATITIS BACTERIAL,2
CULTURE NEGATIVE,2
TRICHOSTASIS SPINULOSA,2
MEGAKARYOCYTES INCREASED,2
TRICUSPID VALVE CALCIFICATION,2
CULTURE WOUND POSITIVE,2
CUTANEOUS ANTHRAX,2
SOFT TISSUE EXCISION,2
CYTOMEGALOVIRUS PANCREATITIS,2
CYTOMEGALOVIRUS URINARY TRACT INFECTION,2
CYTOREDUCTIVE SURGERY,2
DACRYOCYSTORHINOSTOMY,2
DENTAL DYSAESTHESIA,2
BIOPSY STOMACH,2
DENTAL PROSTHESIS REMOVAL,2
MEDICAL DEVICE SITE FISTULA,2
DEOXYPYRIDINOLINE URINE INCREASED,2
BIOPSY PROSTATE,2
PERIORBITAL INJURY,2
DEPRESSION POSTOPERATIVE,2
MEDICAL DEVICE SITE DISCOLOURATION,2
SKIN MALFORMATION,2
DERMABRASION,2
DERMATOFIBROSARCOMA PROTUBERANS METASTATIC,2
MEDICAL DEVICE REPOSITIONING,2
BIOPSY LUNG ABNORMAL,2
BIOPSY LIP,2
BIOPSY INTESTINE ABNORMAL,2
DESMOPLASTIC MESOTHELIOMA,2
BIOPSY ENDOMETRIUM,2
DETACHED DESCEMET^S MEMBRANE,2
DEVICE DATA ISSUE,2
SKIN GRAFT FAILURE,2
SKIN GRAFT DETACHMENT,2
BIOPSY COLON ABNORMAL,2
SKIN FLAP NECROSIS,2
NECROSIS OF ARTERY,2
BIOPSY BONE,2
DEVICE INVERSION,2
BIOPSY STOMACH ABNORMAL,2
DENGUE VIRUS TEST POSITIVE,2
PERIORBITAL FAT HERNIATION,2
NASOPHARYNGEAL CANCER METASTATIC,2
TROPONIN C INCREASED,2
BIZARRE PERSONAL APPEARANCE,2
SLOW VITAL CAPACITY,2
DAWN PHENOMENON,2
DEAFNESS TRAUMATIC,2
TROPONIN I DECREASED,2
DECORTICATE POSTURE,2
NASOGASTRIC OUTPUT ABNORMAL,2
DECREASED NASOLABIAL FOLD,2
PANCREATIC PSEUDOANEURYSM,2
FOETAL URINARY TRACT DILATATION,2
DEGENERATIVE MITRAL VALVE DISEASE,2
DEGENERATIVE TRICUSPID VALVE DISEASE,2
TUBERCULOSIS OF PERIPHERAL LYMPH NODES,2
BIOTIN DEFICIENCY,2
DELAYED FOETAL RENAL DEVELOPMENT,2
DELAYED FOLLICULAR RIPENING,2
BIOPSY VULVA ABNORMAL,2
BIOPSY UTERUS ABNORMAL,2
DELAYED PLATELET ENGRAFTMENT,2
DELAYED VISUAL MATURATION,2
MEDICAL DEVICE SITE JOINT DISCOMFORT,2
BIOPSY THYROID GLAND ABNORMAL,2
DELUSION OF THEFT,2
TUBERCULOSIS OF EYE,2
BIOPSY THYROID GLAND,2
SPERMATOZOA PROGRESSIVE MOTILITY ABNORMAL,2
PERIHEPATIC ABSCESS,2
CRONKHITE-CANADA SYNDROME,2
TRANSDIFFERENTIATION OF NEOPLASM,2
SQUAMOUS CELL CARCINOMA OF PHARYNX,2
CONGENITAL NOSE MALFORMATION,2
SQUAMOUS CELL BREAST CARCINOMA,2
CONGENITAL ORAL MALFORMATION,2
CONGENITAL PHARYNGEAL ANOMALY,2
CONGENITAL PNEUMONIA,2
MYXOMA,2
SPUTUM CULTURE,2
CONGENITAL PULMONARY VALVE ATRESIA,2
MESOBLASTIC NEPHROMA,2
PEPTOSTREPTOCOCCUS TEST POSITIVE,2
PAPILLARY UROTHELIAL NEOPLASM OF LOW MALIGNANT POTENTIAL,2
PERENNIAL ALLERGY,2
CONGENITAL SYPHILITIC OSTEOCHONDRITIS,2
BLOOD INSULIN,2
TRACHEOBRONCHOMEGALY,2
CONGENITAL TOXOPLASMOSIS,2
BLOOD IMMUNOGLOBULIN E,2
MESENTERIC THICKENING,2
MESENTERIC FIBROSIS,2
BLOOD HIV RNA FLUCTUATION,2
SPLENORENAL SHUNT,2
MESENTERIC ARTERY ANEURYSM,2
BLOOD GONADOTROPHIN INCREASED,2
CONGENITAL WHITE BLOOD CELL DISORDER,2
CONJUNCTIVAL GRANULOMA,2
PAPILLARY MUSCLE DISORDER,2
BLOOD METHAEMOGLOBIN PRESENT,2
METABOLIC CARDIOMYOPATHY,2
CONGENITAL MYASTHENIC SYNDROME,2
STATUS DYSTONICUS,2
CONGENITAL APLASTIC ANAEMIA,2
PENILE ODOUR,2
CONGENITAL AURAL FISTULA,2
METASTASES TO GALLBLADDER,2
PENILE PROSTHESIS INSERTION,2
BLOOD SODIUM,2
CONGENITAL DYSKERATOSIS,2
CONGENITAL EYELID MALFORMATION,2
MYOPLASTY,2
METAPLASTIC BREAST CARCINOMA,2
PARADOXICAL INSOMNIA,2
CONGENITAL GENITOURINARY ABNORMALITY,2
MYOSITIS-LIKE SYNDROME,2
CONGENITAL MUSCULOSKELETAL DISORDER OF HEAD AND NECK,2
TRACE ELEMENT DEFICIENCY,2
PARACUSIS,2
TRACHEAL BRONCHUS,2
STAPHYLOMA,2
TRACHEAL CALCIFICATION,2
BLOOD PRESSURE MANAGEMENT,2
PARACHUTE MITRAL VALVE,2
STAPHYLOCOCCAL OSTEOMYELITIS,2
STAPHYLOCOCCAL MEDIASTINITIS,2
STAPHYLOCOCCAL IMPETIGO,2
CONGENITAL KNEE DEFORMITY,2
CONGENITAL LARGE INTESTINAL ATRESIA,2
BLOOD GLUCAGON DECREASED,2
BLOOD GASTRIN INCREASED,2
BLINDNESS TRAUMATIC,2
BLOOD GASES,2
PANTOEA AGGLOMERANS INFECTION,2
TRANSMISSION OF AN INFECTIOUS AGENT VIA TRANSPLANT,2
CORNEAL PIGMENTATION,2
BLOOD CARBON MONOXIDE DECREASED,2
PERICARDIAL RUB,2
CORONARY ARTERY REOCCLUSION,2
CORONARY ARTERY SURGERY,2
BLOOD CARBON MONOXIDE ABNORMAL,2
CORONARY VASCULAR GRAFT OCCLUSION,2
BLOOD CANNABINOIDS,2
SPINAL EMPYEMA,2
BLOOD CALCITONIN ABNORMAL,2
TRANSSPHENOIDAL SURGERY,2
TRANSVALVULAR PRESSURE GRADIENT,2
CORTICAL LAMINAR NECROSIS,2
SPINAL CORD INJURY SACRAL,2
PERICARDITIS MYCOPLASMAL,2
PERICARDITIS RHEUMATIC,2
BLOOD ALUMINIUM INCREASED,2
CRANIECTOMY,2
CRANIOFACIAL INJURY,2
CRANIOPHARYNGIOMA,2
TRAUMATIC LUMBAR PUNCTURE,2
CREATINE URINE DECREASED,2
SPIGELIAN HERNIA,2
BLOOD ALBUMIN,2
NARCISSISTIC PERSONALITY DISORDER,2
BLOOD CHLORIDE,2
SPINAL RADIOTHERAPY,2
TRANSITIONAL CELL CANCER OF THE RENAL PELVIS AND URETER LOCALISED,2
CONTACT LENS INTOLERANCE,2
CONJUNCTIVAL PAPILLAE,2
NAEVUS FLAMMEUS,2
CONJUNCTIVAL SUFFUSION,2
CONJUNCTIVAL TELANGIECTASIA,2
CONJUNCTIVAL ULCER,2
SPLENIC GRANULOMA,2
CONJUNCTIVALISATION,2
PERICARDIAL EXCISION,2
CONSTIPATION NEONATAL,2
SPLEEN TUBERCULOSIS,2
BLOOD DONATION,2
MENISCUS CYST,2
CONTRACEPTIVE DIAPHRAGM,2
SPINAL ROD REMOVAL,2
SPLEEN CONGESTION,2
BLOOD CREATINE PHOSPHOKINASE MB DECREASED,2
SPINAL X-RAY ABNORMAL,2
SPINAL VASCULAR DISORDER,2
CORD BLOOD TRANSPLANT THERAPY,2
CORE DECOMPRESSION,2
SPINAL SUBDURAL HAEMORRHAGE,2
CORNEAL BLEEDING,2
SPINAL SUBARACHNOID HAEMORRHAGE,2
BLOOD COBALT INCREASED,2
SPINAL STABILISATION,2
PERICARDIAL MASS,2
FOETAL NON-STRESS TEST ABNORMAL,2
CARDIAC MALPOSITION,2
LYMPH NODES SCAN ABNORMAL,2
HETERONYMOUS DIPLOPIA,2
PSEUDOHYPERKALAEMIA,2
PSEUDOENDOPHTHALMITIS,2
PSEUDODEMENTIA,2
HERNIAL EVENTRATION,2
HERPES PHARYNGITIS,2
ALLERGIC GASTROENTERITIS,2
LATENT SYPHILIS,2
ALLERGIC COLITIS,2
HERPES SIMPLEX VIRUS URETHRITIS,2
HERPES ZOSTER IMMUNISATION,2
ALGOPHOBIA,2
ALEXANDER DISEASE,2
VITREOUS HAEMATOMA,2
HIATUS HERNIA STRANGULATED,2
HIGH GRADE B-CELL LYMPHOMA BURKITT-LIKE LYMPHOMA STAGE IV,2
VISION CORRECTION OPERATION,2
PROTHROMBIN LEVEL ABNORMAL,2
ALCOHOLIC PSYCHOSIS,2
HIGH GRADE B-CELL LYMPHOMA REFRACTORY,2
HISTIOCYTIC NECROTISING LYMPHADENITIS,2
HISTOLOGY ABNORMAL,2
OCULAR DYSMETRIA,2
VISUAL FIELD TESTS ABNORMAL,2
PROTEIN TOTAL,2
HEREDITARY NEUROPATHY WITH LIABILITY TO PRESSURE PALSIES,2
LECLERCIA BACTERAEMIA,2
ALLERGIC STOMATITIS,2
HEREDITARY HYPOPHOSPHATAEMIC RICKETS,2
VICTIM OF ELDER ABUSE,2
HEPATITIS E VIRUS TEST POSITIVE,2
LEPTIN LEVEL INCREASED,2
LEPTIN LEVEL DECREASED,2
OS TRIGONUM,2
HEPATOBILIARY DISORDER PROPHYLAXIS,2
LENS CAPSULOTOMY,2
VIRAL CORNEAL ULCER,2
ALPHA 1 GLOBULIN DECREASED,2
LEIOMYOSARCOMA RECURRENT,2
ALPHA 1 GLOBULIN ABNORMAL,2
ORTHOSTATIC TACHYCARDIA,2
ALLOIMMUNE HEPATITIS,2
HER2 LOW BREAST CANCER,2
ALLOIMMUNE HAEMOLYTIC ANAEMIA,2
PSEUDOPARALYSIS,2
ALLERGY TO FERMENTED PRODUCTS,2
HER2 POSITIVE SALIVARY GLAND CANCER,2
PSEUDOMONAS BRONCHITIS,2
PSEUDOMONAL SKIN INFECTION,2
ALLERGY TO DENTAL MATERIAL,2
ALLERGY ALERT TEST POSITIVE,2
VIRAL RHINITIS,2
PROTEIN S DEFICIENCY,2
PROTEIN S DECREASED,2
ALAGILLE SYNDROME,2
VITAMIN B2 DEFICIENCY,2
HYDROCELE OPERATION,2
ADRENOCORTICAL CARCINOMA,2
OROPHARYNGEAL FISTULA,2
ADRENAL CALCIFICATION,2
OESOPHAGEAL ADENOCARCINOMA STAGE IV,2
ADMINISTRATION SITE VESICLES,2
PROLYMPHOCYTIC LEUKAEMIA,2
PROLONGED RUPTURE OF MEMBRANES,2
PROLONGED PREGNANCY,2
LARGE CELL LUNG CANCER METASTATIC,2
OROPHARYNGEAL CANCER STAGE IV,2
HYPERCATABOLISM,2
ADMINISTRATION SITE URTICARIA,2
HYPERCHROMASIA,2
LARGE CELL LUNG CANCER,2
HYPERFIBRINOLYSIS,2
ADMINISTRATION SITE ULCER,2
PNEUMONIA SALMONELLA,2
PROGRESSIVE MYOCLONIC EPILEPSY,2
LACTASE DEFICIENCY,2
ADMINISTRATION SITE PLAQUE,2
ADMINISTRATION SITE NERVE DAMAGE,2
ADMINISTRATION SITE NECROSIS,2
OCULOCEPHALOGYRIC REFLEX ABSENT,2
PROSTATE SARCOMA,2
PROTEIN C INCREASED,2
LARYNGEAL GRANULOMA,2
PNEUMONIA BORDETELLA,2
HLA MARKER STUDY POSITIVE,2
PROTEIN ALBUMIN RATIO DECREASED,2
PROTEIN ALBUMIN RATIO,2
OCULAR STEM CELL TRANSPLANT,2
HLA-B*1502 ASSAY POSITIVE,2
VISUAL TRACKING TEST ABNORMAL,2
OROPHARYNGEAL SCAR,2
PROSTHETIC CARDIAC VALVE FAILURE,2
OCULOCARDIAC REFLEX,2
HODGKIN^S DISEASE STAGE II,2
PROSTATITIS TUBERCULOUS,2
PROSTATITIS ESCHERICHIA COLI,2
HORMONE RECEPTOR NEGATIVE HER2 POSITIVE BREAST CANCER,2
AICARDI-GOUTIERES SYNDROME,2
AGONAL RHYTHM,2
AGLOSSIA,2
AFRICAN TRYPANOSOMIASIS,2
PROSTATIC CYST,2
AFFECTIVE AMBIVALENCE,2
HUMAN CHORIONIC GONADOTROPIN ABNORMAL,2
LARYNGEAL HYPERTROPHY,2
HUMAN EPIDERMAL GROWTH FACTOR RECEPTOR INCREASED,2
PSYCHOPATHIC PERSONALITY,2
PSYCHOPHYSIOLOGIC INSOMNIA,2
PSYCHOTHERAPY,2
LIP HAEMATOMA,2
ANASTOMOTIC INFECTION,2
ANASTOMOTIC EROSION,2
HAEMOGLOBINAEMIA,2
ANAPLASTIC MENINGIOMA,2
LIP AND/OR ORAL CAVITY CANCER RECURRENT,2
PUNCTURE SITE DISCHARGE,2
PUNCTURE SITE CELLULITIS,2
HAEMOLYSIS NEONATAL,2
HAEMOLYTIC TRANSFUSION REACTION,2
ANAPLASTIC LARGE CELL LYMPHOMA T- AND NULL-CELL TYPES STAGE IV,2
ANAPHYLAXIS TREATMENT,2
HAEMOPHILIC PSEUDOTUMOUR,2
VENTRICULAR DRAINAGE,2
ANAMNESTIC REACTION,2
ANALGESIC DRUG LEVEL THERAPEUTIC,2
HAEMORRHAGE NEONATAL,2
ANAL SPHINCTEROTOMY,2
HAEMORRHAGIC FEVER,2
ANAL FISTULA REPAIR,2
PULMONARY VALVE STENOSIS CONGENITAL,2
HAEMORRHAGIC VARICELLA SYNDROME,2
PLATELET ENGRAFTMENT FAILURE,2
PLATELET FUNCTION TEST ABNORMAL,2
PLATELET DESTRUCTION INCREASED,2
VENOUS PRESSURE INCREASED,2
PULMONARY TUBERCULOMA,2
HAEMATOCOELE,2
GLUTEOPLASTY,2
VASOPROLIFERATIVE RETINAL TUMOUR,2
NONINFECTIVE BRONCHITIS,2
ANGIOSCLEROSIS,2
VEIN OF GALEN ANEURYSMAL MALFORMATION,2
PLASMA VISCOSITY ABNORMAL,2
PYOMETRA,2
VENA CAVA INJURY,2
LIPECTOMY,2
LIPASE,2
VENOMOUS STING,2
GRAFT HAEMORRHAGE,2
GRANULICATELLA BACTERAEMIA,2
ANGIOFIBROMA,2
GRANULOMATOUS ROSACEA,2
GREENSTICK FRACTURE,2
NONINFECTIVE RETINITIS,2
GYNAECOLOGICAL EXAMINATION ABNORMAL,2
HABIT COUGH,2
HAEMANGIOMA RUPTURE,2
LIP OPERATION,2
PUPILLARY DEFORMITY,2
PUPILLARY BLOCK,2
"HALLUCINATION, GUSTATORY",2
HAND AMPUTATION,2
HEPATITIS C RNA POSITIVE,2
LEUKAEMIC INFILTRATION PULMONARY,2
LEUKAEMIC INFILTRATION HEPATIC,2
LEUKAEMIA GRANULOCYTIC,2
PULMONARY ARTERY THERAPEUTIC PROCEDURE,2
PULMONARY ARTERY STENT INSERTION,2
OBSESSIVE RUMINATION,2
AMNIOTIC MEMBRANE GRAFT,2
VESSEL PUNCTURE SITE DISCOLOURATION,2
PULMONARY ARTERY CATHETERISATION,2
VESSEL PUNCTURE SITE ERYTHEMA,2
HEPATIC STEATO-FIBROSIS,2
HEPATIC VASCULAR FISTULA,2
PULMONARY ARTERIAL WEDGE PRESSURE DECREASED,2
HEPATIC VEIN EMBOLISM,2
VESSEL PUNCTURE SITE INFLAMMATION,2
HEPATITIS A VIRUS TEST POSITIVE,2
PULMONARY ABLATION,2
HEPATITIS B CORE ANTIGEN POSITIVE,2
LESER-TRELAT SIGN,2
LEPTOTRICHIA INFECTION,2
PTPN11 GENE MUTATION,2
ALVEOLAR RHABDOMYOSARCOMA,2
HEPATITIS C CORE ANTIBODY POSITIVE,2
VIBRIO VULNIFICUS INFECTION,2
NYHA CLASSIFICATION,2
PLEURAL CYST,2
NOTALGIA PARAESTHETICA,2
HEPATIC CANDIDIASIS,2
ANAL DILATION PROCEDURE,2
ANAL CANDIDIASIS,2
ANAL CANCER STAGE III,2
NOTHING BY MOUTH ORDER,2
VERTEBRAL ARTERY HYPOPLASIA,2
VERTEBRAL ARTERY PERFORATION,2
VERTEBRAL ARTERY STENOSIS,2
VERTEBRAL END PLATE INFLAMMATION,2
HEALTHCARE-ASSOCIATED INFECTION,2
PLATYPNOEA,2
OSTEOCALCIN INCREASED,2
LEUKOERYTHROBLASTIC ANAEMIA,2
PULMONARY INFLAMMATORY PSEUDOTUMOUR,2
HEART TRANSPLANT FAILURE,2
LEUKOCYTE VACUOLISATION,2
PLESIOMONAS SHIGELLOIDES INFECTION,2
VERTEBROBASILAR DOLICHOECTASIA,2
LEUKAEMIC LYMPHOMA,2
LEUKAEMIC INFILTRATION RENAL,2
HEPARIN-INDUCED THROMBOCYTOPENIA TEST POSITIVE,2
AMYLOIDOMA,2
VERTIGO CNS ORIGIN,2
PULMONARY ECHINOCOCCIASIS,2
LACRIMAL GLAND OPERATION,2
HYPERMAGNESURIA,2
QUALITY OF LIFE SCALE,2
ORAL MUCOSAL HYPERTROPHY,2
ACQUIRED AMINOACIDURIA,2
INFUSION SITE LACERATION,2
INFUSION SITE LYMPHADENOPATHY,2
INFUSION SITE MOBILITY DECREASED,2
PRADER-WILLI SYNDROME,2
POWASSAN VIRUS ENCEPHALITIS,2
INJECTION SITE DYSAESTHESIA,2
POTASSIUM HYDROXIDE PREPARATION POSITIVE,2
ISCHAEMIC SKIN ULCER,2
INJECTION SITE ISCHAEMIA,2
ACHENBACH SYNDROME,2
WOUND CONTAMINATION,2
LACRIMAL DUCT PROCEDURE,2
INJECTION SITE JOINT INFLAMMATION,2
POSTPARTUM VENOUS THROMBOSIS,2
ACCESSORY MUSCLE,2
INJECTION SITE LYMPHADENOPATHY,2
ACCESSORY BREAST,2
INJECTION SITE TELANGIECTASIA,2
INNER EAR INFARCTION,2
POOR WEIGHT GAIN NEONATAL,2
POSTOPERATIVE RESPIRATORY FAILURE,2
ACANTHOMA,2
POSTOPERATIVE RENAL FAILURE,2
JAW FISTULA,2
ACQUIRED ARTERIOVENOUS MALFORMATION,2
INFUSION SITE EXFOLIATION,2
INFUSION SITE EROSION,2
OLIGODENDROGLIOMA,2
ACQUIRED SYRINGOMYELIA,2
INFECTED LYMPHOCELE,2
ACQUIRED PIGMENTED RETINOPATHY,2
PRENATAL SCREENING TEST ABNORMAL,2
PRENATAL SCREENING TEST,2
INFECTED VARICOSE VEIN,2
OMENTAL NECROSIS,2
INFECTION-INDUCED SEROCONVERSION,2
JOINT FISTULA,2
ACQUIRED HYPOCALCIURIC HYPERCALCAEMIA,2
ACQUIRED HYPERTROPHY OF THE RETINAL PIGMENT EPITHELIUM,2
INFECTIVE THROMBOSIS,2
INFECTIVE UVEITIS,2
INFERIOR VENA CAVA SYNDROME,2
INFERIORITY COMPLEX,2
INFLAMMATION MASKED,2
INFLAMMATION OF LACRIMAL PASSAGE,2
PREGNANCY WITH ADVANCED MATERNAL AGE,2
ACQUIRED DYSFIBRINOGENAEMIA,2
ACQUIRED CYSTIC KIDNEY DISEASE,2
ORAL PAPULE,2
OOCYTE HARVEST,2
OPHTHALMIC FLUID-AIR EXCHANGE PROCEDURE,2
INSTILLATION SITE DISCOMFORT,2
INSTILLATION SITE DRYNESS,2
XANTHOMATOSIS,2
INTRA-CEREBRAL ANEURYSM OPERATION,2
INTRACRANIAL GERM CELL TUMOUR,2
ORAL FIBROMA,2
IRON BINDING CAPACITY UNSATURATED INCREASED,2
ABDOMINAL EXPLORATION,2
IRON BINDING CAPACITY TOTAL ABNORMAL,2
PORTAL VEIN CAVERNOUS TRANSFORMATION,2
XIITH NERVE INJURY,2
INTRAOCULAR HAEMATOMA,2
PORTAL VEIN EMBOLISM,2
PORTAL VEIN PHLEBITIS,2
5-HYDROXYINDOLACETIC ACID,2
INTRAVENOUS LEIOMYOMATOSIS,2
INTRAVITREAL IMPLANT,2
POST EMBOLISATION SYNDROME,2
22Q11.2 DELETION SYNDROME,2
INVASIVE PNEUMOCOCCAL DISEASE,2
PORTAL VEIN PRESSURE INCREASED,2
POST ANGIOPLASTY RESTENOSIS,2
ZHU-TOKITA-TAKENOUCHI-KIM SYNDROME,2
ZIKA VIRUS INFECTION,2
IRIS ATROPHY,2
PORTOPULMONARY HYPERTENSION,2
OPTIC NERVE NEOPLASM,2
POST PROCEDURAL PERSISTENT DRAIN FLUID,2
ABSTAINS FROM ALCOHOL,2
X-RAY WITH CONTRAST UPPER GASTROINTESTINAL TRACT,2
INSTILLATION SITE INFECTION,2
INSTILLATION SITE REACTION,2
ABSCESS OF SALIVARY GLAND,2
OPHTHALMOLOGICAL EXAMINATION,2
INSULIN C-PEPTIDE ABNORMAL,2
ABORTION INDUCED INCOMPLETE,2
ABORTION COMPLETE,2
POSTICTAL HEADACHE,2
INTERCEPTED ACCIDENTAL EXPOSURE TO PRODUCT BY CHILD,2
WRITER^S CRAMP,2
WRONG DEVICE,2
POSTERIOR CAPSULE RUPTURE,2
ABNORMAL LABOUR AFFECTING FOETUS,2
OPTIC DISC VASCULAR DISORDER,2
ABNORMAL DNA METHYLATION,2
INTERNAL CAPSULE INFARCTION,2
INTERNAL CAROTID ARTERY DEFORMITY,2
INTERNAL LIMITING MEMBRANE PEELING,2
INTERNATIONAL NORMALISED RATIO,2
ABERRANT MOTOR BEHAVIOUR,2
ISCHAEMIC DEMYELINATION,2
INTESTINAL ANGINA,2
OPTIC NERVE CUP/DISC RATIO INCREASED,2
JOINT NEOPLASM,2
INFECTED ACROCHORDON,2
INFANTILE CORTICAL HYPEROSTOSIS,2
LABIA ENLARGED,2
HYPOPARATHYROIDISM SECONDARY,2
HYPOPHONESIS,2
HYPOPITUITARISM FOETAL,2
HYPOTHALAMIC ENLARGEMENT,2
HYPOTHYROIDIC GOITRE,2
HYPOVENTILATION NEONATAL,2
ADENOVIRAL UPPER RESPIRATORY INFECTION,2
ICHTHYOSIS ACQUIRED,2
ICTERUS INDEX INCREASED,2
IDIOPATHIC ENVIRONMENTAL INTOLERANCE,2
ADENOVIRAL CONJUNCTIVITIS,2
VOLVULUS REPAIR,2
ILEOCAECAL VALVE LIPOMA,2
ILEOCOLOSTOMY,2
ILIAC ARTERY ARTERIOSCLEROSIS,2
KMT2A GENE MUTATION,2
OESOPHAGOGASTROSCOPY ABNORMAL,2
ILIAC VEIN STENOSIS,2
KLINEFELTER^S SYNDROME,2
IMMATURE GRANULOCYTE COUNT,2
ORBITAL SPACE OCCUPYING LESION,2
KLEPTOMANIA,2
IMMUNE-MEDIATED POLYSEROSITIS,2
POCKET EROSION,2
HYPONATRAEMIC COMA,2
IMMUNOGLOBULIN THERAPY,2
LABORATORY TEST NORMAL,2
VITREOUS INJURY,2
VITREOUS LOSS,2
OESOPHAGEAL MANOMETRY,2
VITREOUS PROLAPSE,2
OROFACIAL GRANULOMATOSIS,2
OESOPHAGEAL MUCOSA ERYTHEMA,2
PNEUMORETROPERITONEUM,2
HYPERTENSIVE CARDIOMYOPATHY,2
HYPERTENSIVE CEREBROVASCULAR DISEASE,2
HYPERTENSIVE END-ORGAN DAMAGE,2
HYPERTROPHIC ANAL PAPILLA,2
VOCAL CORD ERYTHEMA,2
LABOUR AUGMENTATION,2
HYPERVITAMINOSIS B12,2
HYPERVITAMINOSIS D,2
HYPNIC HEADACHE,2
ADMINISTRATION SITE CYST,2
HYPOCALCIURIA,2
HYPOCARNITINAEMIA,2
PNH CLONE INCREASED,2
HYPOFERRITINAEMIA,2
OESOPHAGEAL MUCOSAL TEAR,2
OESOPHAGEAL SQUAMOUS CELL CARCINOMA RECURRENT,2
IMMUNOCHEMOTHERAPY,2
VULVAL CANCER RECURRENT,2
OLIGOASTHENOZOOSPERMIA,2
INADEQUATE HAEMODIALYSIS,2
INADEQUATE OSTEOINTEGRATION,2
ORBITAL DECOMPRESSION,2
ACUTE AORTIC SYNDROME,2
INCARCERATED PARASTOMAL HERNIA,2
PRIMARY SYPHILIS,2
WALDENSTROM^S MACROGLOBULINAEMIA RECURRENT,2
ACTINIC ELASTOSIS,2
ACTINIC CHEILITIS,2
INCISION SITE OEDEMA,2
JUNCTIONAL ECTOPIC TACHYCARDIA,2
INCISIONAL HERNIA REPAIR,2
POLYMICROGYRIA,2
PRIMARY HYPERCHOLESTEROLAEMIA,2
WALLERIAN DEGENERATION,2
PRIMARY HEADACHE ASSOCIATED WITH SEXUAL ACTIVITY,2
WANDERING PACEMAKER,2
INCOMPLETE SPINAL FUSION,2
POLYMORPHIC ERUPTION OF PREGNANCY,2
JUGULAR VEIN HAEMORRHAGE,2
INCREASED INTRAPERITONEAL VOLUME,2
INCREASED STEROID ACTIVITY,2
PRIDE SYNDROME,2
ACRODERMATITIS ENTEROPATHICA,2
ACUTE GRAFT VERSUS HOST DISEASE IN EYE,2
INADEQUATE ASEPTIC TECHNIQUE IN MANUFACTURING OF PRODUCT,2
VULVAL ECZEMA,2
ACUTE HAEMORRHAGIC CONJUNCTIVITIS,2
VULVAL HAEMATOMA,2
KIDNEY PERFORATION,2
VULVAL NEOPLASM,2
IMPLANT SITE HYPERSENSITIVITY,2
VULVAR BASAL CELL CARCINOMA,2
IMPLANT SITE INDURATION,2
POLYCYTHAEMIA NEONATORUM,2
IMPLANT SITE MASS,2
PROCTOSCOPY ABNORMAL,2
PROCTOSCOPY,2
PROCTOPARALYSIS,2
IMPLANT SITE OEDEMA,2
PROCTITIS BACTERIAL,2
ACUTE PAINFUL NEUROPATHY OF RAPID GLYCAEMIC CONTROL,2
VULVOVAGINAL DISORDER,2
IMPLANT SITE THROMBOSIS,2
ACUTE NECROTISING MYELITIS,2
ACUTE MYELOID LEUKAEMIA (IN REMISSION),2
PROCOAGULANT THERAPY,2
KAPOSI^S SARCOMA CLASSICAL TYPE,2
KAPOSIFORM HAEMANGIOENDOTHELIOMA,2
PROCEDURAL SHOCK,2
VULVOVAGINAL HUMAN PAPILLOMA VIRUS INFECTION,2
GLUTAMATE DEHYDROGENASE LEVEL ABNORMAL,2
OCCUPATIONAL EXPOSURE TO AIR CONTAMINANTS,2
GLOBAL LONGITUDINAL STRAIN,2
NIPPLE BLISTER,2
VAGINAL WALL CONGESTION,2
VASCULAR ACCESS SITE WARMTH,2
GASTROINTESTINAL ANASTOMOTIC HAEMORRHAGE,2
NIKOLSKY^S SIGN TEST,2
NIH STROKE SCALE SCORE INCREASED,2
ANTI-MUELLERIAN HORMONE LEVEL DECREASED,2
REGENERATIVE SIDEROTIC HEPATIC NODULE,2
GIANT PAPILLARY CONJUNCTIVITIS,2
ANORECTAL SENSORY LOSS,2
GAMMA RADIATION THERAPY,2
RED BLOOD CELL SPHEROCYTES PRESENT,2
GAUCHER^S DISEASE TYPE II,2
OSTEOPHYTE FRACTURE,2
GLOMUS TUMOUR,2
AORTIC VALVE PROLAPSE,2
FREE FATTY ACIDS INCREASED,2
GASTROINTESTINAL DECOMPRESSION,2
ANTI-MELANOMA DIFFERENTIATION-ASSOCIATED PROTEIN 5 ANTIBODY POSITIVE,2
LOSS OF ANATOMICAL ALIGNMENT AFTER FRACTURE REDUCTION,2
RADIOTHERAPY TO LUNG,2
LUNG SQUAMOUS CELL CARCINOMA RECURRENT,2
ANTICOAGULATION DRUG LEVEL ABNORMAL,2
PITUITARY AMENORRHOEA,2
RED BLOOD CELL SCHISTOCYTES,2
GIANT CELL EPULIS,2
ANONYCHIA,2
VASCULAR HEADACHE,2
GLUCOCORTICOIDS ABNORMAL,2
ANORECTAL CELLULITIS,2
VAGINAL PROLAPSE REPAIR,2
RADIATION FIBROSIS - LUNG,2
VACCINE VIRUS SHEDDING,2
NODAL MARGINAL ZONE B-CELL LYMPHOMA,2
NEUTROPHIL FUNCTION DISORDER,2
GLOTTIS CARCINOMA,2
GALLBLADDER VOLVULUS,2
RADIATION INDUCED ENCEPHALOPATHY,2
ANTI FACTOR V ANTIBODY POSITIVE,2
ANTI-INFECTIVE THERAPY,2
AORTIC STENT INSERTION,2
ANORECTAL HERPES,2
GASTROENTEROSTOMY,2
RED BLOOD CELL TARGET CELLS PRESENT,2
FREE PROSTATE-SPECIFIC ANTIGEN INCREASED,2
PIGMENTARY GLAUCOMA,2
GAMMA-GLUTAMYLTRANSFERASE,2
FRUCTOSAMINE INCREASED,2
RADICAL MASTECTOMY,2
NEUTROPHIL HYPERSEGMENTED MORPHOLOGY PRESENT,2
VASCULAR ACCESS SITE RASH,2
RADIOEMBOLISATION,2
GASTROOESOPHAGEAL REFLUX IN NEONATE,2
RENAL CYST ASPIRATION,2
GASTROINTESTINAL PROTOZOAL INFECTION,2
ANTIPSYCHOTIC THERAPY,2
REDUCED PARASYMPATHETIC ACTIVITY,2
RADICULITIS BRACHIAL,2
GASTROINTESTINAL SUBMUCOSAL TUMOUR,2
FUNCTIONAL RESIDUAL CAPACITY ABNORMAL,2
NON-SMALL CELL LUNG CANCER STAGE I,2
REFLUX NEPHROPATHY,2
GASTROINTESTINAL WALL ABNORMAL,2
ANTI-INSULIN ANTIBODY POSITIVE,2
RENAL CELL CARCINOMA STAGE IV,2
OVARIAN ATROPHY,2
RADICAL HYSTERECTOMY,2
GINGIVAL HYPERPIGMENTATION,2
GASTROPARESIS POSTOPERATIVE,2
FREE THYROXINE INDEX ABNORMAL,2
VASCULAR RINGS AND SLINGS,2
RECTAL CANCER STAGE II,2
GINGIVAL CANCER,2
RADIOLOGICALLY ISOLATED SYNDROME,2
GLOBOTRIAOSYLSPHINGOSINE,2
RENAL FUNCTION TEST,2
GASTRIC CANCER STAGE III,2
GASTRIC CANCER STAGE II,2
OVARIAN ADENOMA,2
GASTRIC ATONY,2
VAGINOPLASTY,2
LIPOSARCOMA RECURRENT,2
RENAL CANCER STAGE I,2
NON-HODGKIN^S LYMPHOMA UNSPECIFIED HISTOLOGY AGGRESSIVE,2
OSTEOPLASTY,2
RADIATION THROMBOCYTOPENIA,2
VAGINAL CANCER STAGE 0,2
GASTRIC BANDING REVERSAL,2
NIPPLE EXUDATE BLOODY,2
FUNGAL ABDOMINAL INFECTION,2
GENITAL CANCER MALE,2
GENITO-PELVIC PAIN/PENETRATION DISORDER,2
VARICOSE VEINS VULVAL,2
NON-HODGKIN^S LYMPHOMA STAGE II,2
VASA PRAEVIA,2
ANISOMASTIA,2
RADIAL PULSE DECREASED,2
NON-HODGKIN^S LYMPHOMA METASTATIC,2
PHOTOTHERAPY,2
FOLLICULAR ECZEMA,2
VASCULAR ACCESS SITE ABSCESS,2
LUPUS ANTICOAGULANT HYPOPROTHROMBINAEMIA SYNDROME,2
GENOTOXICITY,2
LUPUS PNEUMONITIS,2
REACTION TO FLAVOURING,2
GLUCOSE-6-PHOSPHATE DEHYDROGENASE ABNORMAL,2
PLACENTAL CHORIOANGIOMA,2
GASTRIC OCCULT BLOOD POSITIVE,2
GASTRIN-RELEASING PEPTIDE PRECURSOR INCREASED,2
GESTATIONAL ALLOIMMUNE LIVER DISEASE,2
ANTI-SRP ANTIBODY POSITIVE,2
VACCINATION SITE PRURITUS,2
LIPOLYSIS PROCEDURE,2
VACCINATION SITE RASH,2
FOOD PROTEIN-INDUCED ENTEROCOLITIS SYNDROME,2
RENAL ONCOCYTOMA,2
VASCULAR ACCESS SITE COLDNESS,2
RED BLOOD CELL BURR CELLS PRESENT,2
RENAL AND PANCREAS TRANSPLANT,2
ANTI-POLYETHYLENE GLYCOL ANTIBODY PRESENT,2
GLUCOSE TOLERANCE IMPAIRED IN PREGNANCY,2
GASTRIC STENT INSERTION,2
VARICOSE VEINS VAGINAL,2
FONTAN PROCEDURE,2
GASTRIC PROLAPSE,2
ANTIBIOTIC LEVEL BELOW THERAPEUTIC,2
RENAL ARTERY DISSECTION,2
GASTRIC TUBE RECONSTRUCTION,2
OTOPALATODIGITAL SPECTRUM DISORDER,2
PITTED KERATOLYSIS,2
PHOTOREFRACTIVE KERATECTOMY,2
RED BLOOD CELL HYPOCHROMIC MORPHOLOGY PRESENT,2
ANNULAR PANCREAS,2
NODULAR LYMPHOCYTE PREDOMINANT HODGKIN LYMPHOMA,2
RECTOURETHRAL FISTULA,2
PINEAL NEOPLASM,2
GENITALS ENLARGED,2
ANTI-NEURONAL ANTIBODY,2
LYMPH NODE ULCER,2
FOVEAL DEGENERATION,2
RAOULTELLA TEST POSITIVE,2
RADIATION ALOPECIA,2
LUNG SQUAMOUS CELL CARCINOMA STAGE III,2
GENITALIA EXTERNAL AMBIGUOUS,2
GALLBLADDER CANCER STAGE IV,2
OVARIAN CANCER STAGE II,2
GENITAL LABIAL OPERATION,2
VAGINAL PESSARY INSERTION,2
GALLBLADDER ADHESION,2
GALACTOSE INTOLERANCE,2
ANTIBIOTIC PROPHYLAXIS,2
RENAL ARTERITIS,2
PHOTOSENSITIVE SEIZURE,2
ANTI FACTOR XA ACTIVITY DECREASED,2
GESTATIONAL TROPHOBLASTIC TUMOUR,2
LUNG SQUAMOUS CELL CARCINOMA STAGE IV,2
ACUTE HAEMORRHAGIC LEUKOENCEPHALITIS,1
ARTERIOVENOUS GRAFT THROMBOSIS,1
VAGINECTOMY,1
BONE RESORPTION TEST ABNORMAL,1
OLFACTORY NERVE DISORDER,1
ANTIPHOSPHOLIPID ANTIBODIES NEGATIVE,1
BONE MARROW HARVEST,1
TONGUE NEOPLASM BENIGN,1
MYELODYSPLASTIC SYNDROME WITH RINGED SIDEROBLASTS,1
ARTERIAL RECANALISATION PROCEDURE,1
BONE PROSTHESIS INSERTION,1
OVARIAN BACTERIAL INFECTION,1
BONE MARROW EOSINOPHILIC LEUKOCYTE COUNT INCREASED,1
ACUTE MEGAKARYOCYTIC LEUKAEMIA,1
AORTIC BRUIT,1
ACUTE HAEMOLYTIC TRANSFUSION REACTION,1
ACUTE HAEMORRHAGIC OEDEMA OF INFANCY,1
TOOTH FUSION,1
ACQUIRED PROTEIN S DEFICIENCY,1
BONE MARROW POLYMORPHONUCLEAR LEUKOCYTE COUNT INCREASED,1
BRAIN STEM THROMBOSIS,1
ARTERIOVENOUS GRAFT SITE INFECTION,1
AORTIC ARCH REPLACEMENT,1
ARTERIOVENOUS GRAFT,1
BRACHIOCEPHALIC VEIN STENOSIS,1
BRAIN NATRIURETIC PEPTIDE,1
PARAMNESIA,1
OVARIAN NEOPLASM SURGERY,1
BRACHIOCEPHALIC ARTERIOSCLEROSIS,1
ACTH-PRODUCING PITUITARY TUMOUR,1
MYOCARDIAL NECROSIS MARKER,1
WATERHOUSE-FRIDERICHSEN SYNDROME,1
UTERINE CERVIX LYMPHOMA,1
TONGUE TIE OPERATION,1
BONE GRAFT LYSIS,1
OLIGOASTHENOTERATOZOOSPERMIA,1
UTERINE CERVIX HYPERPLASIA,1
MYOCARDIAL HYPOXIA,1
ANTITHROMBIN III ABNORMAL,1
NICOTINAMIDE INCREASED,1
ARTERIOGRAM ABNORMAL,1
BRACHYTHERAPY TO UTERUS,1
UTERINE CERVIX ULCER,1
AORTIC ANNULUS RUPTURE,1
ACTH STIMULATION TEST ABNORMAL,1
ACROPHOBIA,1
ACROKERATOSIS PARANEOPLASTICA,1
BOWENOID PAPULOSIS,1
ARTERIOVENOUS FISTULA MATURATION FAILURE,1
ARTERIAL RESTENOSIS,1
VULVOVAGINITIS STAPHYLOCOCCAL,1
MYELOID LEUKAEMIA IN REMISSION,1
ACUTE FLACCID MYELITIS,1
ARTERIOVENOUS FISTULA SITE PSEUDOANEURYSM,1
BONE SCAN,1
OLFACTORY TEST,1
ACRAL PEELING SKIN SYNDROME,1
BORDERLINE MUCINOUS TUMOUR OF OVARY,1
TONSILLAR ATROPHY,1
TONGUE POLYP,1
VULVOVAGINITIS ALLERGIC,1
OVARIAN PROLAPSE,1
ACTINOMYCOTIC ABDOMINAL INFECTION,1
ACTIVATED PARTIAL THROMBOPLASTIN TIME RATIO DECREASED,1
WEIGHT,1
WAGNER^S DISEASE,1
TOOTH ABSCESS DRAINAGE,1
ACTIVATED PARTIAL THROMBOPLASTIN TIME,1
WEBER TUNING FORK TEST ABNORMAL,1
ORBIT ATROPHY,1
BOTRYOMYCOSIS,1
BRAIN SARCOMA,1
ACTINOMYCOTIC SKIN INFECTION,1
BRACHIOCEPHALIC VEIN OCCLUSION,1
VASOLIGATION,1
BONE FISTULA,1
ADIPONECTIN INCREASED,1
VOCAL FOLD IMMOBILITY,1
PARACENTESIS EYE ABNORMAL,1
UROBILINOGEN URINE DECREASED,1
OESOPHAGEAL ULCER PERFORATION,1
TRACHEAL DILATATION,1
BLOOD PRESSURE DIASTOLIC NORMAL,1
ORGAN DONOR,1
MYRINGOSCLEROSIS,1
UROCELE,1
ARTIFICIAL URINARY SPHINCTER REMOVAL,1
VOLUME BLOOD INCREASED,1
TRACHEAL ABSCESS,1
ANTICACHECTIC THERAPY,1
ADENOSQUAMOUS CELL LUNG CANCER STAGE IV,1
ANTICOAGULATION DRUG LEVEL,1
ADENOSQUAMOUS CELL LUNG CANCER STAGE III,1
PARADOXICAL OSTEOBLASTIC FLARE,1
PARADOXICAL PAIN,1
TOXOCARIASIS,1
BLOOD PYRUVIC ACID INCREASED,1
ANTICONVULSANT DRUG LEVEL ABNORMAL,1
BLOOD SELENIUM,1
MYOPIC CHORIORETINAL DEGENERATION,1
ADENOSQUAMOUS CELL CARCINOMA,1
BLOOD SELENIUM INCREASED,1
BLOOD SMEAR TEST ABNORMAL,1
OREXIN DEFICIENCY,1
VON HIPPEL-LINDAU DISEASE,1
ADENOSIS SCLEROSING,1
ANTIBIOTIC LEVEL THERAPEUTIC,1
BLOOD PHOSPHORUS,1
VARIANT CREUTZFELDT-JAKOB DISEASE,1
VOCAL CORD SCARRING,1
ADMINISTRATION SITE ECZEMA,1
ASPIRATION BURSA,1
BLOOD IMMUNOGLOBULIN G,1
TRACHEOSCOPY ABNORMAL,1
BLOOD IMMUNOGLOBULIN M,1
OVERGROWTH SYNDROME,1
VOCAL CORD FIXATION,1
ASPHYXIATING THORACIC DYSTROPHY,1
URINE SODIUM ABNORMAL,1
N-RAS GENE MUTATION,1
TRACHELOPLASTY,1
ASPERGILLUS TEST,1
ASPARTATE AMINOTRANSFERASE NORMAL,1
ADMINISTRATION SITE COLDNESS,1
VARICOSE VEINS SUBLINGUAL,1
PAPILLON-LEFEVRE SYNDROME,1
VOCAL CORD NODULE REMOVAL,1
URINE URIC ACID,1
URINE URIC ACID ABNORMAL,1
TRACHEAL SCARRING,1
OTOSALPINGITIS,1
BLOOD MAGNESIUM,1
BLOOD OESTROGEN,1
BLOOD OSMOLARITY ABNORMAL,1
ADJUSTMENT DISORDER WITH MIXED DISTURBANCE OF EMOTION AND CONDUCT,1
UROBILINOGEN URINE,1
PAPULOERYTHRODERMA OF OFUJI,1
OESOPHAGEAL STENT STENOSIS,1
ADIPOSIS DOLOROSA,1
TOXIC NODULAR GOITRE,1
BLOOD TESTOSTERONE NORMAL,1
BLOOD THROMBIN ABNORMAL,1
VON WILLEBRAND^S FACTOR ACTIVITY DECREASED,1
ANTIENDOMYSIAL ANTIBODY POSITIVE,1
OESOPHAGOSTOMY,1
VULVAL POLYP,1
ADCY5-RELATED DYSKINESIA,1
NICOTINIC STOMATITIS,1
ARTHROLYSIS,1
ORAL SUBMUCOSAL FIBROSIS,1
BODY SURFACE AREA,1
MYOMETRIAL THINNING,1
ADAPTIVE SERVO-VENTILATION,1
TORULOPSIS INFECTION,1
TORTUOUS OESOPHAGUS,1
ADAMTS13 INHIBITOR SCREEN ASSAY,1
BODY TEMPERATURE NORMAL,1
ANTIMICROBIAL SUSCEPTIBILITY TEST,1
BONE CALLUS EXCESSIVE,1
TOPOGRAPHY CORNEAL ABNORMAL,1
BONE CEMENT ALLERGY,1
BONE CRISIS,1
OVARIAN SERTOLI-LEYDIG CELL TUMOUR,1
ADAMTS13 ACTIVITY INCREASED,1
OESTROGENIC EFFECT,1
BONE CYST EXCISION,1
OFFICE VISIT,1
ACUTE VESTIBULAR SYNDROME,1
OIL ACNE,1
ANTIMITOCHONDRIAL ANTIBODY,1
ARTHRITIS CLIMACTERIC,1
ARTHRITIS ALLERGIC,1
VULVAL LEUKOPLAKIA,1
ADENINE PHOSPHORIBOSYL TRANSFERASE DEFICIENCY,1
BODY MODIFICATION,1
ARTHROTOMY,1
VON WILLEBRAND^S FACTOR ANTIBODY POSITIVE,1
VON WILLEBRAND^S FACTOR ANTIGEN INCREASED,1
UROGENITAL INFECTION BACTERIAL,1
BLOOD THROMBOPLASTIN,1
OVERCHELATION,1
UROGRAM,1
BLOOD TYPE INCOMPATIBILITY,1
ORBITOTOMY,1
OESOPHAGOSCOPY,1
ANTIDEPRESSANT DRUG LEVEL,1
ADENOSINE DEAMINASE ABNORMAL,1
ARTHROTOXICITY,1
BLOOD UREA NITROGEN/CREATININE RATIO,1
BLOOD URIC ACID,1
OVARIAN THECA CELL TUMOUR,1
TOTAL SPERM COUNT DECREASED,1
BLOOD ZINC INCREASED,1
ADENOID CYSTIC CARCINOMA OF SALIVARY GLAND,1
VULVAL CANCER METASTATIC,1
MYOMETRITIS,1
BLOOM SYNDROME,1
BOBBLE-HEAD DOLL SYNDROME,1
VULVAL CANCER STAGE I,1
BODY FLUID ANALYSIS,1
PARADUODENAL HERNIA,1
ADENOCARCINOMA OF SALIVARY GLAND,1
ADENOCARCINOMA GASTRIC STAGE IV,1
UROTHELIUM EROSION,1
BREAST ADENOMA,1
BREATH ALCOHOL TEST POSITIVE,1
BREAST ANGIOSARCOMA METASTATIC,1
APOLIPOPROTEIN A-I INCREASED,1
ABNORMAL INVOLUNTARY MOVEMENT SCALE,1
CAPILLARY FRAGILITY INCREASED,1
CANTHOPLASTY,1
CANDIDA RETINITIS,1
OPTIC DISC HYPERAEMIA,1
CANDIDA OSTEOMYELITIS,1
CANCER GENE CARRIER,1
CAPILLARY PERMEABILITY,1
ABNORMAL ORGAN GROWTH,1
CALYCEAL DIVERTICULUM,1
ABNORMAL ORGAN MATURATION,1
MUSCLE RELEASE,1
CALCIUM PHOSPHATE PRODUCT INCREASED,1
CALCIUM IONISED ABNORMAL,1
CAPILLARY FRAGILITY TEST,1
CAPSULAR CONTRACTURE ASSOCIATED WITH BREAST IMPLANT,1
WT1 GENE MUTATION,1
APPLICATION SITE HYPERAESTHESIA,1
NEUTRALISING ANTIBODIES NEGATIVE,1
NEUTROPHIL ENGRAFTMENT ANALYSIS,1
CARBAMOYL PHOSPHATE SYNTHETASE DEFICIENCY,1
ABIOTROPHIA DEFECTIVA ENDOCARDITIS,1
VACCINE VIRAEMIA,1
CAPSULORRHAPHY,1
ABLEPHARON MACROSTOMIA SYNDROME,1
VACUUM ASPIRATION,1
CAPSULE ENDOSCOPY,1
OVARIAN GERM CELL EMBRYONAL CARCINOMA STAGE II,1
CAPSULAR WARNING SYNDROME,1
ABNORMAL GENE CARRIER,1
THROMBOSED VARICOSE VEIN,1
CAPSULAR CONTRACTURE ASSOCIATED WITH IMPLANT,1
APOLIPOPROTEIN A-I DECREASED,1
CALCIUM INTOXICATION,1
OPIATES,1
BURSITIS INFECTIVE STAPHYLOCOCCAL,1
BYSSINOSIS,1
APOL1-MEDIATED KIDNEY DISEASE,1
THYROID CANCER STAGE I,1
ABORTION INDUCED INCOMPLETE COMPLICATED,1
THYROID CANCER STAGE II,1
THYROID CANCER STAGE IV,1
OPHTHALMOLOGIC TREATMENT,1
ABNORMAL PRECORDIAL MOVEMENT,1
UTERINE TUMOUR EXCISION,1
ABSORBABLE DEVICE ISSUE,1
BURSAL FLUID ACCUMULATION,1
VAGINAL ATRESIA,1
PARATHYROID GLAND ABSCESS,1
THYROID FUNCTION TEST,1
UV LIGHT THERAPY,1
MUSCLE STRENGTH NORMAL,1
C1 ESTERASE INHIBITOR DECREASED,1
APPLICATION SITE JOINT INFECTION,1
THYROID AGENESIS,1
CAESAREAN DELIVERY ON MATERNAL REQUEST,1
THYROGLOSSAL CYST INFECTION,1
PARATHYROID HORMONE-RELATED PROTEIN,1
THYROGLOBULIN PRESENT,1
APPLICATION SITE JOINT ERYTHEMA,1
THYROGLOBULIN DECREASED,1
APOLIPOPROTEIN A-I ABNORMAL,1
APPLICATION SITE HYPERTROPHY,1
CALCIFIC DEPOSITS REMOVAL,1
ABORTED PREGNANCY,1
ABO INCOMPATIBILITY,1
THYMOMA MALIGNANT RECURRENT,1
THROMBOEMBOLECTOMY,1
VACCINE BREAKTHROUGH INFECTION,1
BURSA CALCIFICATION,1
CARD9 DEFICIENCY,1
CARDIAC CEPHALGIA,1
THIRD TRIMESTER PREGNANCY,1
MUNCHAUSEN^S SYNDROME,1
PARECHOVIRUS INFECTION,1
VACCINATION SITE EXTRAVASATION,1
OPTIC NERVE OPERATION,1
ABDOMEN CRUSHING,1
VACCINATION SITE HAEMORRHAGE,1
XXX SYNDROME,1
VACCINATION SITE DISCOLOURATION,1
ABDOMINAL ADHESIOLYSIS,1
THORACIC OUTLET SURGERY,1
MUSCLE ENZYME ABNORMAL,1
NEUROPATHY VITAMIN B6 DEFICIENCY,1
3-HYDROXYACETYL-COENZYME A DEHYDROGENASE DEFICIENCY,1
THERMOMETRY ABNORMAL,1
CARBOHYDRATE ANTIGEN 125,1
NEUROSTIMULATOR REMOVAL,1
THERAPEUTIC SKIN CARE TOPICAL,1
17-ALPHA-HYDROXYLASE DEFICIENCY,1
CARDIAC IMAGING PROCEDURE ABNORMAL,1
OPTIC PATHWAY INJURY,1
CARDIAC IMAGING PROCEDURE,1
CARDIAC HERNIATION,1
CARDIAC GRANULOMA,1
OVARIAN FAILURE POSTOPERATIVE,1
YOLK SAC TUMOUR SITE UNSPECIFIED,1
1P36 DELETION SYNDROME,1
VACCINATION SITE INJURY,1
NEUROPSYCHOLOGICAL TEST ABNORMAL,1
CARDIAC COMPLICATION ASSOCIATED WITH DEVICE,1
APONEUROSIS CONTUSION,1
CARCINOMA IN SITU OF EYE,1
XERODERMA PIGMENTOSUM,1
MUSCLE FLAP OPERATION,1
MUSCLE INFARCTION,1
ORAL HAEMANGIOMA,1
X-RAY WITH CONTRAST UPPER GASTROINTESTINAL TRACT ABNORMAL,1
APPLICATION SITE CALCIFICATION,1
CARBOHYDRATE TOLERANCE INCREASED,1
APOLIPOPROTEIN B/APOLIPOPROTEIN A-1 RATIO,1
THROMBIN-ANTITHROMBIN III COMPLEX INCREASED,1
X-RAY WITH CONTRAST LOWER GASTROINTESTINAL TRACT,1
CARCINOID TUMOUR OF THE PROSTATE,1
ORAL HAIRY LEUKOPLAKIA,1
ABDOMINAL WALL NEOPLASM BENIGN,1
CARBOHYDRATE ANTIGEN 242 INCREASED,1
X-RAY DENTAL,1
ORAL HYPERKERATOSIS,1
CARBOHYDRATE ANTIGEN 15-3,1
CARBON DIOXIDE,1
XANTHOCHROMIA,1
XANTHOGRANULOMA,1
CARBON DIOXIDE COMBINING POWER DECREASED,1
CARBON DIOXIDE COMBINING POWER INCREASED,1
CARBOXYHAEMOGLOBIN DECREASED,1
ABDOMINAL STRANGULATED HERNIA,1
NEUROVASCULAR CONFLICT,1
VACCINATION SITE URTICARIA,1
CARCINOID TUMOUR OF THE LIVER,1
THREAT OF REDUNDANCY,1
APOLIPOPROTEIN E INCREASED,1
APOLIPOPROTEIN INCREASED,1
THOUGHT INSERTION,1
VACCINATION SITE CALCIFICATION,1
THOUGHT BROADCASTING,1
CARCINOID TUMOUR OF THE OVARY,1
WOUND INFECTION VIRAL,1
MUSCULOCUTANEOUS NERVE INJURY,1
BREAST ARCHITECTURAL DISTORTION,1
OMENTAL OEDEMA,1
ACQUIRED FACTOR VIII DEFICIENCY,1
WHITE BLOOD CELL ANALYSIS,1
BRONCHIAL ARTERY HYPERTROPHY,1
ACQUIRED FACTOR XI DEFICIENCY,1
BRONCHIAL ANASTOMOSIS COMPLICATION,1
BROMODERMA,1
UTERINE INVERSION,1
PARANEOPLASTIC THROMBOSIS,1
ACQUIRED GROWTH HORMONE RESISTANCE,1
ARGININE LEVEL DECREASED,1
BRIEF PSYCHOTIC DISORDER WITHOUT MARKED STRESSORS,1
ARGININOSUCCINATE LYASE INCREASED,1
BREVIBACTERIUM TEST POSITIVE,1
ARGON PLASMA COAGULATION,1
ACQUIRED ENAMEL HYPOPLASIA,1
ACQUIRED DIGITAL FIBROKERATOMA,1
ONCOCYTOMA,1
BRONCHIAL MUCOSA HYPERAEMIA,1
TIDAL VOLUME DECREASED,1
TIDAL VOLUME INCREASED,1
MYCOBACTERIUM TUBERCULOSIS COMPLEX TEST,1
WHITE BLOOD CELLS SEMEN POSITIVE,1
OMENTAL TORSION,1
BRONCHIAL STENT INSERTION,1
BRONCHIAL LESION EXCISION,1
TINEL^S SIGN,1
MYCOBACTERIUM TUBERCULOSIS COMPLEX TEST NEGATIVE,1
ACQUIRED CORONARY ARTERY FISTULA,1
TINEA MANUUM,1
BRONCHIAL DYSPLASIA,1
MYCOBACTERIUM ULCERANS INFECTION,1
UTERINE ISCHAEMIA,1
AORTIC EMBOLUS,1
NEURONAL NEUROPATHY,1
VAGINAL MESH REMOVAL SURGERY,1
ACQUIRED MIXED HYPERLIPIDAEMIA,1
BREAST HYPOPLASIA,1
BREAST FIBROMA,1
BREAST DYSPLASIA,1
PARANEOPLASTIC ARTHRITIS,1
WEIGHT NORMAL,1
BREAST DISCHARGE INFECTED,1
BREAST CYST DRAINAGE,1
PARANEOPLASTIC RASH,1
NEURONAL CEROID LIPOFUSCINOSIS,1
ORAL SOFT TISSUE BIOPSY,1
NEWBORN HEAD MOULDING,1
BREAST CAPSULECTOMY,1
TONGUE INDURATION,1
AORTIC BYPASS,1
BREAST MALFORMATION,1
BREAST MILK DISCOLOURATION,1
BREAST PROCEDURAL COMPLICATION,1
WEIL^S DISEASE,1
BREAST PROLIFERATIVE CHANGES,1
TONGUE CYST,1
MYELOCYTE PERCENTAGE DECREASED,1
WERNER^S SYNDROME,1
ACQUIRED LARYNGOCELE,1
BREAST RADIAL SCAR,1
BREATH ALCOHOL TEST,1
TRACHEOSTOMY TUBE REMOVAL,1
AORTIC ELONGATION,1
BREATH SOUNDS NORMAL,1
MYELOBLAST PRESENT,1
ARID1A GENE MUTATION,1
MYELOBLAST COUNT INCREASED,1
VAGINAL HAEMATOMA,1
BRONCHIAL VARICES,1
OVARIAN GERM CELL ENDODERMAL SINUS TUMOUR STAGE II,1
OPHTHALMIC CYSTICERCOSIS,1
PARASITE STOOL TEST POSITIVE,1
ACCIDENTAL EXPOSURE TO PRODUCT PACKAGING BY CHILD,1
BURKHOLDERIA TEST POSITIVE,1
THYROID SIZE DECREASED,1
THYROID STIMULATING HORMONE DEFICIENCY,1
PARASITE BLOOD TEST POSITIVE,1
APHERESIS RELATED COMPLICATION,1
NEUROPATHIC ULCER,1
THYROID THERAPY,1
AQUEOUS FIBRIN,1
AQUEOUS HUMOUR LEAKAGE,1
ACHLORHYDRIA,1
UTERINE OBSTRUCTION,1
BUCCAL POLYP,1
ACCIDENTAL DEVICE INGESTION,1
ACCESSORY AURICLE,1
WHITE BLOOD CELLS URINE NEGATIVE,1
MUSCULOSKELETAL COMPLICATION ASSOCIATED WITH DEVICE,1
PARATHYROID CYST,1
MUSCULOSKELETAL CANCER,1
UTERINE STENOSIS,1
ACALCULIA,1
BURN OEDEMA,1
APPLICATION SITE MOVEMENT IMPAIRMENT,1
THYROID HORMONES TEST,1
VAGINAL CELLULITIS,1
NEUTROPHIL GELATINASE-ASSOCIATED LIPOCALIN INCREASED,1
BURKITT^S LYMPHOMA REFRACTORY,1
APITUITARISM,1
VAGINAL CANCER RECURRENT,1
VAGINAL CANCER STAGE IVA,1
THYROID NEOPLASM REMOVAL,1
BUBONIC PLAGUE,1
UTERINE NECROSIS,1
THYROIDITIS FIBROUS CHRONIC,1
UTERINE LEIOMYOMA NECROSIS,1
AORTICOPULMONARY SEPTAL DEFECT,1
UTERINE LEIOMYOMA PROLAPSE,1
BRONCHITIS MYCOPLASMAL,1
WINGED SCAPULA,1
WILMS^ TUMOUR GENE OVEREXPRESSION,1
ACQUIRED ANTITHROMBIN III DEFICIENCY,1
BRONCHITIS MORAXELLA,1
BRUNNER^S GLAND HYPERPLASIA,1
BRONCHITIS HAEMOPHILUS,1
ACQUIRED BLASCHKOID DERMATITIS,1
OVARIAN HYPERFUNCTION,1
TICK PARALYSIS,1
MYCOBACTERIAL DISEASE CARRIER,1
NEURONOPHAGIA,1
WISKOTT-ALDRICH SYNDROME,1
ARBOVIRUS TEST POSITIVE,1
THYROXINE FREE,1
VAGINAL EROSION,1
OPEN REDUCTION OF FRACTURE,1
BRONCHOALVEOLAR LAVAGE,1
ACNE INFANTILE,1
UTERINE MYOMA EXPULSION,1
NEUTROPHIL/LYMPHOCYTE RATIO INCREASED,1
THYROXINE,1
ACNE COSMETICA,1
OPHTHALMIA NEONATORUM,1
BRONCHUS COMPRESSION,1
WITNESS OF DEATH,1
ACID PEPTIC DISEASE,1
WOLFF-PARKINSON-WHITE SYNDROME CONGENITAL,1
WOMAN OF NON-CHILDBEARING POTENTIAL,1
BLOOD IMMUNOGLOBULIN D INCREASED,1
TRANSFUSION WITH INCOMPATIBLE BLOOD,1
BLOOD IMMUNOGLOBULIN D DECREASED,1
AMYLASE,1
VERTIGO LABYRINTHINE,1
BILE DUCT RESECTION,1
BILE DUCT RECONSTRUCTION,1
URINARY BLADDER TOXICITY,1
AMUSIA,1
OSTEITIS CONDENSANS,1
ANTERIOR CUTANEOUS NERVE ENTRAPMENT SYNDROME,1
UGT1A1 GENE MUTATION,1
ANTERIOR CORD SYNDROME,1
BACTERIAL GINGIVITIS,1
NYCTALGIA,1
VERTEBROBASILAR INFARCTION,1
BILE DUCT CANCER STAGE II,1
PANCREATIC CARCINOMA STAGE III,1
AMPULLARY POLYP,1
URINARY CALCULUS REMOVAL,1
BILIARY CANCER METASTATIC,1
VERY LOW DENSITY LIPOPROTEIN DECREASED,1
NECROTISING FASCIITIS STAPHYLOCOCCAL,1
BILIARY ANASTOMOSIS COMPLICATION,1
AMPLIFIED MUSCULOSKELETAL PAIN SYNDROME,1
PAGET^S DISEASE OF THE VULVA,1
BILIARY ANASTOMOSIS,1
AMPULLA OF VATER STENOSIS,1
NECROTISING GASTRITIS,1
NEPHROTOMY,1
OSTEOPOROSIS CIRCUMSCRIPTA CRANII,1
PANCREATIC CYSTADENOMA,1
BILE OUTPUT,1
TYROSINAEMIA,1
VERY LONG-CHAIN ACYL-COENZYME A DEHYDROGENASE DEFICIENCY,1
UBIQUINONE DECREASED,1
ANTERIOR CHAMBER REFORMATION,1
ANAEMIA VITAMIN B6 DEFICIENCY,1
ANAEMIC HYPOXIA,1
ANOTIA,1
BIERNACKI^S SIGN,1
BACTERIAL NAIL INFECTION,1
BICKERSTAFF^S ENCEPHALITIS,1
ANAL CANCER STAGE I,1
ANAL CANCER STAGE II,1
BACTERIAL PAROTITIS,1
ANAL CHLAMYDIA INFECTION,1
PANCREATIC CARCINOMA STAGE I,1
ANAL DILATATION,1
ULTRASOUND OVARY ABNORMAL,1
ULTRASOUND PANCREAS ABNORMAL,1
URETHROPERINEAL FISTULA,1
VASCULAR SHUNT,1
ULTRASOUND SCAN VAGINA ABNORMAL,1
ANAL CANCER STAGE 0,1
ULTRASOUND DOPPLER,1
ANTASTHMATIC DRUG LEVEL ABOVE THERAPEUTIC,1
OSTEOCHONDRAL FRACTURE,1
OSTEOCHONDRAL DEFECTS,1
ANTERIOR CAPSULE CONTRACTION,1
OSTEOCHONDRAL AUTOGRAFT,1
ULTRASOUND BLADDER ABNORMAL,1
BACTERIAL MYOSITIS,1
URINARY BLADDER HERNIATION,1
BACTERIAL IRITIS,1
ULTRASOUND ANTENATAL SCREEN,1
BILATERAL ORCHIDECTOMY,1
ULNOCARPAL ABUTMENT SYNDROME,1
ANAEMIC RETINOPATHY,1
NEISSERIA TEST POSITIVE,1
NECROTISING ULCERATIVE PERIODONTITIS,1
NON-HODGKIN^S LYMPHOMA UNSPECIFIED HISTOLOGY AGGRESSIVE STAGE IV,1
TYPE I HYPERLIPIDAEMIA,1
BIOPSY PERICARDIUM ABNORMAL,1
ALVEOLITIS NECROTISING,1
OSMOPHOBIA,1
BIOPSY BONE ABNORMAL,1
VESTIBULAR NYSTAGMUS,1
TUMOUR MARKER TEST,1
BIOPSY BLADDER ABNORMAL,1
BIOPSY BLADDER,1
NERVE ROOT INJURY,1
ALVEOLAR OXYGEN PARTIAL PRESSURE INCREASED,1
ANTI FACTOR IX ANTIBODY POSITIVE,1
OSMOTIC NEPHROPATHY,1
BIOPSY ARTERY,1
TUMOUR OF AMPULLA OF VATER,1
VESTIBULAR FUNCTION TEST ABNORMAL,1
BIOPSY ANUS,1
ANTI FACTOR VII ANTIBODY POSITIVE,1
VIBRATION TEST ABNORMAL,1
VESICOURETERAL REFLUX SURGERY,1
ALTERED PITCH PERCEPTION,1
BIOPSY PANCREAS ABNORMAL,1
BIOPSY PALATE,1
ALPHA-THALASSAEMIA-INTELLECTUAL DEFICIT SYNDROME,1
BIOPSY MUSCLE,1
BIOPSY LYMPH GLAND ABNORMAL,1
OCCUPATIONAL ASTHMA,1
BIOPSY ENDOMETRIUM ABNORMAL,1
VIBRIO TEST POSITIVE,1
OCCIPITOCERVICAL FUSION,1
ANTI FACTOR VIII ANTIBODY TEST,1
VASCULAR INDURATION,1
URINARY SQUAMOUS EPITHELIAL CELLS INCREASED,1
BIOPSY CORNEA,1
ANTI FACTOR VIII ANTIBODY NEGATIVE,1
BIOFEEDBACK THERAPY,1
AMELOBLASTOMA,1
TUMOUR PRURITUS,1
AMNIOTIC FLUID INDEX DECREASED,1
BILIOPANCREATIC BYPASS,1
BILIARY-VASCULAR FISTULA,1
OBSTETRICAL PROCEDURE,1
TYMPANOMASTOIDECTOMY,1
TYMPANOMETRY ABNORMAL,1
BILIARY TRACT INFECTION BACTERIAL,1
PANCREATIC DUCT RUPTURE,1
NECROSPERMIA,1
URINARY INCONTINENCE SURGERY,1
PAGET-SCHROETTER SYNDROME,1
B-CELL LYMPHOMA UNCLASSIFIABLE,1
ANTHRAX,1
B-CELL SMALL LYMPHOCYTIC LYMPHOMA REFRACTORY,1
BILIARY CAST SYNDROME,1
TYMPANIC MEMBRANE ATROPHIC,1
NECROTISING BRONCHIOLITIS,1
TWIDDLER^S SYNDROME,1
NON-HODGKIN^S LYMPHOMA TRANSFORMED RECURRENT,1
BILIRUBIN EXCRETION DISORDER,1
B-CELL LEUKAEMIA/LYMPHOMA PANEL,1
NECROTIC ANGIODERMATITIS,1
AMNIORRHEXIS,1
B-CELL DEPLETION THERAPY,1
VESSEL PUNCTURE SITE OCCLUSION,1
AMIMIA,1
PANCREATIC ENZYMES,1
VESSEL PUNCTURE SITE VESICLES,1
VESTIBULAR ATAXIA,1
BILOMA INFECTED,1
TUMOUR THROMBECTOMY,1
BILOMA RUPTURE,1
ANOREXIA AND BULIMIA SYNDROME,1
ULTRASOUND UTERUS ABNORMAL,1
ANAL FISSURE EXCISION,1
UREA RENAL CLEARANCE DECREASED,1
VENOUS ANGIOPLASTY,1
URAEMIC GASTROPATHY,1
ANGINAL EQUIVALENT,1
PALATAL PALSY,1
BASILAR MIGRAINE,1
VENOUS ANEURYSM,1
URETHRAL CANCER RECURRENT,1
BASOPHIL COUNT,1
URETHRAL CANCER METASTATIC,1
BASILAR ARTERY STENOSIS,1
UREAPLASMAL VULVOVAGINITIS,1
OSTEOMYELITIS BLASTOMYCES,1
NONINFECTIVE BARTHOLINITIS,1
VENOGRAM ABNORMAL,1
VENOUS ARTERIALISATION,1
VENOUS FLOW VELOCITY DECREASED,1
URETHRITIS GONOCOCCAL,1
ANDROGENS ABNORMAL,1
BEHAVIOUR DISORDER DUE TO A GENERAL MEDICAL CONDITION,1
NEOPLASM OF ORBIT,1
VENOUS OXYGEN PARTIAL PRESSURE INCREASED,1
VENOUS OXYGEN PARTIAL PRESSURE DECREASED,1
BECKWITH-WIEDEMANN SYNDROME,1
URETHRAL DISCHARGE SYNDROME,1
NOREPINEPHRINE,1
ANEURYSMECTOMY,1
BAUHIN^S VALVE SYNDROME,1
VENOUS LIGATION,1
BARIATRIC GASTRIC BALLOON INSERTION,1
URETHRAL DILATION PROCEDURE,1
NONTHERAPEUTIC AGENT URINE POSITIVE,1
URACHAL SINUS INFECTION,1
BARIUM SWALLOW,1
URETERAL CYST,1
BASILAR ARTERY ANEURYSM,1
NEONATAL TOXICITY,1
VECTOR-BORNE TRANSMISSION OF INFECTION,1
ANISOCHROMIA,1
URETEROLYSIS PROCEDURE,1
NEONATAL THYROTOXICOSIS,1
URETERIC OPERATION,1
URETERIC PAPILLOMA,1
URETERIC REPAIR,1
ANGIOGRAM PERIPHERAL,1
ANION GAP NORMAL,1
URETERIC RUPTURE,1
BARTONELLA TEST,1
BARTHOLIN^S CYST REMOVAL,1
URETEROCELE,1
ANIRIDIA,1
VEILLONELLA INFECTION,1
ANIMAL-ASSISTED THERAPY,1
NONINFECTIVE MASTOIDITIS,1
URETEROSCOPY,1
BAROTITIS MEDIA,1
ANGIOMYXOMA,1
URETERIC CANCER METASTATIC,1
PALISADED NEUTROPHILIC GRANULOMATOUS DERMATITIS,1
ANKLE BRACHIAL INDEX ABNORMAL,1
ANGIOMA SERPIGINOSUM,1
NONINFECTIVE MYRINGITIS,1
ANGIOGRAM PULMONARY ABNORMAL,1
URETHRAL ATROPHY,1
BASFI SCORE,1
URETERAL NECROSIS,1
ANGIOGRAM PULMONARY,1
VASECTOMY REVERSAL,1
BEHAVIOURAL INDUCED INSUFFICIENT SLEEP SYNDROME,1
BAND NEUTROPHIL PERCENTAGE INCREASED,1
BEHAVIOURAL THERAPY,1
NOSOPHOBIA,1
NEONATAL DEFORMITY,1
VENTRICULAR HYPOPLASIA,1
BACTERIAL SALPINGITIS,1
BENIGN PERIPHERAL NERVE SHEATH TUMOUR,1
ANAL NEOPLASM,1
ANAL PARAESTHESIA,1
URETHRAL SYNDROME,1
BENIGN NEOPLASM OF CERVIX UTERI,1
ANAL SPHINCTER HYPERTONIA,1
BENIGN NEOPLASM OF EYELID,1
VASCULAR WALL DISCOLOURATION,1
ANALGESIC DRUG LEVEL BELOW THERAPEUTIC,1
URETHRAL STRICTURE TRAUMATIC,1
OSTEODYSTROPHY,1
ANORECTAL HERPES ZOSTER,1
VENTRICULAR INTERNAL DIAMETER,1
BENIGN PLEURAL NEOPLASM,1
UMBILICAL HERNIA PERFORATION,1
BENIGN SMALL INTESTINAL NEOPLASM,1
BENIGN TRACHEAL NEOPLASM,1
ANORECTAL INFECTION BACTERIAL,1
NEONATAL CANDIDA INFECTION,1
BENZODIAZEPINE DRUG LEVEL ABNORMAL,1
BEREAVEMENT,1
UMBILICAL CORD THROMBOSIS,1
BERNARD-SOULIER SYNDROME,1
UMBILICAL CORD COMPRESSION,1
UMBILICAL CORD BLOOD PH,1
VENTRICULAR INTERNAL DIAMETER ABNORMAL,1
BETA 2 MICROGLOBULIN URINE,1
PANCREASTATIN ABNORMAL,1
NOSOCOMEPHOBIA,1
NEPHRECTASIA,1
BAND NEUTROPHIL PERCENTAGE DECREASED,1
ANASTOMOTIC ULCER PERFORATION,1
VENOUS STASIS RETINOPATHY,1
BENIGN ENLARGEMENT OF THE SUBARACHNOID SPACES,1
NON-SMALL CELL LUNG CANCER STAGE IIIB,1
URETHRAL NEOPLASM,1
VENOUS REPAIR,1
BENIGN CONGENITAL HYPOTONIA,1
BENIGN BREAST LUMP REMOVAL,1
PANCOAST^S SYNDROME,1
PALMOMENTAL REFLEX,1
OSTEOMA CUTIS,1
ANDERSEN-TAWIL SYNDROME,1
VENOUS OXYGEN SATURATION ABNORMAL,1
BENIGN ANORECTAL NEOPLASM,1
NEONATAL NEUROBLASTOMA,1
NEOPLASM OF THYMUS,1
BALANTIDIASIS,1
UNKNOWN ROUTE OF PRODUCT ADMINISTRATION,1
NON-SMALL CELL LUNG CANCER STAGE IIIA,1
URETHRAL PAPILLOMA,1
BENIGN GLIOMA,1
PAINFUL LACTATION,1
VENOUS THROMBOSIS NEONATAL,1
NEOVAGINAL STENOSIS,1
ANAPLASTIC GANGLIOGLIOMA,1
BACTERIAL URETHRITIS,1
UNILATERAL BRONCHOSPASM,1
BENIGN JOINT NEOPLASM,1
OSTEOLIPOMA,1
BENIGN LARYNGEAL NEOPLASM,1
BENIGN MESENTERIC NEOPLASM,1
UNEVALUABLE SPECIMEN,1
TUMOUR CELL MOBILISATION,1
BIOPSY PHARYNX ABNORMAL,1
N-TERMINAL PROHORMONE BRAIN NATRIURETIC PEPTIDE,1
NAIL NECROSIS,1
URINE CHLORIDE DECREASED,1
NAIL CANDIDA,1
TRANSVERSE PRESENTATION,1
BLOOD BILIRUBIN,1
TRANSVESTISM,1
VASCULAR ACCESS SITE INFLAMMATION,1
TRAUMATIC AMPUTATION,1
BLOOD CALCITONIN,1
AFFERENT LOOP SYNDROME,1
BLOOD BETA-D-GLUCAN ABNORMAL,1
NANOPARTICLE TOXICITY,1
OTOCEPHALY,1
BLOOD ANTIDIURETIC HORMONE INCREASED,1
BLOOD ANTIDIURETIC HORMONE DECREASED,1
BLOOD CAFFEINE INCREASED,1
VITAMIN B2 DECREASED,1
NEUROENDOCRINE TUMOUR METASTATIC,1
OCULOCEREBROCUTANEOUS SYNDROME,1
TRANSMYOCARDIAL REVASCULARISATION,1
VITAMIN C INCREASED,1
OROPHARYNGEAL LYMPHOID HYPERPLASIA,1
ADRENOLEUKODYSTROPHY,1
OROPHARYNGEAL NEOPLASM,1
OROPHARYNGEAL NEOPLASM BENIGN,1
BLOOD CARBON MONOXIDE,1
URINE COPPER,1
BLOOD CANNABINOIDS INCREASED,1
URINE ELECTROLYTES ABNORMAL,1
TRANSPLANT RECIPIENT,1
NEUROENDOCRINE CELL HYPERPLASIA OF INFANCY,1
BLOOD CALCIUM,1
BLOOD CALCITONIN DECREASED,1
BLOOD ANTIDIURETIC HORMONE ABNORMAL,1
BLOOD ANTIDIURETIC HORMONE,1
AGATSTON SCORE,1
BLEPHAROPHIMOSIS,1
VITAL SIGNS MEASUREMENT,1
PANEL-REACTIVE ANTIBODY INCREASED,1
TREATMENT BOOSTED ANTIBODY POSITIVE,1
AIDS RELATED COMPLEX,1
URINE CALCIUM/CREATININE RATIO,1
NASAL CANDIDIASIS,1
PANCREATITIS VIRAL,1
VITAMIN B12,1
VASCULAR ACCESS SITE PSEUDOANEURYSM,1
BLEPHAROCHALASIS,1
BLEPHARITIS ALLERGIC,1
OXYGEN COMBINING POWER DECREASED,1
BLEPHARECTOMY,1
TRENCH FOOT,1
ANTI-INTERFERON ANTIBODY POSITIVE,1
TRAUMATIC TORTICOLLIS,1
OTITIS MEDIA STAPHYLOCOCCAL,1
TRAUMATIC TOOTH DISPLACEMENT,1
VITAMIN A ABNORMAL,1
AICHMOPHOBIA,1
AICARDI^S SYNDROME,1
VITAMIN A DEFICIENCY EYE DISORDER,1
VITAMIN A DEFICIENCY RELATED CONJUNCTIVAL DISORDER,1
VITAMIN A DEFICIENCY RELATED CORNEAL DISORDER,1
TRAUMATIC PANCREATITIS,1
BLOCK VERTEBRA,1
AGONAL DEATH STRUGGLE,1
BLOOD ALCOHOL DECREASED,1
BLOOD ALDOSTERONE,1
ATLANTOAXIAL SUBLUXATION,1
AGGREGATIBACTER INFECTION,1
ADRENOCORTICAL STEROID THERAPY,1
ANTI-MUSCLE SPECIFIC KINASE ANTIBODY,1
ALPHA-L-FUCOSIDASE INCREASED,1
VASCULAR ACCESS SITE DISCOLOURATION,1
TRANSFERRIN SATURATION ABNORMAL,1
URINE PHOSPHORUS,1
BLOOD FOLLICLE STIMULATING HORMONE ABNORMAL,1
ASPIRATION PLEURAL CAVITY ABNORMAL,1
ADMINISTRATION SITE MOVEMENT IMPAIRMENT,1
ASPIRATION TRACHEAL ABNORMAL,1
BLOOD ETHANOL,1
URINE PHOSPHORUS ABNORMAL,1
ADMINISTRATION SITE PUSTULE,1
VITREOUS ABSCESS,1
BLOOD ERYTHROPOIETIN ABNORMAL,1
OESOPHAGEAL ATONY,1
BLOOD DONOR,1
PALATAL POLYP,1
BLOOD GALACTOSE INCREASED,1
OESOPHAGEAL FIBROSIS,1
TRANSITIONAL CELL CARCINOMA URETHRA,1
VOCAL CORD AUGMENTATION,1
BLOOD IMMUNOGLOBULIN A,1
ANTIANGIOGENIC THERAPY,1
ASPIRATION JOINT ABNORMAL,1
OESOPHAGEAL MUCOSAL DISSECTION,1
BLOOD HIV RNA DECREASED,1
URINE POTASSIUM DECREASED,1
URINE POTASSIUM,1
ADMINISTRATION SITE JOINT INFECTION,1
VITRITIS INFECTIVE,1
ASPIRATION OF GASTRIC RESIDUAL,1
BLOOD GLUCOSE FALSE POSITIVE,1
URINE PHOSPHORUS DECREASED,1
ANTI-THYROID ANTIBODY,1
TRANSCRANIAL MAGNETIC STIMULATION,1
ADMINISTRATION SITE STREAKING,1
ANTI-PLATELET FACTOR 4 ANTIBODY TEST,1
ASTHENOSPERMIA,1
BLOOD CITRIC ACID INCREASED,1
OROPHARYNGEAL COBBLE STONE MUCOSA,1
BLOOD COPPER ABNORMAL,1
ADRENAL GLAND ABSCESS,1
OESOPHAGEAL ADENOCARCINOMA STAGE III,1
TRANSIENT PSYCHOSIS,1
OESOPHAGEAL ABSCESS,1
BLOOD CHOLINESTERASE ABNORMAL,1
ASTRINGENT THERAPY,1
ADRENAL GLAND OPERATION,1
OTOENDOSCOPY,1
TRANSITIONAL CELL CANCER OF THE RENAL PELVIS AND URETER RECURRENT,1
BLOOD CHOLINESTERASE,1
ODONTOID PROCESS HYPOPLASIA,1
BLOOD CATECHOLAMINES ABNORMAL,1
URINE IRON,1
ATHEROGENIC INDEX OF PLASMA INCREASED,1
URINE KETONE BODY ABSENT,1
ATHERECTOMY,1
URINE LACTIC ACID INCREASED,1
TRANSIENT HEPATIC ATTENUATION DIFFERENCES,1
BLOOD CORTISOL,1
BLOOD CREATINE,1
BLOOD CREATINE PHOSPHOKINASE MB,1
PANTOEA AGGLOMERANS TEST POSITIVE,1
VASCULAR ACCESS SITE DISSECTION,1
TRANSFUSION-RELATED ALLOIMMUNE NEUTROPENIA,1
URINE MAGNESIUM INCREASED,1
URINE MERCURY ABNORMAL,1
ASYMPTOMATIC HIV INFECTION,1
ASYMMETRIC CRYING FACIES,1
BLOOD CREATINE PHOSPHOKINASE MM INCREASED,1
OCULOAURICULOVERTEBRAL DYSPLASIA,1
VITAL CAPACITY,1
TREPONEMA TEST FALSE POSITIVE,1
ANTI IFN GAMMA AUTOANTIBODY SYNDROME,1
ALLERGY ALERT TEST,1
BISPECTRAL INDEX,1
AUDITORY NEUROPATHY SPECTRUM DISORDER,1
ANTI-CYCLIC CITRULLINATED PEPTIDE ANTIBODY NEGATIVE,1
ALLERGY TEST,1
VASCULAR DISSECTION,1
BIRTH TRAUMA,1
BISPECTRAL INDEX DECREASED,1
BIRTH MARK,1
TRUNCUS COELIACUS THROMBOSIS,1
PANCREATIC POLYPEPTIDE LEVEL DECREASED,1
BIRT-HOGG-DUBE SYNDROME,1
TRYPTASE DECREASED,1
VIRAL PAROTITIS,1
ANTI-EPITHELIAL ANTIBODY POSITIVE,1
TROPONIN I,1
ATRIAL ESCAPE RHYTHM,1
VIRAL TITRE DECREASED,1
VIRAL TITRE INCREASED,1
ANTI-GLOMERULAR BASEMENT MEMBRANE ANTIBODY POSITIVE,1
ANTI-GANGLIOSIDE ANTIBODY POSITIVE,1
BLADDER ADENOCARCINOMA STAGE 0,1
TRISOMY 22,1
TRISOMY 4P,1
TROPICAL SPASTIC PARESIS,1
NON-CONSUMMATION,1
NASAL VARICES,1
OCCUPATIONAL EXPOSURE TO COMMUNICABLE DISEASE,1
BLADDER ADENOCARCINOMA RECURRENT,1
VIRAL TEST NEGATIVE,1
VIRAL TEST,1
VACCINATION SITE MOVEMENT IMPAIRMENT,1
VIRAL OESOPHAGITIS,1
VASCULAR ENDOTHELIAL GROWTH FACTOR OVEREXPRESSION,1
ANTI FACTOR XA ASSAY,1
NECK CRUSHING,1
ORTNER^S SYNDROME,1
ALPHA GLOBULIN INCREASED,1
VIPOMA,1
ALPHA HYDROXYBUTYRATE DEHYDROGENASE DECREASED,1
BIOPSY SPINAL CORD,1
TUBULAR BREAST CARCINOMA,1
BIOPSY SALIVARY GLAND ABNORMAL,1
ALLERGY TO STING,1
ALPHA-1 ANTI-TRYPSIN DECREASED,1
VIIITH NERVE LESION,1
VIIITH NERVE INJURY,1
ALPHA-2 MACROGLOBULIN INCREASED,1
BIOPSY PLEURA,1
VASCULAR GRAFT THROMBOSIS,1
ALPHA 2 GLOBULIN INCREASED,1
ANTI FACTOR X ACTIVITY ABNORMAL,1
TUBERCULOSIS SEPSIS,1
ALPHA 2 GLOBULIN DECREASED,1
OSTEOSARCOMA METASTATIC,1
ANTI FACTOR X ANTIBODY POSITIVE,1
AUTOIMMUNE INNER EAR DISEASE,1
ALPHA 1 FOETOPROTEIN DECREASED,1
PANCREATIC INFARCTION,1
NATURAL KILLER T CELL COUNT DECREASED,1
ALPHA 1 FOETOPROTEIN ABNORMAL,1
TUBERCULOSIS BLADDER,1
URINARY TRACT INFECTION NEONATAL,1
BIOPSY VULVA,1
NATURAL KILLER CELL ACTIVITY DECREASED,1
ALLERGY TO VENOM,1
OCCUPATIONAL DERMATITIS,1
NERVOUS SYSTEM NEOPLASM SURGERY,1
VIRAL TRACHEITIS,1
NOCTURNAL EMISSION,1
NASAL MUCOSAL HYPERTROPHY,1
BLADDER WALL CALCIFICATION,1
NIPPLE RESECTION,1
PANCREATICOSPLENECTOMY,1
BLADDER TRANSITIONAL CELL CARCINOMA STAGE I,1
PANCREATICOJEJUNOSTOMY,1
ALBUMIN GLOBULIN RATIO,1
NEUROECTODERMAL NEOPLASM,1
VISUAL AGNOSIA,1
OCULAR FISTULA,1
VISUAL EVOKED POTENTIALS ABNORMAL,1
BLADDER SQUAMOUS CELL CARCINOMA STAGE UNSPECIFIED,1
NITRITURIA,1
ATRIAL RUPTURE,1
URINE ALCOHOL TEST,1
NASAL MUCOSA ATROPHY,1
BLAST CELL PROLIFERATION,1
ALBINISM,1
BLAST CELLS,1
BLAST INJURY,1
URINE BILIRUBIN DECREASED,1
TRICHOBLASTIC CARCINOMA,1
TRICHILEMMAL CARCINOMA,1
AIRWAY PEAK PRESSURE,1
OTITIS MEDIA MORAXELLA,1
VASCULAR ACCESS SITE REACTION,1
BLEB REVISION,1
BLEEDING RISK ASSESSMENT,1
BLEEDING TIME,1
TRI-IODOTHYRONINE FREE,1
BLEEDING TIME ABNORMAL,1
NASAL CAVITY TOXICITY,1
ALBUMINOCYTOLOGICAL DISSOCIATION PRESENT,1
OROTICACIDURIA,1
OCCUPATIONAL EXPOSURE TO RADIATION,1
VIRILISM FOETAL,1
TRIGGER TOE,1
BLADDER CATHETER PERMANENT,1
OCCUPATIONAL THERAPY,1
TRIPLE HIT LYMPHOMA,1
ORTHOREXIA NERVOSA,1
"BLADDER CANCER STAGE I, WITH CANCER IN SITU",1
ALKALOSIS HYPOKALAEMIC,1
TRICUSPID VALVE SCLEROSIS,1
ATYPICAL FIBROXANTHOMA,1
"BLADDER CANCER STAGE 0, WITH CANCER IN SITU",1
ALLAN-HERNDON-DUDLEY SYNDROME,1
OCCUPATIONAL EXPOSURE TO SUNLIGHT,1
ATYPICAL LYMPHOID HYPERPLASIA,1
TRISOMY 15,1
NEURILEMMOMA BENIGN,1
OCULAR ALBINISM,1
ATROPHIC THYROIDITIS,1
BLADDER DYSPLASIA,1
BLADDER FIBROSIS,1
BLADDER HYDRODISTENSION,1
ALDOSTERONE/RENIN RATIO,1
BLADDER METAPLASIA,1
VISCEROPTOSIS,1
BLADDER NECK OPERATION,1
ORTHOBIOLOGIC TREATMENT,1
VASCULAR ACCESS SITE ULCER,1
URINE ALBUMIN/CREATININE RATIO,1
ATRIO-OESOPHAGEAL FISTULA,1
NEURODEGENERATION WITH BRAIN IRON ACCUMULATION DISORDER,1
ATRIAL SEPTAL DEFECT ACQUIRED,1
ALCOHOLIC ENCEPHALOPATHY,1
IRIS INJURY,1
CONGENITAL NEPHROTIC SYNDROME,1
CARDIAC INDEX INCREASED,1
RADIATION PERICARDITIS,1
GENITAL HYPERAESTHESIA,1
GENITAL EXFOLIATION,1
RAYMOND-CESTAN SYNDROME,1
GENETIC TESTING,1
GENETIC POLYMORPHISM,1
GENE THERAPY,1
GENE MUTATION IDENTIFICATION TEST,1
REACTION TO PREVIOUS EXPOSURE TO ANY VACCINE,1
GENDER REASSIGNMENT THERAPY,1
REACTIVE AIRWAYS DYSFUNCTION SYNDROME,1
REACTIVE ANGIOENDOTHELIOMATOSIS,1
LOEFFLER^S SYNDROME,1
GELATINOUS TRANSFORMATION OF THE BONE MARROW,1
REACTIVE PSYCHOSIS,1
GASTRORRHAPHY,1
GASTROOESOPHAGEAL CANCER RECURRENT,1
LONG-CHAIN ACYL-COENZYME A DEHYDROGENASE DEFICIENCY,1
PITUITARY INFARCTION,1
GASTROINTESTINAL TRACT BIOPSY,1
GASTROINTESTINAL ORGAN CONTUSION,1
GASTROINTESTINAL MUCOCOELE,1
LOOSE BODY REMOVAL,1
RECTAL CANCER STAGE I,1
LOCALISED LIPODYSTROPHY,1
LOCAL ANAESTHESIA,1
RASH NEONATAL,1
GIARDIA TEST POSITIVE,1
GLEICH^S SYNDROME,1
LISSENCEPHALY,1
GINGIVECTOMY,1
GINGIVAL SCAR,1
GINGIVAL POLYP,1
LISTERIA TEST POSITIVE,1
RADIOALLERGOSORBENT TEST POSITIVE,1
RADIOCHEMOTHERAPY,1
RADIOISOTOPE THERAPY,1
LIVER DIALYSIS,1
RADIOTHERAPY TO JOINT,1
LOBULAR BREAST CARCINOMA IN SITU,1
RADIOTHERAPY TO LYMPH NODES,1
RADIOTHERAPY TO ORAL CAVITY,1
RADIOTHERAPY TO PROSTATE,1
RADIOTHERAPY TO THYROID,1
PLACENTAL NECROSIS,1
LIVER INDURATION,1
GESTATIONAL OEDEMA,1
GERM CELL NEOPLASM,1
PLACENTAL CALCIFICATION,1
GENITOURINARY SYNDROME OF MENOPAUSE,1
PITUITARY CANCER METASTATIC,1
GASTROINTESTINAL COMPLICATION ASSOCIATED WITH DEVICE,1
GASTROINTESTINAL CARCINOMA IN SITU,1
REDUCTION OF INCREASED INTRACRANIAL PRESSURE,1
LOWER RESPIRATORY TRACT HERPES INFECTION,1
PILOMATRIX CARCINOMA,1
GASTRIC HYPERMOTILITY,1
GASTRIC FLUID ANALYSIS ABNORMAL,1
RED BLOOD CELL SIDEROCYTES PRESENT,1
GASTRIC FISTULA REPAIR,1
GASTRIC ELECTRICAL STIMULATION,1
GASTRIC CANCER STAGE I,1
LUMBAR ARTERY EMBOLISATION,1
LUMBOSACRAL PLEXUS INJURY,1
GASTRIC ASPIRATION PROCEDURE,1
GASTRIC LEIOMYOMA,1
GARDNERELLA TEST POSITIVE,1
GANGRENE NEONATAL,1
GANGLIONEUROMA,1
REFRACTIVE AMBLYOPIA,1
LUNG ENTRAPMENT,1
GANGLIONEUROBLASTOMA,1
REGIONAL CHEMOTHERAPY,1
LUNG SQUAMOUS CELL CARCINOMA STAGE II,1
GALLBLADDER HYPERFUNCTION,1
GALLBLADDER HAEMATOMA,1
RED BLOOD CELL POIKILOCYTES PRESENT,1
PINEAL GERMINOMA,1
GASTROINTESTINAL BASIDIOBOLOMYCOSIS,1
GASTRIN SECRETION DISORDER,1
RECTAL NEOPLASM EXCISION,1
GASTROENTERITIS VIBRIO,1
GASTROENTERITIS PSEUDOMONAS,1
LOW DENSITY LIPOPROTEIN APHERESIS,1
GASTROENTERITIS PROTEUS,1
GASTROENTERITIS ENTEROVIRAL,1
GASTROENTERITIS BACILLUS,1
PINTA,1
GASTROCOLIC FISTULA,1
GASTRITIS ALCOHOLIC,1
RECTOPROSTATIC FISTULA,1
RED BLOOD CELL MICROCYTES PRESENT,1
GASTRIC ULCER SURGERY,1
GASTRIC ULCER HELICOBACTER,1
GASTRIC SUBEPITHELIAL NEOPLASM,1
GASTRIC STENT REMOVAL,1
RED BLOOD CELL ACANTHOCYTES PRESENT,1
RED BLOOD CELL ANISOCYTES PRESENT,1
LOW INCOME,1
GASTRIC PACEMAKER INSERTION,1
LOW-LYING PLACENTA,1
RED BLOOD CELL HEINZ BODIES PRESENT,1
LIPOSARCOMA METASTATIC,1
RADIATION NEUTROPENIA,1
EXCESSIVE MATERNAL GESTATIONAL WEIGHT GAIN,1
GLOMERULAR FILTRATION RATE NORMAL,1
LIGHT CHAIN ANALYSIS,1
HAEMOPHOBIA,1
PULSE PRESSURE ABNORMAL,1
HAEMOPHILUS SEPSIS,1
PULSE WAVEFORM ABNORMAL,1
HAEMOPHILIA B WITHOUT INHIBITORS,1
PUNCTAL PLUG INSERTION,1
PUNCTATE BASOPHILIA,1
PLATELET DISTRIBUTION WIDTH ABNORMAL,1
PUNCTATE KERATOSIS,1
HAEMOGLOBINOPATHY,1
HAEMOGLOBIN URINE,1
HAEMOGLOBIN S INCREASED,1
HAEMOGLOBIN E,1
HAEMOGLOBIN DISTRIBUTION WIDTH INCREASED,1
LIP NEOPLASM,1
HAEMATOCRIT NORMAL,1
PUNCTURE SITE RASH,1
LIP NEOPLASM BENIGN,1
HAEMATOCOLPOS,1
PUPIL DILATION PROCEDURE,1
HAEMATIDROSIS,1
PUPILLARY LIGHT REFLEX TESTS,1
PULSATING VEIN,1
HAEMORRHAGIC ADRENAL INFARCTION,1
LIGHT ANAESTHESIA,1
PLATELET RICH PLASMA THERAPY,1
PLATELETCRIT ABNORMAL,1
HEAD AND NECK CANCER STAGE IV,1
PULMONARY OSSIFICATION,1
PLATELET-LARGE CELL RATIO INCREASED,1
PULMONARY PHYSICAL EXAMINATION,1
PLATELET-LARGE CELL RATIO DECREASED,1
LEYDIG CELL TUMOUR OF THE TESTIS,1
HASHITOXICOSIS,1
LICHEN NITIDUS,1
HARLEQUIN FOETUS,1
HAPTOGLOBIN,1
HAEMORRHAGIC CELLULITIS,1
HAPHEPHOBIA,1
HANTAVIRUS PULMONARY INFECTION,1
PULMONARY TRICHOSPORONOSIS,1
HAIR TRANSPLANT,1
HAEMORRHAGIC URTICARIA,1
HAEMORRHAGIC TUMOUR NECROSIS,1
HAEMORRHAGIC THYROID CYST,1
HAEMORRHAGIC NECROTIC PANCREATITIS,1
HAEMORRHAGIC GASTROENTERITIS,1
LID MARGIN DISCHARGE,1
HAEMANGIOMA OF RETINA,1
HAEMANGIOBLASTOMA,1
PURINE METABOLISM DISORDER,1
GLUCOSE TOLERANCE DECREASED,1
GLUTATHIONE INCREASED,1
GLUTARIC ACIDAEMIA TYPE I,1
GLUCOSYLSPHINGOSINE INCREASED,1
QUEENSLAND TICK TYPHUS,1
GLUCOSE-6-PHOSPHATE DEHYDROGENASE,1
LIPOINJECTION,1
RADIAL NERVE COMPRESSION,1
LIPOMA OF BREAST,1
RADIAL PULSE INCREASED,1
RADIATION ANAEMIA,1
RADIATION BONE INJURY,1
PLASMA CELLS PRESENT,1
RADIATION DYSPHAGIA,1
GLOSSOPHARYNGEAL NEURALGIA,1
GLOSSOPHARYNGEAL NERVE DISORDER,1
RADIATION INTERACTION,1
RADIATION LEUKOENCEPHALOPATHY,1
RADIATION LEUKOPENIA,1
RADIATION LYMPHOEDEMA,1
RADIATION MASTITIS,1
LIPOPROTEIN-ASSOCIATED PHOSPHOLIPASE A2,1
RADIATION MYOCARDITIS,1
GLUTEUS MEDIUS SYNDROME,1
GLYCOGEN STORAGE DISEASE TYPE VI,1
PURPURA NEONATAL,1
PLASMODIUM VIVAX INFECTION,1
GULF WAR SYNDROME,1
PLATELET AGGREGATION INCREASED,1
LIP REPAIR,1
PLATELET ADHESIVENESS INCREASED,1
GREY TURNER^S SIGN,1
PLATELET ADHESIVENESS ABNORMAL,1
GREEN NAIL SYNDROME,1
GRANULOCYTE-COLONY STIMULATING FACTOR LEVEL DECREASED,1
GRAM STAIN NEGATIVE,1
LIPAEMIA RETINALIS,1
PYELOPLASTY,1
GLYCOLIC ACID DECREASED,1
PYLOROSPASM,1
LIPIDOSIS,1
GONIOTOMY,1
LIPOGRANULOMA,1
GNATHOSCHISIS,1
GM2 GANGLIOSIDOSIS,1
PLASMA PROTEIN METABOLISM DISORDER,1
GLYCOPENIA,1
GLYCOLIC ACID INCREASED,1
PYROGLUTAMATE INCREASED,1
GALLBLADDER FIBROSIS,1
PIEBALDISM,1
REMOVAL OF INERT MATTER FROM SKIN OR SUBCUTANEOUS TISSUE,1
GALLBLADDER CANCER RECURRENT,1
FALLOPIAN TUBE CANCER STAGE III,1
FAILED EXAMINATIONS,1
FAILED ARTIFICIAL INSEMINATION,1
FAECAL-ORAL TRANSMISSION OF INFECTION,1
FAECAL LACTOFERRIN INCREASED,1
FAECAL LACTOFERRIN,1
MACRODONTIA,1
FAECAL ELASTASE CONCENTRATION ABNORMAL,1
MACROPHAGE ACTIVATION,1
FACTOR XI DEFICIENCY,1
FACTOR XA ACTIVITY INCREASED,1
FACTOR VIII ACTIVITY INCREASED,1
MACROPHAGES INCREASED,1
FACTOR II DEFICIENCY,1
FACIOSCAPULOHUMERAL MUSCULAR DYSTROPHY,1
PHARYNGEAL PUSTULE,1
FACIAL LESION EXCISION,1
RETINOBLASTOMA,1
MACROPROLACTINAEMIA,1
FACE CRUSHING,1
FACE AND MOUTH X-RAY,1
EYELID VELLUS HAIR CHANGES,1
PHARYNGEAL PARALYSIS,1
FALLOPIAN TUBE CANCER STAGE IV,1
RETINAL MELANOMA,1
LYSOZYME INCREASED,1
FATTY ACID OXIDATION DISORDER,1
FEMINISATION ACQUIRED,1
FEMALE SEX HORMONE LEVEL ABNORMAL,1
RET GENE MUTATION,1
FEMALE GENITAL POLYP,1
LYMPHOGRANULOMA VENEREUM,1
PHILADELPHIA CHROMOSOME TEST,1
RETICULOCYTE PERCENTAGE INCREASED,1
FEAR OF ANIMALS,1
FATTY LIVER ALCOHOLIC,1
RETINAL ANEURYSM RUPTURE,1
FASCIOLOPSIASIS,1
FALLOPIAN TUBE PERFORATION,1
RETINAL COLLATERAL VESSELS,1
FASCICULAR BLOCK,1
LYMPHOMA OPERATION,1
FAMILIAL RISK FACTOR,1
FAMILIAL COLD AUTOINFLAMMATORY SYNDROME,1
PHARYNX RADIATION INJURY,1
RETINAL FOVEA DISORDER,1
RETINAL FUNCTION TEST ABNORMAL,1
LYMPHOVENOUS BYPASS,1
FALLOPIAN TUBE STENOSIS,1
EYELID HAEMANGIOMA,1
EYELID CYST REMOVAL,1
MACULAR PSEUDOHOLE,1
PHARYNGEAL CANCER METASTATIC,1
EXTRAHEPATIC BILIARY TREE INJURY,1
EXTRADURAL NEOPLASM,1
RHEUMATOID FACTOR NEGATIVE,1
EXTERNAL FIXATION OF FRACTURE,1
MALACOPLAKIA VESICAE,1
MALE GENITAL TRACT FISTULA,1
RHEUMATOID NEUTROPHILIC DERMATOSIS,1
EXTERNAL EAR DISORDER,1
PHARYNGEAL CONTUSION,1
EXPOSURE TO VACCINATED PERSON,1
RHINITIS HYPERTROPHIC,1
EXTRANODAL MARGINAL ZONE B-CELL LYMPHOMA (BALT TYPE),1
RHINITIS ULCERATIVE,1
RHINOLITHIASIS,1
EXPOSURE TO POLLUTED SOIL,1
MALIGNANT AIRWAY OBSTRUCTION,1
PHANTOM SHOCKS,1
EXPIRATORY RESERVE VOLUME INCREASED,1
MALIGNANT CENTRAL NERVOUS SYSTEM NEOPLASM,1
EXPIRATORY RESERVE VOLUME ABNORMAL,1
EXOCRINE PANCREATIC FUNCTION TEST ABNORMAL,1
RIGHT ATRIAL HYPERTROPHY,1
MAINTENANCE OF ANAESTHESIA,1
MAGNETIC RESONANCE IMAGING HEPATOBILIARY ABNORMAL,1
EYELID BOIL,1
MACULAR RUPTURE,1
MACULAR REFLEX ABNORMAL,1
RETROPERITONEAL EFFUSION,1
EYELASH RESECTION,1
EYELASH HYPOPIGMENTATION,1
RETROPERITONEAL INFECTION,1
PHARYNGEAL LEUKOPLAKIA,1
EYE PROSTHESIS REMOVAL,1
RETROPERITONEAL NEOPLASM,1
RETROPLACENTAL HAEMATOMA,1
RETROVIRAL INFECTION,1
REVERSED HOT-COLD SENSATION,1
EXTRANODAL MARGINAL ZONE B-CELL LYMPHOMA (MALT TYPE) STAGE I,1
EYE INFECTION GONOCOCCAL,1
EYE HAEMANGIOMA,1
REYE^S SYNDROME,1
EYE DISORDER PROPHYLAXIS,1
MAGNESIUM METABOLISM DISORDER,1
RHABDOID TUMOUR OF THE KIDNEY,1
MAGNETIC RESONANCE IMAGING ABDOMINAL,1
PHARYNGEAL HYPERTROPHY,1
EXTRARENAL PELVIS,1
MAGNETIC RESONANCE IMAGING HEART ABNORMAL,1
RESTRICTIVE ALLOGRAFT SYNDROME,1
FEMORAL ANTEVERSION,1
FEMORAL ARTERY DISSECTION,1
FRACTION OF INSPIRED OXYGEN,1
FREE PROSTATE-SPECIFIC ANTIGEN POSITIVE,1
RENAL GLYCOSURIA,1
RENAL HAEMANGIOMA,1
FREE FATTY ACIDS DECREASED,1
FRAMINGHAM RISK SCORE,1
LUPUS MYOCARDITIS,1
FRACTURED SKULL DEPRESSED,1
FRACTURE DEBRIDEMENT,1
FRACTURE BLISTERS,1
PHYSICAL BREAST EXAMINATION ABNORMAL,1
LUPUS MYOSITIS,1
FRIGOPHOBIA,1
FOREIGN BODY EMBOLISM,1
RENAL LIPOMA,1
RENAL MILK OF CALCIUM CYST,1
FORCED VITAL CAPACITY,1
LUPUS RETINOPATHY,1
FORAMEN MAGNUM SYNDROME,1
FOOD PROTEIN-INDUCED ENTEROPATHY,1
LUTEINISING HORMONE DEFICIENCY,1
FOLLICULAR DENDRITIC CELL SARCOMA,1
FOETAL TACHYARRHYTHMIA,1
FREE THYROXINE INDEX INCREASED,1
FRONTAL SINUS OPERATION,1
FOETAL HEART RATE INDETERMINATE,1
PHYSICAL THYROID EXAMINATION ABNORMAL,1
GALLBLADDER AGENESIS,1
PHYTOTHERAPY,1
GALLBLADDER ADENOMA,1
PHYSIOTHERAPY CHEST,1
RENAL ARTERY ANGIOPLASTY,1
RENAL ARTERY FIBROMUSCULAR DYSPLASIA,1
RENAL ARTERY RESTENOSIS,1
GALACTOSAEMIA,1
GAIT APRAXIA,1
FUSOBACTERIUM TEST POSITIVE,1
FUNISITIS,1
RENAL DISORDER IN PREGNANCY,1
FUNGATING WOUND,1
FUNGAL TRACHEITIS,1
FUNGAL TEST,1
LUPUS ENCEPHALITIS,1
FUNGAL BALANITIS,1
LUPUS HEPATITIS,1
FUNCTIONAL ENDOSCOPIC SINUS SURGERY,1
FUMBLING,1
FRUCTOSAMINE DECREASED,1
LUPUS MILIARIS DISSEMINATUS FACIEI,1
PHOTON RADIATION THERAPY TO BREAST,1
FOETAL HEART RATE ACCELERATION ABNORMALITY,1
FEMORAL ARTERY EMBOLISM,1
PHLEBITIS INFECTIVE,1
RESPIRATORY PATHOGEN PANEL,1
FIBROSARCOMA METASTATIC,1
FIBROMATOSIS COLLI OF INFANCY,1
FIBRODYSPLASIA OSSIFICANS PROGRESSIVA,1
FIBRINOLYSIS INCREASED,1
FIBRINOLYSIS,1
RESPIRATORY SYNCYTIAL VIRUS TEST NEGATIVE,1
FIBRINOGEN DEGRADATION PRODUCTS INCREASED,1
FIBRIN DECREASED,1
FIBRIN D DIMER DECREASED,1
PHLEBITIS DEEP,1
PHLEBOVIRUS TEST POSITIVE,1
FEVER HALLUCINATIONS,1
FEV1/FVC RATIO,1
FEMUR RESECTION,1
RESPIRATORY TRACT NEOPLASM,1
FEMORAL PULSE DECREASED,1
PHLEBECTOMY,1
RESPIROVIRUS TEST,1
RESPIROVIRUS TEST POSITIVE,1
FEMORAL HERNIA REPAIR,1
FEMORAL DEROTATION OSTEOTOMY,1
FIBROUS DYSPLASIA OF JAW,1
FILARIASIS LYMPHATIC,1
FOETAL HAEMOGLOBIN INCREASED,1
REPERFUSION ARRHYTHMIA,1
PHOTOKERATITIS,1
FOETAL CYSTIC HYGROMA,1
RENAL VEIN OCCLUSION,1
RENAL VEIN STENOSIS,1
FOETAL CARDIAC FUNCTION TEST ABNORMAL,1
RENAL VEIN VARICES,1
FOETAL ALCOHOL SYNDROME,1
PHOTODYNAMIC THERAPY,1
FOCAL MYOSITIS,1
FLUOROSIS DENTAL,1
PHOTOCOAGULATION,1
"FISSURE OF TONGUE, CONGENITAL",1
FLT3 GENE MUTATION,1
"REPRODUCTIVE TRACT HYPOPLASIA, MALE",1
FLOW CYTOMETRY,1
FLOUR SENSITIVITY,1
FLOPPY INFANT,1
FLAVIVIRUS TEST POSITIVE,1
FLAT CHEST,1
RESPIRATORY DEPTH DECREASED,1
LYMPHOBLAST COUNT INCREASED,1
FITZPATRICK SKIN PHOTOTYPE IV,1
HEAD CRUSHING INJURY,1
HEAD LAG ABNORMAL,1
HEALTH ASSESSMENT QUESTIONNAIRE SCORE,1
POIKILOTHERMIA,1
INDETERMINABLE ABO BLOOD TYPE,1
PRIMARY CEREBELLAR DEGENERATION,1
PRIMARY COENZYME Q10 DEFICIENCY,1
PRIMARY COUGH HEADACHE,1
PRIMARY FAMILIAL BRAIN CALCIFICATION,1
INCLUSION CONJUNCTIVITIS,1
PRIMARY HYPEROXALURIA,1
PRIMARY HYPOPARATHYROIDISM,1
INCISION SITE HYPOAESTHESIA,1
INCISION SITE EROSION,1
PRIMARY PROGRESSIVE APHASIA,1
JUVENILE MELANOMA BENIGN,1
PRIMARY PULMONARY MELANOMA,1
INCEST,1
POLYMERASE CHAIN REACTION,1
PRIMITIVE REFLEX TEST,1
PRIMITIVE REFLEX TEST POSITIVE,1
JUVENILE POLYMYOSITIS,1
INCARCERATED HIATUS HERNIA,1
INCARCERATED HERNIA REPAIR,1
INBORN ERROR OF BILIRUBIN METABOLISM,1
INAPPROPRIATE THYROID STIMULATING HORMONE SECRETION,1
JUVENILE PSORIATIC ARTHRITIS,1
PREVENTIVE SURGERY,1
INDETERMINATE PREGNANCY TEST RESULT,1
JOUBERT SYNDROME,1
JOINT MANIPULATION,1
INFLUENZA B VIRUS TEST,1
PREGNANCY TEST URINE NEGATIVE,1
PREGNANCY TEST URINE POSITIVE,1
JOINT ADHESION,1
PREICTAL STATE,1
JOINT DEPOSIT,1
JOINT DISLOCATION REDUCTION,1
PREMATURE OVULATION,1
PREMATURE RECOVERY FROM ANAESTHESIA,1
INFECTION VIA VACCINEE,1
PREMEDICATION,1
JOINT VIBRATION,1
INFECTED VASCULITIS,1
INFECTED NAEVUS,1
PREOPERATIVE CARE,1
PREPUCE DORSAL SLIT,1
PREPUCE REDUNDANT,1
INFECTED METASTASIS,1
INFECTED GOUTY TOPHUS,1
PRESBYOESOPHAGUS,1
JOINT RESURFACING SURGERY,1
POLYNEUROPATHY ALCOHOLIC,1
INADEQUATE HOUSING,1
IMPRESSION CYTOLOGY,1
IMPOSTOR PHENOMENON,1
KLIPPEL-FEIL SYNDROME,1
KINESIOPHOBIA,1
IMMUNOMODULATORY THERAPY,1
IMMUNOLOGY TEST NORMAL,1
IMMUNOLOGY TEST,1
IMMUNOADSORPTION THERAPY,1
IMMUNE AGGLUTININS,1
IMMATURE PLATELET FRACTION INCREASED,1
IMMATURE PLATELET FRACTION DECREASED,1
ILIAC VEIN PERFORATION,1
POLLUTION,1
ILIAC ARTERY RUPTURE,1
IMMUNOSUPPRESSANT DRUG LEVEL,1
PRODUCT DISPENSED BY UNAUTHORISED PROVIDER,1
ILIAC ARTERY EMBOLISM,1
ILIAC ARTERY DISSECTION,1
ILIAC ARTERY DISEASE,1
ILEOCOLIC BYPASS,1
ILEAL ULCER PERFORATION,1
IDIOPATHIC HISTAMINERGIC ANGIOEDEMA,1
IDIOPATHIC GUTTATE HYPOMELANOSIS,1
KOHLER^S DISEASE,1
HYSTEROSALPINGECTOMY,1
IMMUNOREACTIVE TRYPSINOGEN INCREASED,1
IMMUNOTACTOID GLOMERULONEPHRITIS,1
IMPLANTABLE DEFIBRILLATOR REMOVAL,1
PROCTITIS HAEMORRHAGIC,1
IMPLANTABLE CARDIAC MONITOR REPLACEMENT,1
IMPLANT TISSUE NECROSIS,1
IMPLANT SUBSIDENCE,1
KABUKI MAKE-UP SYNDROME,1
PROCOLLAGEN TYPE I C-TERMINAL PROPEPTIDE INCREASED,1
IMPLANT SITE URTICARIA,1
IMPLANT SITE SEROMA,1
IMPLANT SITE PUSTULES,1
PROCTITIS CHLAMYDIAL,1
PROCTITIS GONOCOCCAL,1
PROCTITIS HERPES,1
IMPACTED FRACTURE,1
KERION,1
PROCTOSIGMOIDOSCOPY,1
IMPLANT SITE NERVE INJURY,1
IMPLANT SITE HYPOAESTHESIA,1
KIDNEY ABLATION,1
POLYCYSTIC THYROID DISEASE,1
KIDNEY INJURY MOLECULE-1,1
IMPLANT SITE ATROPHY,1
KIDNEY PALPABLE,1
IMPERFORATE OESOPHAGUS,1
INFLUENZA MYOCARDITIS,1
INFLUENZA VIRUS TEST,1
PREGNANCY TEST,1
INTERNAL DEVICE EXPOSED,1
INTESTINAL STEATOSIS,1
INTESTINAL POLYPECTOMY,1
PORPHYRINS STOOL INCREASED,1
ISCHAEMIC CONTRACTURE OF THE LEFT VENTRICLE,1
INTESTINAL CALCIFICATION,1
POST STREPTOCOCCAL GLOMERULONEPHRITIS,1
POST STROKE EPILEPSY,1
POST THROMBOTIC RETINOPATHY,1
INTERSPINOUS OSTEOARTHRITIS,1
INTERRUPTION OF AORTIC ARCH,1
INTERMITTENT POSITIVE PRESSURE BREATHING,1
PORPHYROMONAS BACTERAEMIA,1
INTERLEUKIN LEVEL DECREASED,1
INTERLEUKIN LEVEL,1
INTERFERONOPATHY,1
POST-TRAUMATIC PUNCTATE INTRAEPIDERMAL HAEMORRHAGE,1
INTERFERON GAMMA LEVEL INCREASED,1
INTERFERON GAMMA DECREASED,1
INTERFERON ALPHA LEVEL DECREASED,1
INTERFACE FLUID SYNDROME,1
ISCHAEMIC GASTRITIS,1
POSTERIOR LENS CAPSULOTOMY,1
INTESTINAL T-CELL LYMPHOMA RECURRENT,1
POST PROCEDURAL MYOCARDIAL INFARCTION,1
POSTERIOR TIBIAL NERVE INJURY,1
IRIS NEOPLASM,1
IRIS MELANOMA,1
IRIS BOMBE,1
PORTAL VEIN STENOSIS,1
IRIDOTOMY,1
POSITRON EMISSION TOMOGRAM PROSTATE,1
IRIDOCORNEAL ENDOTHELIAL SYNDROME,1
IODINE UPTAKE INCREASED,1
INTRINSIC FACTOR DEFICIENCY,1
INTRAVASCULAR PAPILLARY ENDOTHELIAL HYPERPLASIA,1
INTRAUTERINE GAS,1
PORTAL VEIN EMBOLISATION,1
INTESTINAL TRANSPOSITION,1
IRIS OPERATION,1
INTRANASAL SCARRING,1
INTRADUCTAL PAPILLARY-MUCINOUS CARCINOMA OF PANCREAS,1
11-DEOXYCORTICOSTERONE INCREASED,1
IRON BINDING CAPACITY UNSATURATED DECREASED,1
INTRACRANIAL HAEMANGIOMA,1
PORTAL HYPERTENSIVE BILIOPATHY,1
INTRA-ABDOMINAL HAEMANGIOMA,1
IRRITABILITY POSTVACCINAL,1
IRVAN SYNDROME,1
POROCARCINOMA,1
POSTERIOR TIBIAL TENDON DYSFUNCTION,1
PREGNANCY RELATED INFECTION,1
PRECANCEROUS MUCOSAL LESION,1
INHALATION THERAPY,1
"INGUINAL HERNIA, OBSTRUCTIVE",1
ISCHIOFEMORAL IMPINGEMENT SYNDROME,1
INGUINAL HERNIA PERFORATION,1
ISOCITRATE DEHYDROGENASE GENE MUTATION,1
ISSUE WITH ADDITIONAL CONDITION FOR NONPRESCRIPTION USE,1
INFUSION SITE NERVE DAMAGE,1
INFUSION SITE JOINT SWELLING,1
INFUSION SITE JOINT PAIN,1
INFUSION SITE GRANULOMA,1
INFUSION SITE FIBROSIS,1
INJECTION SITE ALOPECIA,1
PRECEREBRAL ARTERY DISSECTION,1
PRECEREBRAL ARTERY EMBOLISM,1
INFUSION SITE ECZEMA,1
JEJUNOSTOMY REFASHIONING,1
PRECURSOR T-LYMPHOBLASTIC LYMPHOMA/LEUKAEMIA REFRACTORY,1
PONTIAC FEVER,1
INFUSION SITE CALCIFICATION,1
INFUSION SITE ATROPHY,1
INFUSION SITE ABSCESS STERILE,1
JESSNER^S LYMPHOCYTIC INFILTRATION,1
INHERITED CARDIAC CONDUCTION DISORDER,1
INJECTION SITE FOREIGN BODY SENSATION IN EYE,1
INTELLIGENCE TEST ABNORMAL,1
INSPISSATED BILE SYNDROME,1
INTELLIGENCE INCREASED,1
POSTIMPLANTATION SYNDROME,1
INSTILLATION SITE WARMTH,1
POSTMASTECTOMY LYMPHOEDEMA SYNDROME,1
POSTMATURE BABY,1
INSTILLATION SITE SCAB,1
INSTILLATION SITE ODOUR,1
INSTILLATION SITE HYPOAESTHESIA,1
POSTOPERATIVE HYPERTENSION,1
INSTILLATION SITE BRUISE,1
INJURY OF CONJUNCTIVA,1
POSTURAL REFLEX IMPAIRMENT,1
ISCHAEMIC NEUROPATHY,1
INJECTION SITE PHOTOSENSITIVITY REACTION,1
POSTPARTUM HYPOPITUITARISM,1
POSTPARTUM SEPSIS,1
POSTPARTUM STRESS DISORDER,1
POOR TRUNCAL INCURVATION REFLEX,1
POSTPRANDIAL HYPOTENSION,1
INJECTION SITE JOINT ERYTHEMA,1
ISCHAEMIC PANCREATITIS,1
INJECTION SITE JOINT DISCOMFORT,1
HYSTEROPEXY,1
KRABBE^S DISEASE,1
LEUKOPENIA NEONATAL,1
HYPOSTHENURIA,1
LEGIONELLA TEST POSITIVE,1
PLEUROPULMONARY BLASTOMA,1
PSEUDOPHAEOCHROMOCYTOMA,1
HER2 GENE AMPLIFICATION,1
HEPATOSPLENOMEGALY NEONATAL,1
HEPATOSPLENIC ABSCESS,1
PSEUDOPRECOCIOUS PUBERTY,1
PSEUDORADICULAR SYNDROME,1
LENEGRE^S DISEASE,1
PSEUDOXANTHOMA ELASTICUM-LIKE SYNDROME,1
HEPATOBLASTOMA RECURRENT,1
PSOAS SIGN,1
PSORIASIS AREA SEVERITY INDEX DECREASED,1
LENS DENSITY INCREASED,1
HEPATOBILIARY PROCEDURAL COMPLICATION,1
HEPATOBILIARY NEOPLASM,1
PLEUROCUTANEOUS FISTULA,1
PSYCHIATRIC EVALUATION,1
PSYCHIATRIC EVALUATION ABNORMAL,1
PSYCHOGENIC BLINDNESS,1
LENTICULAR INJURY,1
HEPATITIS NON-A NON-B,1
HEPATITIS NEONATAL,1
HER2 POSITIVE ENDOMETRIAL CANCER,1
LEFT-SIDED PORTAL HYPERTENSION,1
HERBAL TOXICITY,1
LEAD DISLODGEMENT,1
HERPETIC RADICULOPATHY,1
HERPES ZOSTER PHARYNGITIS,1
HERPES ZOSTER NECROTISING RETINOPATHY,1
HERPES ZOSTER MENINGOMYELITIS,1
PSEUDO-OCCLUSION OF INTERNAL CAROTID ARTERY,1
PSEUDOACHALASIA,1
HERPES SIMPLEX SEPSIS,1
HERPES SIMPLEX MENINGOMYELITIS,1
LATERAL POSITION,1
LDL/HDL RATIO,1
PSEUDODIABETES,1
LEFT-HANDEDNESS,1
PNEUMOCENTESIS,1
HERG GENE MUTATION,1
PSEUDOGYNAECOMASTIA,1
HEREDITARY RETINAL DYSTROPHY,1
LEFT ATRIAL HYPERTROPHY,1
PSEUDOHYPOPARATHYROIDISM,1
LEFT VENTRICULAR END-DIASTOLIC PRESSURE DECREASED,1
HEREDITARY BREAST AND OVARIAN CANCER SYNDROME,1
LEFT VENTRICULAR FALSE TENDON,1
HEREDITARY ANGIOEDEMA WITH NORMAL C1 ESTERASE INHIBITOR,1
PLEURECTOMY,1
LEPTOMENINGEAL MYELOMATOSIS,1
HEPATITIS CHRONIC PERSISTENT,1
HEPATIC AMYLOIDOSIS,1
HEPATIC HYPOPERFUSION,1
PULMONARY ATYPICAL ADENOMATOUS HYPERPLASIA,1
HEPATIC GAS GANGRENE,1
PULMONARY BULLAE RUPTURE,1
PULMONARY BULLECTOMY,1
HEPATIC FIBROSIS MARKER ABNORMAL,1
HEPATIC CANCER STAGE III,1
HEPATIC CANCER STAGE I,1
HEPATIC ARTERY HAEMORRHAGE,1
HEPATIC ARTERIOVENOUS MALFORMATION,1
HEPATIC AMOEBIASIS,1
HEPATIC PSEUDOLESION,1
HEPATIC ACTINOMYCOSIS,1
PULMONARY FUNCTION TEST NORMAL,1
HEMIHYPERTROPHY,1
HEMIHYPERAESTHESIA,1
HELICOBACTER TEST FALSE NEGATIVE,1
HEEL FAT PAD SYNDROME,1
PULMONARY HYPOPERFUSION,1
HEARTLAND VIRUS INFECTION,1
HEART SOUNDS NORMAL,1
LEUKOERYTHROBLASTOSIS,1
PLEURAL FLUID ANALYSIS,1
HEPATIC SARCOMA,1
HEPATITIS C VIRUS CORE ANTIGEN,1
LEUCINE AMINOPEPTIDASE DECREASED,1
PSYCHOSOCIAL SUPPORT,1
HEPATITIS C RNA DECREASED,1
HEPATITIS B VIRUS TEST,1
PTEN GENE MUTATION,1
PTEN HAMARTOMA TUMOUR SYNDROME,1
HEPATITIS B SURFACE ANTIBODY NEGATIVE,1
HEPATITIS B SURFACE ANTIBODY,1
PLEURAL RUB,1
PUBERTAL DISORDER,1
HEPATITIS B E ANTIBODY POSITIVE,1
PUERPERAL PYREXIA,1
HEPATIC SEROMA,1
HEPATITIS B CORE ANTIBODY NEGATIVE,1
HEPATITIS B ANTIGEN POSITIVE,1
PULMONARY ALVEOLAR MICROLITHIASIS,1
PLEURAL INFECTION BACTERIAL,1
PULMONARY APLASIA,1
HEPATITIS A ANTIBODY ABNORMAL,1
HEPATICOJEJUNOSTOMY,1
PULMONARY ARTERIOPATHY,1
LEUCINE AMINOPEPTIDASE INCREASED,1
PULMONARY ARTERY ATRESIA,1
LATE METABOLIC ACIDOSIS OF NEWBORN,1
LAST MENSTRUAL PERIOD DETERMINATION,1
PROTON RADIATION THERAPY,1
PNEUMONIA PROTEUS,1
HYPERKINETIC HEART SYNDROME,1
PROGRESSIVE CEREBELLAR DEGENERATION,1
PROGRESSIVE DIAPHYSEAL DYSPLASIA,1
HYPERKERATOSIS LENTICULARIS PERSTANS,1
LACTATE DEHYDROGENASE URINE INCREASED,1
LACTOBACILLUS TEST POSITIVE,1
HYPERGLYCAEMIC SEIZURE,1
PROGRESSIVE MUSCULAR ATROPHY,1
LAMINOPLASTY,1
HYPERCHLORURIA,1
PROMINENT EPICANTHAL FOLDS,1
PROGESTERONE RECEPTOR ASSAY NEGATIVE,1
LARYNGEAL CANCER STAGE II,1
PROMOTION OF WOUND HEALING,1
PROMPT EFFECTS OF RADIATION,1
PROMYELOCYTE COUNT INCREASED,1
PROPHYLAXIS AGAINST BRONCHOSPASM,1
HYPER HDL CHOLESTEROLAEMIA,1
HYMENECTOMY,1
PROPHYLAXIS URINARY TRACT INFECTION,1
HYDROXYPROLINURIA,1
HYDROXYAPATITE CRYSTAL DEPOSITION DISEASE,1
PROGESTIN THERAPY,1
PROGESTERONE DEFICIENCY,1
HYDROCELE FEMALE,1
HYPERTROPHIC OSTEOARTHROPATHY,1
KYPHOSIS CONGENITAL,1
HYPOPLASTIC NASAL CARTILAGE,1
LABELLED DRUG-ALCOHOL INTERACTION MEDICATION ERROR,1
HYPOPIGMENTATION OF EYELID,1
HYPOKINESIA NEONATAL,1
HYPOINSULINAEMIA,1
HYPOGLOSSAL NERVE PARESIS,1
PO2,1
PNEUMOVIRUS TEST POSITIVE,1
LABOUR STIMULATION,1
HYPERTHECOSIS,1
HYPERNATRIURIA,1
HYPERSTHENURIA,1
HYPERSOMNIA-BULIMIA SYNDROME,1
HYPERREACTIO LUTEINALIS,1
HYPERPROLINAEMIA,1
LACK OF DANGER AWARENESS,1
LACRIMAL CYST,1
HYPERPATHIA,1
HYPERPARASITAEMIA,1
HYPEROXIA,1
PROGERIA,1
HYDROCELE MALE INFECTED,1
HYDRANENCEPHALY,1
PNEUMOCYSTIS TEST,1
LARYNGOSCOPY,1
LARYNGEAL POLYP,1
HODGKIN^S DISEASE LYMPHOCYTE DEPLETION TYPE STAGE IV,1
HLA-B*5701 ASSAY POSITIVE,1
PROSTHETIC VESSEL IMPLANTATION,1
LARYNGEAL PROSTHESIS PLACEMENT,1
LARYNGEAL SENSORY NEUROPATHY,1
HIV TEST,1
PROTEIN S INCREASED,1
HIV ANTIGEN POSITIVE,1
LARYNGITIS ALLERGIC,1
PROTEIN TOTAL NORMAL,1
PROSTHETIC CARDIAC VALVE CALCIFICATION,1
HISTAMINE LEVEL DECREASED,1
HIGH-ENERGY TRAUMA,1
HIGH TURNOVER OSTEOPATHY,1
PROTEUS SYNDROME,1
PROTHROMBIN FRAGMENT 1.2 INCREASED,1
HIGH GRADE B-CELL LYMPHOMA RECURRENT,1
LARYNGOTRACHEAL OEDEMA,1
HIGH CARBOHYDRATE DIET,1
PROTHROMBIN TIME RATIO ABNORMAL,1
LASER BRAIN ABLATION,1
PROSTHETIC CARDIAC VALVE MALFUNCTION,1
HODGKIN^S DISEASE NODULAR SCLEROSIS STAGE II,1
LARYNGEAL CLEFT,1
HTLV TEST POSITIVE,1
PROSTATE CANCER STAGE 0,1
PNEUMONIA MEASLES,1
HUMAN T-CELL LYMPHOTROPIC VIRUS INFECTION,1
LARYNGEAL CYST,1
HUMAN EPIDIDYMIS PROTEIN 4 INCREASED,1
HUMAN EPIDERMAL GROWTH FACTOR RECEPTOR DECREASED,1
HTLV-2 TEST POSITIVE,1
HTLV-2 TEST NEGATIVE,1
LARYNGEAL MASK AIRWAY INSERTION,1
LARYNGEAL NERVE DYSFUNCTION,1
HRD GENE MUTATION ASSAY POSITIVE,1
HODGKIN^S DISEASE NODULAR SCLEROSIS STAGE III,1
HRD GENE MUTATION ASSAY NEGATIVE,1
HORMONE THERAPY,1
PROSTATIC PERFORATION,1
PROSTATIC SPECIFIC ANTIGEN,1
HOMONYMOUS DIPLOPIA,1
HOME CARE,1
HOLMES-ADIE PUPIL,1
HOLMES TREMOR,1
HODGKIN^S DISEASE STAGE IV,1
HODGKIN^S DISEASE STAGE III,1
EXERCISE ELECTROCARDIOGRAM,1
RIGHT VENTRICULAR EJECTION FRACTION DECREASED,1
PARESIS CRANIAL NERVE,1
CONGENITAL MIDLINE DEFECT,1
STEREOTACTIC ELECTROENCEPHALOGRAPHY,1
CONGENITAL BRAIN DAMAGE,1
STERNITIS,1
CONGENITAL AORTIC VALVE STENOSIS,1
CONGENITAL AORTIC VALVE INCOMPETENCE,1
CONGENITAL AORTIC STENOSIS,1
CONGENITAL AORTIC ATRESIA,1
CONGENITAL ADRENAL GLAND HYPOPLASIA,1
METASTASES TO PERIPHERAL VASCULAR SYSTEM,1
CONCENTRIC SCLEROSIS,1
METASTASES TO PHARYNX,1
COMPUTERISED TOMOGRAM SPINE ABNORMAL,1
COMPUTERISED TOMOGRAM PANCREAS,1
COMPUTERISED TOMOGRAM LIVER ABNORMAL,1
STOMA HERNIA REPAIR,1
METASTASES TO TONSILS,1
METASTASES TO TRACHEA,1
METASTATIC CARCINOID TUMOUR,1
COMPLICATED MALARIA,1
COMA NEONATAL,1
STOMA SITE PARAESTHESIA,1
METHYLENETETRAHYDROFOLATE REDUCTASE GENE MUTATION,1
COLPOSCOPY ABNORMAL,1
CONGENITAL CENTRAL HYPOVENTILATION SYNDROME,1
CONGENITAL CYST,1
CONGENITAL DYSERYTHROPOIETIC ANAEMIA,1
CONGENITAL HIV INFECTION,1
METACHROMATIC LEUKODYSTROPHY,1
PENILE WART,1
CONGENITAL INFECTION,1
STAPHYLOCOCCAL PAROTITIS,1
CONGENITAL HYPOGONADOTROPIC HYPOGONADISM,1
CONGENITAL HYPERTHYROIDISM,1
CONGENITAL HYPERINSULINAEMIC HYPOGLYCAEMIA,1
CONGENITAL HYPERCOAGULATION,1
STAPHYLOCOCCUS TEST,1
METAMYELOCYTE COUNT,1
METAPHYSEAL CORNER FRACTURE,1
PENILE SCARRING,1
CONGENITAL HEART VALVE DISORDER,1
METAPHYSEAL DYSPLASIA,1
CONGENITAL GENITAL MALFORMATION MALE,1
CONGENITAL GENITAL MALFORMATION FEMALE,1
METAPNEUMOVIRUS BRONCHIOLITIS,1
CONGENITAL FIBROSARCOMA,1
CONGENITAL FALLOPIAN TUBE ANOMALY,1
CONGENITAL FACIAL DIPLEGIA,1
CONGENITAL EMPHYSEMA,1
CONGENITAL ECTOPIC PANCREAS,1
STOMA SITE THROMBOSIS,1
METHYLMALONIC ACIDAEMIA,1
METRORRHOEA,1
SUBCLAVIAN ARTERIOSCLEROSIS,1
COAGULATION DISORDER NEONATAL,1
CLOTTING FACTOR TRANSFUSION,1
CLOSTRIDIUM TEST,1
CLOSED GLOBE INJURY,1
SUBACUTE SCLEROSING PANENCEPHALITIS,1
CLONAL CYTOPENIA OF UNDETERMINED SIGNIFICANCE,1
MIDDLE LOBE SYNDROME,1
CLEIDOCRANIAL DYSOSTOSIS,1
CLEFT UVULA,1
CLEFT PALATE REPAIR,1
PELVIC FLOOR STIMULATION,1
MIDDLE EAR DISORDER,1
CLEAR CELL ENDOMETRIAL CARCINOMA,1
CLEAR CELL CARCINOMA OF CERVIX,1
MINI MENTAL STATUS EXAMINATION ABNORMAL,1
CIRCUMCISED,1
SUBCUTANEOUS FLUID COLLECTION,1
PELVIC FIBROSIS,1
MINI-TRACHEOSTOMY,1
CIRCULATING TUMOUR DNA TEST POSITIVE,1
CIRCULATING TUMOUR DNA TEST,1
CILIARY ZONULAR WEAKNESS,1
STUMP APPENDICITIS,1
STRONGYLOIDES TEST POSITIVE,1
COLORECTAL CANCER STAGE II,1
COLD AGGLUTININS POSITIVE,1
COLORECTAL CANCER STAGE I,1
MEVALONIC ACIDURIA,1
STOOL ANALYSIS NORMAL,1
MICROBIOLOGY TEST ABNORMAL,1
COLON CANCER STAGE 0,1
STRABISMUS CONGENITAL,1
COLO-URETHRAL FISTULA,1
STREPTOBACILLARY FEVER,1
MICROCOLON,1
COLD BURN,1
STREPTOCOCCAL IMPETIGO,1
STROKE-LIKE MIGRAINE ATTACKS AFTER RADIATION THERAPY,1
COGNITIVE LINGUISTIC DEFICIT,1
MICROGLIAL NODULES,1
COCHLEAR INJURY,1
COCCYGECTOMY,1
MICROGLOSSIA,1
COAGULATION FACTOR XII LEVEL DECREASED,1
MICROSATELLITE INSTABILITY CANCER,1
MICROSPORUM INFECTION,1
COAGULATION FACTOR VII LEVEL ABNORMAL,1
STROKE VOLUME INCREASED,1
STAPEDECTOMY,1
SQUAMOUS CELL CARCINOMA OF THE HYPOPHARYNX,1
EXCESSIVE DIETARY SUPPLEMENT INTAKE,1
CONGENITAL NAEVUS,1
SPINAL DEFORMITY CORRECTION,1
CORONECTOMY,1
MENINGOENCEPHALITIS HELMINTHIC,1
MENINGOMYELITIS HERPES,1
CORONARY STEAL SYNDROME,1
CORONARY SLOW FLOW PHENOMENON,1
PERICARDIOCUTANEOUS FISTULA,1
CORNEAL WARPAGE,1
CORNEAL SUTURES REMOVAL,1
CORNEAL LIGHT REFLEX TEST ABNORMAL,1
SPINAL MYELOGRAM ABNORMAL,1
CORNEAL LEUKOPLAKIA,1
SPINAL NERVE STIMULATOR REMOVAL,1
PERICARDIAL PERFORATION,1
PERICARDIAL MESOTHELIOMA MALIGNANT RECURRENT,1
CORNEAL HYPERTROPHY,1
MENINGORRHAGIA,1
SPINAL ROD ADJUSTMENT,1
CORNEAL EPITHELIAL DEBRIDEMENT,1
SPINAL SEGMENTAL DYSFUNCTION,1
PERICARDIAL INJURY,1
CORNEAL CROSS LINKING,1
COR TRIATRIATUM,1
MENINGITIS NEONATAL,1
SPINAL CORDOTOMY,1
SPINAL CORD PARALYSIS,1
CRANIAL NERVE INFECTION,1
SPHINGOMONAS PAUCIMOBILIS BACTERAEMIA,1
CREATININE URINE,1
CREATININE RENAL CLEARANCE,1
CREATINE URINE INCREASED,1
CRANIOTABES,1
MENINGITIS COCCIDIOIDES,1
SPINAL ARTERY THROMBOSIS,1
CRANIAL NERVE NEOPLASM BENIGN,1
CRANIAL NERVE NEOPLASM,1
MENINGITIS EOSINOPHILIC,1
MENINGITIS HAEMOPHILUS,1
CORRECTED TRANSPOSITION OF GREAT VESSELS,1
COXIELLA TEST POSITIVE,1
COX-MAZE PROCEDURE,1
COWDEN^S DISEASE,1
COW POX,1
SPINAL CORD INJURY CAUDA EQUINA,1
COSTOCHONDRAL SEPARATION,1
COSTELLO SYNDROME,1
MENINGITIS HISTOPLASMA,1
CORTISOL FREE URINE DECREASED,1
MENINGITIS LEPTOSPIRAL,1
COPROLALIA,1
SPIROMETRY,1
COPA SYNDROME,1
MESENTERIC VENOUS OCCLUSION,1
MESENTERIC VASCULAR INSUFFICIENCY,1
CONGENITAL TUBERCULOSIS,1
CONGENITAL TRICUSPID VALVE INCOMPETENCE,1
CONGENITAL TRICUSPID VALVE ATRESIA,1
SPONTANEOUS AMPUTATION,1
CONGENITAL TRACHEOMALACIA,1
CONGENITAL THYMUS ABSENCE,1
CONGENITAL THROMBOTIC THROMBOCYTOPENIC PURPURA,1
MESENTERIC VASCULAR OCCLUSION,1
SPONTANEOUS ORGASM,1
CONGENITAL SPINAL STENOSIS,1
CONGENITAL URETHRAL ANOMALY,1
CONGENITAL SPINAL CORD ANOMALY,1
CONGENITAL SCOLIOSIS,1
CONGENITAL RENAL CYST,1
MESOTHELIOMA MALIGNANT RECURRENT,1
CONGENITAL PARVOVIRUS B19 INFECTION,1
CONGENITAL OSTEODYSTROPHY,1
PEPTIC ULCER HELICOBACTER,1
IRIS HAMARTOMA,1
MET EXON 14 SKIPPING MUTATION CANCER,1
CONGENITAL NAIL DISORDER,1
PERFORMANCE FEAR,1
PERFUSION BRAIN SCAN ABNORMAL,1
SPLANCHNIC HYPOPERFUSION,1
PERICARDIAL DECOMPRESSION SYNDROME,1
CONTROLLED OVARIAN STIMULATION,1
SPLEEN CONTUSION,1
SPLEEN PROCEDURAL COMPLICATION,1
SPLEEN SCAN ABNORMAL,1
CONNECTIVE TISSUE DYSPLASIA,1
SPLENIC ARTERY EMBOLISATION,1
CONJUNCTIVITIS GONOCOCCAL NEONATAL,1
CONJUNCTIVITIS FUNGAL,1
CONJUNCTIVAL VASCULAR DISORDER,1
MENTAL STATUS CHANGES POSTOPERATIVE,1
SPLENIC IRON OVERLOAD,1
SPLENOSIS,1
CONJUNCTIVAL OPERATION,1
CONJUNCTIVAL NEOPLASM,1
SPLENIC MARGINAL ZONE LYMPHOMA REFRACTORY,1
SPLENIC NECROSIS,1
CONJUNCTIVAL LACERATION,1
SPLENIC SARCOIDOSIS,1
SPLENIC SEQUESTRATION CRISIS,1
SPLENIC VARICES,1
SPLENIC VEIN OCCLUSION,1
MESENTERIC ARTERIOSCLEROSIS,1
CILIARY ZONULAR DEHISCENCE,1
SUBENDOCARDIAL HAEMORRHAGE,1
SUBEPENDYMAL CYST,1
CILIARY MUSCLE SPASM,1
TELANGIECTASIA CONGENITAL,1
CDKL5 DEFICIENCY DISORDER,1
TEMPERATURE PERCEPTION TEST DECREASED,1
MUCINOUS ENDOMETRIAL CARCINOMA,1
TEMPORAL ARTERY STENOSIS,1
CD8 LYMPHOCYTES ABNORMAL,1
TEMPORAL PULSE INCREASED,1
TEMPORARY TRANSVENOUS PACING,1
PARVIMONAS TEST POSITIVE,1
TENDER JOINT COUNT INCREASED,1
CD20 ANTIGEN POSITIVE,1
MUCKLE-WELLS SYNDROME,1
CD19 ANTIGEN LOSS,1
CAYLER CARDIOFACIAL SYNDROME,1
CAVERNOUS SINUS SYNDROME,1
CATHETERISATION VENOUS,1
TENDON NEOPLASM,1
CATHETERISATION CARDIAC NORMAL,1
CATHETER SITE ULCER,1
MUCOPOLYSACCHARIDOSIS IV,1
TENONECTOMY,1
TENON^S CYST,1
MUCOSAL EXCORIATION,1
CELL-MEDIATED CYTOTOXICITY,1
CELLULITIS OF MALE EXTERNAL GENITAL ORGAN,1
MPL GENE MUTATION,1
CENTRAL-ALVEOLAR HYPOVENTILATION,1
T-CELL LYMPHOMA RECURRENT,1
T-CELL LYMPHOMA STAGE IV,1
CEREBRAL ATROPHY CONGENITAL,1
CEREBRAL ATAXIA,1
MONOCYTE PERCENTAGE ABNORMAL,1
CEREBRAL ANGIOPLASTY,1
MORBIHAN DISEASE,1
CEREBELLAR DYSPLASIA,1
CEREBELLAR DENSITY DECREASED,1
TAENIASIS,1
PASTEURELLA TEST POSITIVE,1
CEMENTOPLASTY,1
MORGANELLA TEST POSITIVE,1
CENTRAL VENOUS PRESSURE ABNORMAL,1
CENTRAL NERVOUS SYSTEM MELANOMA,1
CENTRAL NERVOUS SYSTEM LISTERIA INFECTION,1
CENTRAL NERVOUS SYSTEM FUNCTION TEST ABNORMAL,1
CENTRAL NERVOUS SYSTEM ENTEROVIRAL INFECTION,1
TARTRATE-RESISTANT ACID PHOSPHATASE INCREASED,1
PASSENGER LYMPHOCYTE SYNDROME,1
CENTRAL CORD SYNDROME,1
MOSAICISM,1
TENSILON TEST ABNORMAL,1
CATATHRENIA,1
CATARACT TRAUMATIC,1
CARDIOACTIVE DRUG LEVEL BELOW THERAPEUTIC,1
CARDIOVASCULAR EXAMINATION,1
CARDIOVASCULAR EVALUATION,1
MULTIFOCAL FIBROSCLEROSIS,1
THALASSAEMIA ALPHA,1
CARDIOMYOPATHY ALCOHOLIC,1
THALASSAEMIA MINOR,1
MULTIPLE CUTANEOUS AND UTERINE LEIOMYOMATOSIS,1
THERAPEUTIC AGENT URINE NEGATIVE,1
THERAPEUTIC ASPIRATION,1
THERAPEUTIC DRUG MONITORING ANALYSIS INCORRECTLY PERFORMED,1
CARDIOACTIVE DRUG LEVEL ABOVE THERAPEUTIC,1
MUENKE SYNDROME,1
CARDIO-RESPIRATORY ARREST NEONATAL,1
CARDIAC VENTRICULOGRAM,1
CARDIAC VENTRICULAR SCARRING,1
MULTIPLE ORGAN TRANSPLANT REJECTION,1
CARDIAC TUBERCULOSIS,1
PARKINSONIAN CRISIS,1
CARDIAC PACEMAKER EVALUATION,1
CARDIAC OUTPUT,1
PARIETAL CELL ANTIBODY POSITIVE,1
CARDIAC MONITORING ABNORMAL,1
MULLERIAN DUCT CYST,1
CARNITINE INCREASED,1
CATAMENIAL PNEUMOTHORAX,1
TESTICULAR GERM CELL TUMOUR MIXED,1
CASCADE STOMACH,1
CARTILAGE HYPERTROPHY,1
TERSON SYNDROME,1
CARPECTOMY,1
TESSELLATED FUNDUS,1
CARPAL COLLAPSE,1
CAROTID REVASCULARISATION,1
CAROTID PULSE INCREASED,1
MUCOSAL ROUGHNESS,1
TESTICULAR GERM CELL CANCER,1
CAROTID PULSE,1
CARNITINE PALMITOYLTRANSFERASE DEFICIENCY,1
TESTICULAR HYPERTROPHY,1
PAROTID DUCT OBSTRUCTION,1
PAROTID ABSCESS,1
TESTICULAR NECROSIS,1
CAROTID ARTERY INSUFFICIENCY,1
CAROTID ARTERY COMPRESSION,1
TESTICULAR RETRACTION,1
TESTICULAR SEMINOMA (PURE),1
TESTICULAR SEMINOMA (PURE) STAGE II,1
MUELLER-WEISS SYNDROME,1
CEREBRAL CYST HAEMORRHAGE,1
T-CELL CHRONIC LYMPHOCYTIC LEUKAEMIA,1
CEREBRAL ENDOVASCULAR ANEURYSM REPAIR,1
CHORDEE,1
CHOROIDAL OSTEOMA,1
CHOROIDAL INFARCTION,1
CHOROIDAL HAEMATOMA,1
CHOROID PLEXUS PAPILLOMA,1
SUPERFICIAL SPREADING MELANOMA STAGE IV,1
CHOROID PLEXUS CARCINOMA,1
CHOROID NEOPLASM,1
MITRAL VALVE DYSPLASIA,1
CHOROID FISSURE CYST,1
CHORIOAMNIOTIC SEPARATION,1
CHONDROSIS,1
CHROMOPERTUBATION,1
CHONDROSARCOMA METASTATIC,1
SUPERIOR SEMICIRCULAR CANAL DEHISCENCE,1
PEARSON^S SYNDROME,1
PEAK EXPIRATORY FLOW RATE INCREASED,1
SUPERNUMERARY NIPPLE,1
SUPERNUMERARY RIB,1
SUPINE HYPERTENSION,1
SUPINE POSITION,1
MIXED DELUSION,1
CHOLEDOCHECTOMY,1
CHOROIDAL RUPTURE,1
PECTUS CARINATUM,1
CHOLANGIECTASIS ACQUIRED,1
SUBUNGUAL ABSCESS,1
MITOCHONDRIAL CARDIOMYOPATHY,1
CILIARY BODY OPERATION,1
SUBMANDIBULAR GLAND ENLARGEMENT,1
CHVOSTEK^S SIGN,1
CHUNG-JANSEN SYNDROME,1
CHRONIC TRAUMATIC ENCEPHALOPATHY,1
CHRONIC PULMONARY HISTOPLASMOSIS,1
CHRONIC MYELOID LEUKAEMIA (IN REMISSION),1
CHRONIC LYMPHOCYTIC LEUKAEMIA STAGE 3,1
CHRONIC LYMPHOCYTIC LEUKAEMIA STAGE 1,1
SUCCENTURIATE PLACENTA,1
CHROMOSOMAL MICRODUPLICATION,1
MITOCHONDRIAL ENCEPHALOMYOPATHY,1
CHRONIC LYMPHOCYTIC LEUKAEMIA (IN REMISSION),1
CHRONIC INFANTILE NEUROLOGICAL CUTANEOUS AND ARTICULAR SYNDROME,1
CHRONIC HYPERPLASTIC CANDIDIASIS,1
CHRONIC ARSENIC TOXICITY,1
PEDAL PULSE,1
MITOCHONDRIAL ENZYME DEFICIENCY,1
SUGGESTIBILITY,1
CHROMOSOME MAPPING ABNORMAL,1
CHROMOSOMAL MUTATION,1
CHOLANGIOSARCOMA,1
CHLAMYDIAL PELVIC INFLAMMATORY DISEASE,1
PATHERGY REACTION,1
SYNOVIAL SARCOMA RECURRENT,1
CERVIX CERCLAGE PROCEDURE,1
SYNAESTHESIA,1
CERVICOGENIC VERTIGO,1
CERVICITIS MYCOPLASMAL,1
CERVICITIS GONOCOCCAL,1
SYNOVIAL CYST REMOVAL,1
CERVICAL POLYPECTOMY,1
SYNOVIAL FLUID CRYSTAL PRESENT,1
SYNOVIAL FLUID WHITE BLOOD CELLS POSITIVE,1
MONOBLAST COUNT INCREASED,1
CERUMINOUS ADENOMA,1
SYMPATHICOTONIA,1
CERULOPLASMIN DECREASED,1
CEREBROSPINAL FLUID RESERVOIR PLACEMENT,1
CEREBROHEPATORENAL SYNDROME,1
CEREBRAL SULCAL PROMINENCE,1
CEREBRAL MALARIA,1
CEREBRAL LOBOTOMY,1
CEREBRAL HAEMORRHAGE NEONATAL,1
SYSTEMIC RIGHT VENTRICLE,1
CEREBRAL HAEMORRHAGE FOETAL,1
MONOCYTE MORPHOLOGY ABNORMAL,1
CERVIX ENLARGEMENT,1
SYMPATHETIC POSTERIOR CERVICAL SYNDROME,1
SURGICAL PRECONDITIONING,1
CHEST SCAN,1
PEAK EXPIRATORY FLOW RATE,1
SURGICAL SKIN TEAR,1
CHIROPRACTIC,1
CHILDHOOD PSYCHOSIS,1
PD-L1 POSITIVE CANCER,1
CHILDHOOD,1
CHILD-PUGH-TURCOTTE SCORE,1
CHILD MALTREATMENT SYNDROME,1
CHIARI NETWORK,1
CHEST X-RAY NORMAL,1
CHEMOTHERAPY SIDE EFFECT PROPHYLAXIS,1
MONKEYPOX IMMUNISATION,1
SWALLOW STUDY ABNORMAL,1
CHEMOTHERAPY CARDIOTOXICITY ATTENUATION,1
CHEMOTHERAPEUTIC DRUG LEVEL DECREASED,1
MOBILE CAECUM SYNDROME,1
CHEMOTHERAPEUTIC DRUG LEVEL BELOW THERAPEUTIC,1
MODEL FOR END STAGE LIVER DISEASE SCORE ABNORMAL,1
CHEILECTOMY,1
MODIFIED RANKIN SCORE INCREASED,1
CHA2DS2-VASC ANNUAL STROKE RISK LOW,1
CERVIX HAEMATOMA UTERINE,1
CROHN'S DISEASE,1
SPERMATOZOA MORPHOLOGY ABNORMAL,1
CROUP NONINFECTIOUS,1
SERUM PROCOLLAGEN TYPE I N-TERMINAL PROPEPTIDE INCREASED,1
PERITONEAL LAVAGE,1
PERITONEAL FLUID PROTEIN INCREASED,1
ELECTROCARDIOGRAM U-WAVE PROMINENT,1
ELECTROCARDIOGRAM U-WAVE ABNORMALITY,1
MANUFACTURING STABILITY TESTING ISSUE,1
MAPLE SYRUP DISEASE,1
ELECTROCARDIOGRAM ST-T SEGMENT ELEVATION,1
ELECTROCARDIOGRAM RR INTERVAL PROLONGED,1
SECONDARY FAILURE OF PLATELET RECOVERY,1
ELECTROCARDIOGRAM Q WAVES,1
ELECTROCARDIOGRAM DELTA WAVES ABNORMAL,1
ELECTROCARDIOGRAM AMBULATORY NORMAL,1
SECRETION GASTRIC ABSENT,1
ELECTROCARDIOGRAM,1
MARGINAL ZONE LYMPHOMA REFRACTORY,1
ELECTIVE PROCEDURE,1
ELDER ABUSE,1
PERITONEAL CANDIDIASIS,1
MARINE LENHART SYNDROME,1
SELECTIVE IGM IMMUNODEFICIENCY,1
ECZEMA VESICULAR,1
ECZEMA IMPETIGINOUS,1
MARSUPIALISATION,1
ELECTRONIC CIGARETTE USER,1
ELECTROPHORESIS,1
ELECTROPHORESIS PROTEIN,1
ENCEPHALITIS MENINGOCOCCAL,1
SCLERECTOMY,1
ENDOCARDITIS PSEUDOMONAL,1
ENDOCARDITIS CANDIDA,1
ENDOCARDIAL VARICES,1
SCLEROTHERAPY,1
MANUFACTURING EQUIPMENT CLEANING ISSUE,1
END-TIDAL CO2 DECREASED,1
ENCEPHALOCUTANEOUS ANGIOMATOSIS,1
MANUFACTURING LABORATORY CONTROLS ISSUE,1
ENCEPHALITIS POST VARICELLA,1
SCROTAL CANCER,1
PERITONEAL MESOTHELIAL HYPERPLASIA,1
ENCEPHALITIS JAPANESE B,1
ENCEPHALITIS INFLUENZAL,1
EMETOPHOBIA,1
SCROTAL EXPLORATION,1
SCROTAL HAEMATOCOELE,1
EMANUEL SYNDROME,1
PERITONEAL MESOTHELIOMA MALIGNANT RECURRENT,1
ELSBERG SYNDROME,1
ELEPHANTIASIS NOSTRAS VERRUCOSA,1
MANUFACTURING PROCESS CONTROL PROCEDURE NOT PERFORMED,1
PERISPLENITIS,1
ECTOPIA CORDIS,1
ECHOVIRUS TEST POSITIVE,1
DRY LUNG SYNDROME,1
DUODENAL VARICES,1
DUODENAL ULCER REPAIR,1
MATERNAL CANCER IN PREGNANCY,1
SERIAL TRANSVERSE ENTEROPLASTY,1
SEROLOGY NEGATIVE,1
SEROLOGY TEST,1
DUODENAL SPHINCTEROTOMY,1
DUODENAL PAPILLITIS,1
SERONEGATIVE SPONDYLOARTHRITIS,1
DUCTUS VENOSUS AGENESIS,1
MATERNAL DEATH,1
DUODENITIS HAEMORRHAGIC,1
MATERNAL DEATH AFFECTING FOETUS,1
DRUG SCREEN,1
MATERNAL DISEASE COMPLICATING PREGNANCY,1
DRUG REHABILITATION,1
SERRATED POLYPOSIS SYNDROME,1
DRUG METABOLITE LEVEL,1
MATERNAL DISTRESS DURING LABOUR,1
SERTOLI CELL TESTICULAR TUMOUR,1
MATERNAL HYPERTENSION AFFECTING FOETUS,1
DRUG LEVEL,1
SEPTIC NECROSIS,1
DURAL ABSCESS,1
PERIPROSTHETIC OSTEOLYSIS,1
MAST CELL DEGRANULATION PRESENT,1
ECG SIGNS OF VENTRICULAR HYPERTROPHY,1
ECG SIGNS OF MYOCARDIAL ISCHAEMIA,1
ECG SIGNS OF MYOCARDIAL INFARCTION,1
SEMINAL VESICLE ABSCESS,1
SEMINAL VESICULAR CYST,1
MASSAGE,1
EBOLA DISEASE,1
SENILE XEROSIS,1
EARLY ONSET PRIMARY DYSTONIA,1
"EAR, NOSE AND THROAT EXAMINATION ABNORMAL",1
PERIPORTAL SINUS DILATATION,1
SEPTIC COAGULOPATHY,1
EAGLE^S SYNDROME,1
EAGLE BARRETT SYNDROME,1
DYSPONESIS,1
SENTINEL LYMPHADENECTOMY,1
DYSPHOTOPSIA,1
DYSPHAGIA LUSORIA,1
MASTOID ABSCESS,1
PERIPHERAL VEIN STENOSIS,1
SEPTIC ARTHRITIS NEISSERIAL,1
MASTOPTOSIS,1
PERITONITIS VIRAL,1
SCLERAL PIGMENTATION,1
SCLERAL OPERATION,1
PERTUSSIS-LIKE SYNDROME,1
SACRALISATION,1
EPITHELIOID SARCOMA,1
SALIVA ANALYSIS ABNORMAL,1
PH BODY FLUID DECREASED,1
SALIVARY GLAND ATROPHY,1
EPIPHYSIODESIS,1
MALIGNANT MAST CELL NEOPLASM,1
PH BODY FLUID,1
SALIVARY GLAND FISTULA,1
SALIVARY GLAND INDURATION,1
SALIVARY GLAND RESECTION,1
EROSIVE BALANITIS,1
MALIGNANT MIDDLE CEREBRAL ARTERY SYNDROME,1
EPILEPSY OF INFANCY WITH MIGRATING FOCAL SEIZURES,1
EPIGLOTTIC MASS,1
EPIGLOTTIC ABSCESS,1
EPIDURAL FIBROSIS,1
PERSONALITY DISORDER OF CHILDHOOD,1
EPIDIDYMECTOMY,1
EPIDIDYMAL ENLARGEMENT,1
SALPINGOPLASTY,1
EPIDIDYMAL CANCER,1
SACRAL RADICULOPATHY,1
S100 PROTEIN INCREASED,1
SANDIFER^S SYNDROME,1
MALIGNANT GLAUCOMA,1
MALIGNANT CONNECTIVE TISSUE NEOPLASM,1
EWING-LIKE SARCOMA,1
EVENTRATION REPAIR,1
RINNE TUNING FORK TEST ABNORMAL,1
EUBACTERIUM INFECTION,1
MALIGNANT GASTRIC ULCER,1
ROBOTIC SURGERY,1
ESCUTCHEONECTOMY,1
ESCHERICHIA VAGINITIS,1
ESCHAROTOMY,1
ERYTHROPOIETIN DEFICIENCY ANAEMIA,1
ERYSIPELOTHRIX INFECTION,1
ERYTHROPHAGOCYTOSIS,1
ERYTHROID SERIES ABNORMAL,1
ERYTHROID MATURATION ARREST,1
MALIGNANT HISTIOCYTOSIS,1
MALIGNANT HYPERTENSIVE HEART DISEASE,1
ERYTHROBLAST COUNT DECREASED,1
ROUTINE HEALTH MAINTENANCE,1
ROUTINE IMMUNISATION SCHEDULE INCOMPLETE,1
ERYTHROBLAST COUNT ABNORMAL,1
RUBELLA ANTIBODY NEGATIVE,1
SALVAGE THERAPY,1
EPENDYMOMA MALIGNANT,1
ENDOCERVICAL MUCOSAL THICKENING,1
SCHLEMM^S CANAL OBSTRUCTION,1
ENDOSCOPIC RETROGRADE CHOLANGIOPANCREATOGRAPHY NORMAL,1
ENDOSCOPIC RETROGRADE CHOLANGIOPANCREATOGRAPHY ABNORMAL,1
ENDOMETRIAL SCRATCHING,1
MALIGNANT SYPHILIS,1
SCHISTOSOMIASIS CUTANEOUS,1
SCHIZENCEPHALY,1
ENDOMETRIAL HYPOPLASIA,1
ENDOMETRIAL HYPERTROPHY,1
MALIGNANT URINARY TRACT OBSTRUCTION,1
SCHIZOTYPAL PERSONALITY DISORDER,1
ENDOMETRIAL CANCER STAGE 0,1
ENDOSCOPIC ULTRASOUND,1
SCHWARTZ JAMPEL SYNDROME,1
SCIATIC HERNIA,1
ENDOMETRIAL ADENOMA,1
ENDOCRINOPATHY DIENCEPHALIC,1
ENDOCRINE TEST ABNORMAL,1
SCIMITAR SYNDROME,1
ENDOCRINE NEOPLASM MALIGNANT,1
SCLERAL DEPOSITS,1
MAMMARY TUBERCULOSIS,1
SCLERAL HAEMATOMA,1
ENDOSCOPIC SLEEVE GASTROPLASTY,1
ENDOSCOPY CAPSULE RETENTION,1
EPENDYMITIS,1
ENOPHTHALMOS,1
EOSINOPHILS URINE,1
MALIGNANT MIDDLE EAR NEOPLASM,1
EOSINOPHILIA MYALGIA SYNDROME,1
SARCOMA EXCISION,1
PERSISTENT PUPILLARY MEMBRANE,1
EOSINOPHIL CATIONIC PROTEIN DECREASED,1
SARCOMATOID CARCINOMA OF THE LUNG,1
ENZYME ACTIVITY ABNORMAL,1
MALIGNANT NEOPLASM OF SEMINAL VESICLE,1
ENTERITIS LEUKOPENIC,1
ENLARGED FOETAL CISTERNA MAGNA,1
MALIGNANT RENAL HYPERTENSION,1
SAVANT SYNDROME,1
ENLARGED CEREBRAL PERIVASCULAR SPACES,1
SCALLOPED TONGUE,1
ENEMA ADMINISTRATION,1
PERONEAL NERVE PALSY POSTOPERATIVE,1
SCAN ADRENAL GLAND ABNORMAL,1
SCAN GALLIUM ABNORMAL,1
SCAN MYOCARDIAL PERFUSION,1
ENDOTOXAEMIA,1
SCAN WITH CONTRAST,1
"DRUG DEPENDENCE, POSTPARTUM",1
MATERNAL PRE-PREGNANCY UNDERWEIGHT,1
SPERMATORRHOEA,1
PERIPHERAL PRIMITIVE NEUROECTODERMAL TUMOUR OF SOFT TISSUE,1
PERINEUM STIMULATION,1
SLOW VITAL CAPACITY DECREASED,1
DACRYOLITH,1
SMALL CELL CARCINOMA OF THE CERVIX,1
CYTOMEGALOVIRUS TEST NEGATIVE,1
MEDICAL DEVICE SITE OEDEMA,1
CYTOMEGALOVIRUS MONONUCLEOSIS,1
SMALL FONTANELLE,1
MEDICAL DEVICE SITE PUSTULE,1
CYTOKINE TEST,1
CYSTOPROSTATECTOMY,1
CYSTITIS ULCERATIVE,1
MEDICAL DEVICE SITE SCAB,1
PERINEOTOMY,1
SMALL INTESTINE CARCINOMA RECURRENT,1
MEDICAL DEVICE SITE WARMTH,1
SMALL PATELLA SYNDROME,1
SMALL SIZE PLACENTA,1
SMALL-FOR-SIZE LIVER SYNDROME,1
CYST ASPIRATION,1
SMEAR TEST,1
SMEAR VAGINAL ABNORMAL,1
SMITH-MAGENIS SYNDROME,1
DEAF MUTISM,1
SLEEP-RELATED RHYTHMIC MOVEMENT DISORDER,1
MEDICAL DEVICE SITE NODULE,1
MEDICAL DEVICE SITE JOINT SWELLING,1
"DELUSIONAL DISORDER, JEALOUS TYPE",1
DELTARETROVIRUS TEST POSITIVE,1
SKIN ULCER EXCISION,1
DELAYED UMBILICAL CORD CLAMPING,1
DELAYED PASSAGE OF MECONIUM,1
DELAYED MYELINATION,1
DELAYED MENARCHE,1
MEDICAL DEVICE SITE JOINT INFLAMMATION,1
DELAYED ISCHAEMIC NEUROLOGICAL DEFICIT,1
DELAYED FONTANELLE CLOSURE,1
MEDICAL DEVICE SITE MASS,1
DECREASED INSULIN REQUIREMENT,1
PERIORBITAL ABSCESS,1
DEGENERATIVE MULTIVALVULAR DISEASE,1
"SLEEP DISORDER DUE TO GENERAL MEDICAL CONDITION, PARASOMNIA TYPE",1
MEDICAL DEVICE SITE NECROSIS,1
MEDICAL DEVICE SITE NERVE DAMAGE,1
DEEP DISSECTING HAEMATOMA,1
SLEEP RELATED HYPERMOTOR EPILEPSY,1
PERIODONTIC-ENDODONTIC DISEASE,1
DECREASED VENTRICULAR AFTERLOAD,1
PERIODONTAL OPERATION,1
CYP2C19 POLYMORPHISM,1
SMOKING CESSATION THERAPY,1
SMOOTH MUSCLE ANTIBODY,1
MELKERSSON-ROSENTHAL SYNDROME,1
CSF NEUTROPHIL COUNT INCREASED,1
CSF MYELIN BASIC PROTEIN INCREASED,1
CSF LYMPHOCYTE COUNT ABNORMAL,1
CSF LACTATE INCREASED,1
SOMOGYI PHENOMENON,1
SOUTHERN TICK-ASSOCIATED RASH ILLNESS,1
CSF HIV VIRUS IDENTIFIED,1
SPECIAL SENSES CONGENITAL ANOMALY,1
SPECIFIC GRAVITY BODY FLUID DECREASED,1
SPECIFIC GRAVITY BODY FLUID INCREASED,1
CSF CULTURE NEGATIVE,1
CSF RED BLOOD CELL COUNT POSITIVE,1
MEMBRANE STABILISING EFFECT,1
MENARCHE,1
CRYPTOCOCCUS TEST,1
SPERM ANALYSIS ABNORMAL,1
PERINATAL BRAIN DAMAGE,1
CRYOFIBRINOGENAEMIA,1
PERIHEPATITIS,1
SPERMATIC CORD PAIN,1
SPERMATIC CORD PERFORATION,1
SPERMATOCYTIC SEMINOMA,1
CSF PRESSURE DECREASED,1
CSF TEST,1
PERINEAL OPERATION,1
CUTANEOUS COCCIDIOIDOMYCOSIS,1
CYCLODIALYSIS CLEFT,1
SNEDDON^S SYNDROME,1
CYCLITIS,1
CUTIS RHOMBOIDALIS NUCHAE,1
CUTANEOUS T-CELL LYMPHOMA STAGE III,1
MEDICATION DILUTION,1
MEDIUM-CHAIN ACYL-COENZYME A DEHYDROGENASE DEFICIENCY,1
CUTANEOUS LARVA MIGRANS,1
CUTANEOUS HORN OF EYELID,1
CUTANEOUS CONTOUR DEFORMITY,1
MEGAKARYOCYTES,1
CSF VIRUS IDENTIFIED,1
CULTURE URINE,1
CULTURE THROAT,1
CULTURE STOOL,1
SOFT TISSUE SURGERY,1
CULLEN^S SIGN,1
CTLA4 DEFICIENCY,1
SOLID ORGAN TRANSPLANT,1
CSF WHITE BLOOD CELL COUNT POSITIVE,1
CSF WHITE BLOOD CELL COUNT DECREASED,1
SOLUBLE FIBRIN MONOMER COMPLEX INCREASED,1
PERIORBITAL FAT ATROPHY,1
"DEMENTIA OF THE ALZHEIMER^S TYPE, WITH DELUSIONS",1
DEMODEX BLEPHARITIS,1
DIRECTIONAL DOPPLER FLOW TESTS ABNORMAL,1
SIALIC ACID INCREASED,1
MECONIUM STAIN,1
DISINFECTANT POISONING,1
PERIPHERAL BLOOD STEM CELL APHERESIS,1
DISACCHARIDASE DEFICIENCY,1
DISABLED RELATIVE,1
SIDEROPENIC DYSPHAGIA,1
DISABILITY ASSESSMENT SCALE,1
DIROFILARIASIS,1
SIGMOIDOSCOPY ABNORMAL,1
SILENT SINUS SYNDROME,1
DISSEMINATED ESCHERICHIA INFECTION,1
DIMINISHED OVARIAN RESERVE,1
SILVER-RUSSELL SYNDROME,1
PERIPHERAL ARTERY SURGERY,1
DIGITAL PULPITIS,1
DIGESTIVE ENZYME INCREASED,1
PERIPHERAL ARTERY STENT REMOVAL,1
DIFFUSE MESANGIAL SCLEROSIS,1
DIFFUSE LARGE B-CELL LYMPHOMA STAGE II,1
SINUS BAROTRAUMA,1
DIENTAMOEBA INFECTION,1
MECONIUM ILEUS,1
SHOULDER INJURY RELATED TO VACCINE ADMINISTRATION,1
PERIPHERAL ARTERY RESTENOSIS,1
SHEWANELLA ALGAE BACTERAEMIA,1
DRUG ADMINISTERED TO FOETUS,1
MATRIX METALLOPROTEINASE-3 INCREASED,1
PERIPHERAL NERVE PARESIS,1
MAXILLOFACIAL SINUS NEOPLASM,1
MCLEOD NEUROACANTHOCYTOSIS SYNDROME,1
SEXUAL AVERSION DISORDER,1
DOPA-RESPONSIVE DYSTONIA,1
DOLICHOCOLON ACQUIRED,1
DOLICHOCEPHALY,1
SHALLOW ANTERIOR CHAMBER,1
DNA ANTIBODY NEGATIVE,1
DISTRACTION OSTEOGENESIS,1
DNA ANTIBODY,1
SHIGELLA TEST POSITIVE,1
DIVERTICULITIS OESOPHAGEAL,1
DIVERTICULITIS MECKEL^S,1
SHONE COMPLEX,1
DIVERTICULECTOMY,1
DIVERTICULAR HERNIA,1
SHOSHIN BERIBERI,1
MEAN CELL HAEMOGLOBIN NORMAL,1
DISTURBANCE OF THERMOREGULATION OF NEWBORN,1
DIASTEMATOMYELIA,1
DIAPHRAGMATIC PLICATION,1
DENNIE-MORGAN FOLD,1
DERMAL SINUS,1
DETACHMENT OF MACULAR RETINAL PIGMENT EPITHELIUM,1
DESMOPLASTIC SMALL ROUND CELL TUMOUR,1
DESMOPLASTIC MELANOMA,1
SKIN IMPLANT REMOVAL,1
PERIOSTEAL HAEMATOMA,1
DERMATOPHAGIA,1
SKIN INFECTION HELMINTHIC,1
DERMATOLOGIC EXAMINATION,1
SKIN LASER THERAPY,1
DERMATITIS PAPILLARIS CAPILLITII,1
DERMAL FILLER SITE INFECTION,1
DEVICE EFFECT DELAYED,1
MEDICAL DEVICE SITE CALCIFICATION,1
DEPRESSION RATING SCALE SCORE INCREASED,1
DEPILATION,1
MEDICAL DEVICE SITE EXTRAVASATION,1
DENTAL ROOT PERFORATION,1
DENTAL PULP DISORDER,1
SKIN PROCEDURAL COMPLICATION,1
MEDICAL DEVICE SITE HYPERHIDROSIS,1
MEDICAL DEVICE SITE HYPERKERATOSIS,1
DENTAL GANGRENE,1
DETRUSOR SPHINCTER DYSSYNERGIA,1
DEVICE EFFECT INCOMPLETE,1
DIAPHRAGMATIC OPERATION,1
DIABETIC COMPLICATION CARDIOVASCULAR,1
MEDIASTINAL EFFUSION,1
DIAMINE OXIDASE DEFICIENCY,1
DIALYSIS EFFICACY TEST ABNORMAL,1
DIALYSIS DISEQUILIBRIUM SYNDROME,1
PERIPHERAL ARTERY DISSECTION,1
SINUS TARSI SYNDROME,1
DIABETIC MICROANGIOPATHY,1
DIABETIC FOETOPATHY,1
DIABETIC ENDORGAN DAMAGE,1
DIABETIC COMPLICATION NEUROLOGICAL,1
DIABETIC CHEIROARTHROPATHY,1
DEVICE EFFECT VARIABLE,1
DIABETIC BULLOSIS,1
PERIPHERAL ARTERIAL REOCCLUSION,1
DEVICE TOXICITY,1
DEVICE SIGNAL DETECTION ISSUE,1
DEVICE POSITION TEST,1
MEDICAL CANNABIS THERAPY,1
DEVICE INEFFECTIVE SHOCK DELIVERY,1
DEVICE FUNCTION TEST,1
DEVICE ENVIRONMENTAL COMPATIBILITY ISSUE,1
MEDICAL COUNSELLING,1
11-BETA-HYDROXYLASE DEFICIENCY,1
